code,date,open,high,low,close,change,volume,money,traded_market_value,market_value,turnover,adjust_price,report_date,report_type,PE_TTM,PS_TTM,PC_TTM,PB,adjust_price_f
sh601985,2015-06-10,4.07,4.88,4.07,4.88,0.439528,741000.0,3580000.0,18988000000.0,75959000000.0,0.0001899999999999,4.88,2015-08-31,2015-06-30,10.038560037375628,3.2683477662883713,4.967061748605958,1.23509413827714,4.221617549619498
sh601985,2015-06-11,5.37,5.37,5.37,5.37,0.10041,381000.0,2050000.0,20895000000.0,83586000000.0,9.8e-05,5.370000800000001,2015-08-31,2015-06-30,11.04652614284126,3.596520707131213,5.465801594530966,1.3591092384316938,4.645510167776791
sh601985,2015-06-12,5.91,5.91,5.91,5.91,0.100559,394500.0,2330000.0,22996000000.0,91992000000.0,0.000101,5.910002710447201,2015-08-31,2015-06-30,12.157443027926364,3.958212295006515,6.015481304095094,1.4957908867730048,5.112658024738258
sh601985,2015-06-15,6.5,6.5,6.5,6.5,0.0998309999999999,589500.0,3830000.0,25291000000.0,101175000000.0,0.000152,6.500004191033855,2015-08-31,2015-06-30,13.371046377407275,4.353336474337813,6.615970094593239,1.6451065632800543,5.623059788005904
sh601985,2015-06-16,7.15,7.15,7.15,7.15,0.1,807100.0,5770000.0,27821000000.0,111293000000.0,0.000207,7.15000461013724,2015-08-31,2015-06-30,14.70821709395392,4.78869163566571,7.277599799728839,1.8096253496133146,6.185365766806494
sh601985,2015-06-17,7.87,7.87,7.87,7.87,0.100699,1532200.0,12060000.0,30622000000.000008,122500000000.0,0.000394,7.870002924373452,2015-08-31,2015-06-30,16.189307449788892,5.270904058377881,8.010440687795125,1.9918512873912197,6.808225914158141
sh601985,2015-06-18,8.66,8.66,8.66,8.66,0.100381,1332400.0,11540000.0,33696000000.0,134796000000.0,0.000342,8.660001687924984,2015-08-31,2015-06-30,17.81431744491219,5.799973742474325,8.814492758792095,2.1917843766137706,7.491642439647251
sh601985,2015-06-19,9.53,9.53,9.53,9.53,0.100462,7689900.0,73280000.0,37081000000.0,148338000000.0,0.001976,9.530002777497305,2015-08-31,2015-06-30,19.603995824381915,6.382656050707413,9.70002245507064,2.4119774389309288,8.244267822419094
sh601985,2015-06-23,10.48,10.48,10.48,10.48,0.099685,13405400.0,140490000.0,40778000000.0,163125000000.0,0.003445,10.480001104372123,2015-08-31,2015-06-30,21.55821043058623,7.018907955288914,10.666964385278202,2.6524142143321856,9.06609766029694
sh601985,2015-06-24,11.53,11.53,11.53,11.53,0.100191,6919200.0,79780000.0,44863000000.0,179469000000.0,0.001778,11.530002895020269,2015-08-31,2015-06-30,23.718194438417655,7.722154126147102,11.735720651411455,2.9181678260964476,9.97443905097975
sh601985,2015-06-25,12.68,12.68,12.68,12.68,0.09974,5769300.0,73160000.0,49338000000.0,197369000000.0,0.001483,12.68000538376959,2015-08-31,2015-06-30,26.08381569026436,8.492351535493746,12.906225862117845,3.2092220142132053,10.969289601924471
sh601985,2015-06-26,13.95,13.95,13.01,13.95,0.100158,1616476900.0,22291050000.0,54279000000.0,217137000000.0,0.415443,13.950009362997186,2015-08-31,2015-06-30,28.696307361018864,9.342924853257125,14.19888211939404,3.5306499019613655,12.067951709874022
sh601985,2015-06-29,13.7,13.95,12.56,13.23,-0.051613,1705666100.0,22663790000.0,51478000000.0,205930000000.0001,0.4383609999999999,13.23000752974481,2015-08-31,2015-06-30,27.215217005183902,8.86071243054496,13.466041231327761,3.348423964183462,11.445088518272293
sh601985,2015-06-30,12.8,13.66,11.91,13.07,-0.012094,1311217200.0,16530760000.0,50855000000.0,203440000000.0,0.33699,13.070003818680078,2015-08-31,2015-06-30,26.886144551714715,8.753573237848132,13.303216763469717,3.3079365380152637,11.306671617732308
sh601985,2015-07-01,12.6,14.38,12.01,13.32,0.019128,1773514600.0,24113340000.0,51828000000.0,207331000000.0,0.4558,13.32000685172379,2015-08-31,2015-06-30,27.400369819364744,8.920994361857506,13.557654516255111,3.371204238907012,11.522945632436292
sh601985,2015-07-02,12.25,13.0,11.99,11.99,-0.09985,1059540400.0,13092280000.0,46653000000.0,186629000000.0,0.272306,11.990004167579169,2015-08-31,2015-06-30,24.664442939156334,8.03023308988576,12.203922735694011,3.0345895013431505,10.37237951103753
sh601985,2015-07-03,11.25,11.85,10.79,10.79,-0.100083,666030600.0,7354150000.0,41984000000.0,167951000000.0,0.171172,10.790008580475343,2015-08-31,2015-06-30,22.19600306530199,7.226560061294885,10.982543052701052,2.730885025050145,9.334280652434359
sh601985,2015-07-06,11.87,11.87,9.71,10.12,-0.062095,1067461300.0,11480450000.0,39377000000.0,157522000000.0,0.274341,10.120002997670726,2015-08-31,2015-06-30,20.81773133147466,6.7778232578269435,10.300576636921337,2.561309375448488,8.754668495321447
sh601985,2015-07-07,9.31,9.55,9.11,9.11,-0.099802,317142500.0,2924320000.0,35447000000.0,141801000000.0,0.081507,9.110006458497192,2015-08-31,2015-06-30,18.740081515816446,6.101383399037077,9.27255918342887,2.3056857502315293,7.880935070151376
sh601985,2015-07-08,8.2,8.2,8.2,8.2,-0.0998899999999999,47199400.0,387040000.0,31906000000.0,127635999999.99995,0.01213,8.200007913357908,2015-08-31,2015-06-30,16.868068944173505,5.491894778735666,8.346290674509536,2.0753627013670664,7.093708465993956
sh601985,2015-07-09,7.38,9.02,7.38,9.02,0.1,945802900.0,7874380000.0,35097000000.0,140400000000.0,0.243073,9.0200087046937,2015-08-31,2015-06-30,18.554928701635596,6.041101467724527,9.180945898501514,2.2829054755079774,7.803079312593352
sh601985,2015-07-10,9.08,9.92,9.04,9.92,0.0997779999999999,361108600.0,3476180000.0,38599000000.0,154409000000.0,0.092805,9.920007133230628,2015-08-31,2015-06-30,20.40632468583227,6.6438777530617985,10.09701335642251,2.5106919627329867,8.581654960245292
sh601985,2015-07-13,10.68,10.91,10.3,10.91,0.099798,728043000.0,7828810000.0,42451000000.0,169819000000.0,0.187109,10.910004005112778,2015-08-31,2015-06-30,22.442873484209795,7.30693596971162,11.10469409927086,2.7612587246815474,9.438086961967851
sh601985,2015-07-14,11.32,11.97,10.87,11.52,0.055912,1130123200.0,12981600000.0,44824000000.0,179313000000.0,0.290448,11.520004149046644,2015-08-31,2015-06-30,23.697577850971395,7.715441791182963,11.72551960041312,2.9156312644569944,9.965789280185398
sh601985,2015-07-15,10.98,11.23,10.37,10.37,-0.099826,607443000.0,6471090000.0,40350000000.0,161413000000.0,0.156114,10.370008214863914,2015-08-31,2015-06-30,21.33195659912469,6.945244381836318,10.55501438970673,2.6245770763402367,8.97094439950161
sh601985,2015-07-16,9.9,11.33,9.48,10.86,0.0472519999999999,693476000.0,7428420000.0,42256000000.0,169040000000.0,0.178227,10.860011843032662,2015-08-31,2015-06-30,22.33992270459032,7.273417322679159,11.053754235631738,2.74859217649479,9.394839464266859
sh601985,2015-07-17,10.95,11.8,10.66,11.51,0.0598529999999999,707499000.0,7989510000.0,44785000000.0,179158000000.0,0.181831,11.510016131873696,2015-08-31,2015-06-30,23.677093421136966,7.708772484007057,11.715383940767339,2.9131109628280507,9.957148790721623
sh601985,2015-07-20,11.45,11.66,11.0,11.36,-0.013032,718661200.0,8158910000.0,44202000000.0,176823000000.0,0.184697,11.360017601643117,2015-08-31,2015-06-30,23.368505397502215,7.608302598486139,11.56269513255508,2.875143838288797,9.827387227680937
sh601985,2015-07-21,11.02,12.5,10.9,12.18,0.072183,987526600.0,11764910000.0,47392000000.0,189587000000.0,0.2538,12.18001775218252,2015-08-31,2015-06-30,25.0553651549643,8.157509287474998,12.397350356547056,3.0826866124297077,10.536757519936629
sh601985,2015-07-22,11.88,12.1,11.55,11.91,-0.022167,721371600.0,8554130000.0,46342000000.0,185384000000.0,0.185394,11.91002329866989,2015-08-31,2015-06-30,24.499906712421748,7.976663493537348,12.122510501764992,3.0143457882590523,10.303189215992195
sh601985,2015-07-23,11.8,12.7,11.61,12.18,0.02267,778419700.0,9507650000.0,47392000000.0,189587000000.0,0.2000579999999999,12.180023526850736,2015-08-31,2015-06-30,25.0553651549643,8.157509287474998,12.397350356547056,3.0826866124297077,10.536762515518737
sh601985,2015-07-24,12.18,12.28,11.6,11.7,-0.039409,689613100.0,8262500000.0,45525000000.0,182115000000.0,0.177232,11.700020979681074,2015-08-31,2015-06-30,24.067883479333098,7.836005653808064,11.90874617026783,2.961191813904098,10.121519241544659
sh601985,2015-07-27,11.34,11.66,10.53,10.53,-0.1,495968800.0,5514250000.0,40972000000.0,163904000000.0,0.127466,10.530018881712968,2015-08-31,2015-06-30,21.6611612102057,7.052426602321373,10.717904248917323,2.6650807625189428,9.109367317390193
sh601985,2015-07-28,9.7,10.8,9.48,10.01,-0.0493829999999999,511096700.0,5095030000.0,38949000000.0,155810000000.0,0.131353,10.010014959277337,2015-08-31,2015-06-30,20.591477500013124,6.704159684374349,10.188626641349865,2.5334722374565386,8.659519431155513
sh601985,2015-07-29,10.23,10.8,9.86,10.72,0.0709289999999999,407695600.0,4182650000.0,41712000000.0,166861000000.0,0.104778,10.720015310323916,2015-08-31,2015-06-30,22.05195126840183,7.17965977212238,10.911266478417815,2.7131616135949903,9.27373048488794
sh601985,2015-07-30,10.5,11.66,10.39,10.85,0.0121269999999999,625568900.0,6900800000.0,42217000000.0,168885000000.0,0.160775,10.850016935992214,2015-08-31,2015-06-30,22.319438274755896,7.2667480155032536,11.043618575985956,2.7460718748658466,9.386193014478176
sh601985,2015-07-31,10.58,11.19,10.2,10.51,-0.031336,411278000.0,4358330000.0,40894000000.0,163592000000.0,0.105701,10.510020805285961,2015-08-31,2015-06-30,21.61992803531318,7.039001932393097,10.697502146920653,2.6600076392400362,9.092067270176488
sh601985,2015-08-03,10.28,10.79,10.0,10.31,-0.019029,330759900.0,3417090000.0,40116000000.0,160479000000.0,0.085007,10.310025619382175,2015-08-31,2015-06-30,21.20852138967079,6.90505642762795,10.493938866421827,2.609390226524535,8.9190543220923
sh601985,2015-08-04,10.5,11.12,10.31,11.05,0.071775,491393500.0,5286180000.0,42996000000.0,171998000000.0,0.126288,11.05002770821333,2015-08-31,2015-06-30,22.730844920398287,7.400693520268398,11.247181856484783,2.7966892875813474,9.559219446060474
sh601985,2015-08-05,10.9,11.07,10.5,10.66,-0.035294,478950300.0,5175480000.0,41478000000.0,165927000000.0,0.123092,10.66002803027965,2015-08-31,2015-06-30,21.92851605894793,7.139471817914013,10.850190955132911,2.697974763779289,9.221836354931215
sh601985,2015-08-06,10.38,11.08,10.28,10.77,0.010319,384543100.0,4120620000.0,41906000000.0,167639000000.0,0.098829,10.770028859524103,2015-08-31,2015-06-30,22.154769890409472,7.213135391366609,10.962140950704383,2.7258119017712383,9.31699648427775
sh601985,2015-08-07,10.9,11.38,10.78,11.12,0.032498,544224800.0,6072840000.0,43268000000.0,173087000000.0,0.139867,11.120033257400918,2015-08-31,2015-06-30,22.874764559686614,7.447550781652672,11.318393039415467,2.8143964390259923,9.619780236023807
sh601985,2015-08-10,11.65,12.23,11.4,12.23,0.09982,856848600.0,10186800000.0,47587000000.0,190365000000.0,0.220213,12.230034977154677,2015-08-31,2015-06-30,25.15818377697194,8.190984906719228,12.448224828833624,3.0953369006059557,10.580026699183703
sh601985,2015-08-11,12.3,12.72,12.01,12.19,-0.003271,999053800.0,12378490000.0,47431000000.0,189742000000.0,0.256762,12.190030532744403,2015-08-31,2015-06-30,25.07584958479873,8.164178594650906,12.407486016192838,3.085206914058652,10.545419431850673
sh601985,2015-08-12,11.84,12.33,11.72,11.83,-0.029532,473603200.0,5660040000.0,46031000000.0,184139000000.0,0.121716,11.830034551051396,2015-08-31,2015-06-30,24.33537048568716,7.923093897188936,12.041098267835972,2.9941020751749536,10.233992105189259
sh601985,2015-08-13,11.71,12.36,11.68,12.24,0.034658,551241900.0,6669170000.0,47626000000.0,190520000000.0,0.141671,12.240039888521736,2015-08-31,2015-06-30,25.178668206806368,8.197654213895134,12.458360488479407,3.0978572022349,10.58868180357091
sh601985,2015-08-14,12.33,12.39,11.82,11.92,-0.026144,473290200.0,5719430000.0,46381000000.0,185540000000.0,0.121636,11.920036285676224,2015-08-31,2015-06-30,24.52052329986801,7.983375828501487,12.132711552763327,3.0168823498985056,10.311851306498353
sh601985,2015-08-17,11.7,11.85,11.39,11.73,-0.01594,445086600.0,5178100000.0,45641000000.0,182582000000.0,0.11439,11.730030907282545,2015-08-31,2015-06-30,24.129601084060045,7.856099630912247,11.93928393191028,2.9687852388119484,10.14748039667277
sh601985,2015-08-18,11.66,11.78,10.56,10.56,-0.099744,574343700.0,6348720000.0,41089000000.0,164371000000.0,0.147608,10.560030704466556,2015-08-31,2015-06-30,21.722878814932653,7.072520579425557,10.748442010559776,2.6726741874267934,9.13533011198704
sh601985,2015-08-19,10.12,10.79,9.8,10.68,0.011364,389604800.0,4011080000.0,41556000000.0,166238000000.0,0.100129,10.680034893392111,2015-08-31,2015-06-30,21.96961707622862,7.152853460054059,10.87052766577703,2.7030316270476864,9.23914400337966
sh601985,2015-08-20,10.49,10.56,10.1,10.17,-0.047753,225515600.0,2331480000.0,39571000000.0,158300000000.0,0.057959,10.170031187127957,2015-08-31,2015-06-30,20.9205499534823,6.811298877071173,10.351451109207904,2.573959663624736,8.79794715978627
sh601985,2015-08-21,10.04,10.3,9.83,9.99,-0.017699,265529100.0,2671160000.0,38871000000.0,155498000000.0,0.068242,9.99003180514698,2015-08-31,2015-06-30,20.550244325120598,6.690735014446071,10.168224539353195,2.528399114177632,8.642232293005213
sh601985,2015-08-24,9.61,9.7,8.99,8.99,-0.1001,289760700.0,2645020000.0,34980000000.0,139933000000.0,0.07447,8.990029621451768,2015-08-31,2015-06-30,18.493211096908645,6.021007490620343,9.150408136859063,2.2753120506001268,7.777144840475392
sh601985,2015-08-25,8.18,8.6,8.09,8.09,-0.100111,267782300.0,2212180000.0,31478000000.0,125924000000.0,0.068821,8.09002876601861,2015-08-31,2015-06-30,16.64181511271197,5.418231205283072,8.234340678938068,2.047525563375118,6.998567093350561
sh601985,2015-08-26,8.18,8.65,7.69,8.04,-0.00618,388174800.0,3184460000.0,31284000000.0,125146000000.0,0.099761,8.040032388244615,2015-08-31,2015-06-30,16.538996490704335,5.384755586038843,8.183466206651499,2.0348752751988703,6.955315948713654
sh601985,2015-08-27,8.33,8.72,8.02,8.7,0.08209,356065700.0,2982210000.0,33852000000.0,135419000000.0,0.091509,8.700038646995615,2015-08-31,2015-06-30,17.896651637085405,5.826780054542647,8.855231571432881,2.201914363161074,7.526277834943558
sh601985,2015-08-28,8.83,9.49,8.7,9.47,0.088506,419855900.0,3802440000.0,36848000000.0,147404000000.0,0.107904,9.470044267486609,2015-08-31,2015-06-30,19.480560614928017,6.342468096499047,9.638946931785735,2.3967905891152275,8.192398581003072
sh601985,2015-08-31,9.48,9.48,9.01,9.08,-0.041183,294435300.0,2698660000.0,35330000000.0,141334000000.0,0.075671,9.080039434418708,2015-08-31,2015-06-30,18.678363911089495,6.081289421932893,9.242021421786417,2.2980923253236787,7.855011030241622
sh601985,2015-09-01,9.0,9.0,8.3,8.41,-0.073789,277603900.0,2377230000.0,32723000000.0,130905000000.0,0.071346,8.410032404592387,2015-10-30,2015-09-30,16.89017661131531,5.143054204937351,8.145860639618135,2.05476154034106,7.275397621331123
sh601985,2015-09-02,7.95,8.82,7.86,8.16,-0.0297269999999999,259155300.0,2175760000.0,31751000000.0,127014000000.0,0.066603,8.16002737130107,2015-10-30,2015-09-30,16.388135610630634,4.990182856162199,7.903734336201504,1.9936861257009235,7.059121876241813
sh601985,2015-09-07,8.4,8.7,8.3,8.34,0.022059,231738400.0,1969440000.0,32451000000.0,129815000000.0,0.059557,8.340029415084599,2015-10-30,2015-09-30,16.74953803749205,5.100229797287668,8.078032916481634,2.0376522620173003,7.214839045709832
sh601985,2015-09-08,8.36,9.17,8.22,9.17,0.09952,411917300.0,3634850000.0,35680000000.0,142735000000.0,0.105866,9.170029142473819,2015-10-30,2015-09-30,18.416556729048477,5.607836537502255,8.882009231090445,2.2404521482035147,7.932859827538874
sh601985,2015-09-09,9.28,9.57,9.08,9.37,0.02181,493594700.0,4612220000.0,36459000000.0,145848000000.0,0.126854,9.370027478071174,2015-10-30,2015-09-30,18.818215334839124,5.7301414742118535,9.075722719277534,2.289315619232748,8.105875500377499
sh601985,2015-09-10,9.16,9.86,9.07,9.38,0.001067,463845400.0,4384690000.0,36498000000.0,146003000000.0,0.119208,9.380025297390276,2015-10-30,2015-09-30,18.838214398089217,5.736231183556534,9.085367945962084,2.291748590003558,8.1145244695364
sh601985,2015-09-11,9.31,9.52,9.19,9.32,-0.006397,238356800.0,2230520000.0,36264000000.0,145070000000.0,0.061259,9.320021275562869,2015-10-30,2015-09-30,18.71783293994509,5.6995750621463,9.027309904047994,2.277103675621844,8.062615856504776
sh601985,2015-09-14,9.4,9.52,8.39,8.43,-0.095494,332705900.0,2963900000.0,32801000000.0,131216000000.0,0.085507,8.430015163874268,2015-10-30,2015-09-30,16.93030376403002,5.1552729120740945,8.165213320256164,2.0596431784682974,7.2926844179037085
sh601985,2015-09-15,8.3,8.81,8.27,8.37,-0.007117,262879800.0,2232980000.0,32568000000.0,130282000000.0,0.06756,8.370018745952974,2015-10-30,2015-09-30,16.809793279671375,5.118577502216477,8.107093051073145,2.044982567500966,7.240782382901487
sh601985,2015-09-16,8.43,9.21,8.32,9.21,0.100358,397521800.0,3514750000.0,35836000000.0,143357000000.0,0.1021649999999999,9.210017087259324,2015-10-30,2015-09-30,18.496811034477897,5.632273951775743,8.920714592366501,2.2502154244579904,7.967452821284715
sh601985,2015-09-17,9.2,9.64,9.01,9.04,-0.018458,499549000.0,4649140000.0,35175000000.0,140711000000.0,0.128384,9.040018591862692,2015-10-30,2015-09-30,18.155407670866573,5.5283167199949546,8.756061238770922,2.2086822589124235,7.820389577109442
sh601985,2015-09-18,9.17,9.24,8.92,9.16,0.013274,276689000.0,2516820000.0,35642000000.0,142579000000.0,0.071109,9.160015798651077,2015-10-30,2015-09-30,18.396428639583863,5.6017075397101905,8.872301777136963,2.2380034808470874,7.924197428355993
sh601985,2015-09-21,9.16,9.78,9.05,9.7,0.058952,448342700.0,4261810000.0,37743000000.0,150984000000.0,0.115225,9.700017050013155,2015-10-30,2015-09-30,19.480893972597155,5.931926939981367,9.395321972515216,2.3699332829674535,8.391344715152435
sh601985,2015-09-22,9.77,9.79,9.45,9.6,-0.010309,332751900.0,3198660000.0,37354000000.0,149428000000.0,0.085517,9.60001957424457,2015-10-30,2015-09-30,19.28012918280909,5.870794115850261,9.298496342056138,2.3455093957456463,8.304838342483928
sh601985,2015-09-23,9.41,9.67,9.35,9.41,-0.0197919999999999,228193000.0,2160500000.0,36614000000.0,146470000000.0,0.058647,9.410015986831121,2015-10-30,2015-09-30,18.89846964026854,5.754578888485342,9.114428080553594,2.2990788954872237,8.140468982009487
sh601985,2015-09-24,9.48,9.6,9.28,9.59,0.019129,225387300.0,2131760000.0,37315000000.0,149272000000.0,0.057925,9.590020182643215,2015-10-30,2015-09-30,19.260001093344478,5.864665118058196,9.288788888102657,2.3430607283892186,8.296188013166347
sh601985,2015-09-25,9.49,9.49,9.08,9.2,-0.040667,199165400.0,1847070000.0,35797000000.0,143202000000.0,0.051186,9.200022831875662,2015-10-30,2015-09-30,18.476811971227797,5.626184242431064,8.911069365681954,2.2477824536871807,7.958806935234911
sh601985,2015-09-28,9.28,9.3,9.04,9.22,0.0021739999999999,116093700.0,1066670000.0,35875000000.0,143513000000.0,0.029836,9.220023681512158,2015-10-30,2015-09-30,18.516939123942507,5.6384029495678085,8.930422046319983,2.2526640918144185,7.976109381512111
sh601985,2015-09-29,9.06,9.1,8.9,8.94,-0.030369,144211000.0,1297850000.0,34786000000.0,139155000000.0,0.037062,8.940020782328316,2015-10-30,2015-09-30,17.954642881078506,5.4671838958638475,8.65923560831184,2.1842583716906163,7.733882915704969
sh601985,2015-09-30,9.01,9.13,8.97,9.07,0.014541,115655000.0,1046780000.0,35291000000.0,141178000000.0,0.029724,9.070017624524152,2015-10-30,2015-09-30,18.215662913045897,5.546664424923763,8.785121373362431,2.2160125643960895,7.846341307182234
sh601985,2015-10-08,9.49,9.78,9.32,9.55,0.052922,312173500.0,2989970000.0,37159000000.0,148650000000.0,0.08023,9.550021097249218,2015-10-30,2015-09-30,19.179746787915057,5.8402277037847075,9.250083526826598,2.3332974521347425,8.261585381840932
sh601985,2015-10-09,9.5,9.73,9.46,9.66,0.011518,248764400.0,2390920000.0,37587000000.0,150362000000.0,0.063933,9.660018240247334,2015-10-30,2015-09-30,19.400639667167734,5.907489525707878,9.356616611239156,2.360170006712978,8.356742322268975
sh601985,2015-10-12,9.69,10.63,9.65,10.59,0.096273,761726600.0,7911400000.0,41206000000.0,164838000000.0,0.195765,10.590017176290665,2015-10-30,2015-09-30,21.268423148512223,6.476229090053573,10.257418556307048,2.5873937801210003,9.161270975860777
sh601985,2015-10-13,10.3,10.83,10.23,10.76,0.016053,549697800.0,5801280000.0,41867000000.0,167484000000.0,0.141275,10.760018722021659,2015-10-30,2015-09-30,21.60982651212355,6.580186321834362,10.422071909902629,2.628926945666567,9.30833685883627
sh601985,2015-10-14,10.68,10.74,10.45,10.5,-0.0241639999999999,353293400.0,3739430000.0,40855000000.0,163437000000.0,0.090799,10.50001362962273,2015-10-30,2015-09-30,21.08765742197426,6.421185975267146,10.170238152532518,2.5654028636700033,9.083410206979352
sh601985,2015-10-15,10.51,10.98,10.51,10.81,0.029524,389092500.0,4199870000.0,42062000000.0,168262000000.0,0.099997,10.810016032023713,2015-10-30,2015-09-30,21.71020890701758,6.610752733899915,10.47048472513217,2.6411388892774714,9.351588809930211
sh601985,2015-10-16,10.9,10.93,10.55,10.9,0.008326,461296000.0,4971680000.0,42412000000.0,169663000000.0,0.1185539999999999,10.900020225506342,2015-10-30,2015-09-30,21.89097463355555,6.665795848686343,10.5576651289067,2.663129805728469,9.42945013836169
sh601985,2015-10-19,11.22,11.68,11.12,11.3,0.036697,565294000.0,6418790000.0,43968000000.0,175889000000.0,0.145283,11.300018267721748,2015-10-30,2015-09-30,22.694291845136846,6.91040572210554,10.945092105280883,2.7608567477869346,9.775482670089149
sh601985,2015-10-20,11.35,11.5,11.16,11.46,0.014159,346964900.0,3931500000.0,44591000000.0,178379000000.0,0.089171,11.46001522637442,2015-10-30,2015-09-30,23.015567119283553,7.008233956094263,11.100038004922984,2.799941245976073,9.91389372921494
sh601985,2015-10-21,11.5,11.54,10.31,10.46,-0.08726,462723400.0,5078780000.0,40700000000.0,162814000000.0,0.118921,10.460014297720988,2015-10-30,2015-09-30,21.007274090330323,6.396709272546272,10.131470563987527,2.5556238908299096,9.048807362403645
sh601985,2015-10-22,10.62,10.88,10.26,10.79,0.031549,354481500.0,3780530000.0,41984000000.0,167951000000.0,0.091103,10.790017288799788,2015-10-30,2015-09-30,21.670081754302874,6.59853402676317,10.45113204449414,2.636257251150233,9.334288185880117
sh601985,2015-10-23,10.88,10.88,10.5,10.76,-0.00278,305666200.0,3258670000.0,41867000000.0,167484000000.0,0.078558,10.760021040736925,2015-10-30,2015-09-30,21.60982651212355,6.580186321834362,10.422071909902629,2.628926945666567,9.308338864723371
sh601985,2015-10-26,10.88,10.95,10.57,10.65,-0.010223,276156400.0,2953710000.0,41439000000.0,165772000000.0,0.070973,10.650021345637471,2015-10-30,2015-09-30,21.38893363287087,6.5129244999111915,10.315538825490071,2.6020543910883323,9.213179716509305
sh601985,2015-10-27,10.5,10.61,10.05,10.54,-0.010329,257730900.0,2665240000.0,41011000000.0,164059000000.0,0.066238,10.540017275158382,2015-10-30,2015-09-30,21.16791172740368,6.445623389540635,10.208943513808576,2.575166139924479,9.11801678321748
sh601985,2015-10-28,10.4,10.63,10.21,10.26,-0.026565,192102700.0,2000530000.0,39922000000.0,159701000000.0,0.049371,10.2600217162438,2015-10-30,2015-09-30,20.605615484539676,6.274404335836674,9.937757075800432,2.5067604198006763,8.875796667371308
sh601985,2015-10-29,10.32,10.45,10.14,10.35,0.008772,168745600.0,1740480000.0,40272000000.0,161102000000.0,0.043368,10.350022626738692,2015-10-30,2015-09-30,20.786381211077643,6.329447450623101,10.024937479574966,2.528751336251674,8.95365515573749
sh601985,2015-10-30,10.33,10.5,10.17,10.36,0.000966,160499500.0,1660990000.0,40311000000.0,161258000000.0,0.041249,10.360020748596122,2015-10-30,2015-09-30,20.806509300542256,6.335576448415165,10.034644933528446,2.5312000036081015,8.962304386617934
sh601985,2015-11-02,10.16,10.38,10.07,10.12,-0.023166,132518600.0,1352350000.0,39377000000.0,157522000000.0,0.034058,10.120020507934143,2016-04-29,2016-03-31,22.96045165284762,5.9392205395304405,9.977859708101118,2.345393377755227,8.754683643197541
sh601985,2015-11-03,10.18,10.24,10.03,10.09,-0.002964,114807600.0,1161480000.0,39260000000.0,157055000000.0,0.029506,10.090024767148627,2016-04-29,2016-03-31,22.89238159963677,5.921612738766353,9.94827869412413,2.338440071503328,8.728734760879105
sh601985,2015-11-04,10.08,10.64,10.08,10.58,0.048563,285123300.0,2967360000.0,41167000000.0,164682000000.0,0.073277,10.580026639915664,2016-04-29,2016-03-31,24.004095295223856,6.209181681866355,10.431393027320048,2.452000814079851,9.152628307071675
sh601985,2015-11-05,10.55,11.5,10.49,10.96,0.035917,640870200.0,7044250000.0,42645000000.0,170597000000.0,0.164707,10.960029456741514,2016-04-29,2016-03-31,24.866267382466233,6.432201256854754,10.806064756814456,2.54007106350166,9.481363257976767
sh601985,2015-11-06,10.9,11.12,10.8,10.99,0.002737,392133800.0,4292900000.0,42762000000.0,171064000000.0,0.10078,10.990027057364616,2016-04-29,2016-03-31,24.934337435677083,6.449809057618843,10.835645770791443,2.5470243697535593,9.50731374921385
sh601985,2015-11-09,10.88,11.53,10.83,11.17,0.0163789999999999,407314200.0,4558560000.0,43462000000.0,173866000000.0,0.104682,11.17003271053719,2016-04-29,2016-03-31,25.3427577549422,6.555455862203373,11.013131854653377,2.5887442072649556,9.663034041112224
sh601985,2015-11-10,11.03,11.09,10.84,10.99,-0.016115,280395800.0,3076920000.0,42762000000.0,171064000000.0,0.072063,10.990027633406884,2016-04-29,2016-03-31,24.934337435677083,6.449809057618843,10.835645770791443,2.5470243697535593,9.5073142475397
sh601985,2015-11-11,10.94,11.07,10.81,11.0,0.00091,204045800.0,2227210000.0,42801000000.0,171219000000.0,0.05244,11.000028558553284,2016-04-29,2016-03-31,24.956930279890535,6.455653188493432,10.84546388035554,2.5493322122996926,9.515965903504961
sh601985,2015-11-12,11.02,11.4,10.86,11.21,0.019091,430354400.0,4789720000.0,43618000000.0,174488000000.0,0.1106029999999999,11.210030103764625,2016-04-29,2016-03-31,25.4334206523665,6.578907793842052,11.052530978194463,2.5980053560629885,9.697635208568775
sh601985,2015-11-13,11.1,11.16,10.73,10.78,-0.038359,343545900.0,3752650000.0,41945000000.0,167795000000.0,0.088292,10.780024559014317,2016-04-29,2016-03-31,24.45784706320112,6.326554452270225,10.628578672952523,2.498351225990264,9.325643619603284
sh601985,2015-11-16,10.63,10.78,10.54,10.77,-0.0009279999999999,156604100.0,1673030000.0,41906000000.0,167639000000.0,0.040248,10.770020696223552,2016-04-29,2016-03-31,24.435108458702416,6.320672617325475,10.618697220746077,2.4960284941373807,9.316989422324294
sh601985,2015-11-17,10.85,10.95,10.6,10.65,-0.011142,225466500.0,2439630000.0,41439000000.0,165772000000.0,0.057946,10.65002112562623,2016-04-29,2016-03-31,24.16297400614426,6.250279118339281,10.500436507480469,2.468230158436533,9.213179526180756
sh601985,2015-11-18,10.65,10.7,10.3,10.33,-0.030047,193750400.0,2033240000.0,40194000000.0,160791000000.0,0.049795,10.330019940864538,2016-04-29,2016-03-31,23.43694202532359,6.062475144879058,10.18492680594004,2.3940665215185226,8.936351120957603
sh601985,2015-11-19,10.35,10.47,10.27,10.46,0.0125849999999999,129763600.0,1345160000.0,40700000000.0,162814000000.0,0.03335,10.460023241820318,2016-04-29,2016-03-31,23.731815082380447,6.138750478810002,10.313068971412093,2.4241875890722535,9.048815099814853
sh601985,2015-11-20,10.47,10.68,10.41,10.55,0.008604,151532400.0,1603170000.0,41050000000.0,164215000000.0,0.038944,10.55002128179294,2016-04-29,2016-03-31,23.936025242013002,6.191573881102267,10.401812013343058,2.445047507827952,9.126671104933662
sh601985,2015-11-23,10.53,10.65,10.36,10.41,-0.0132699999999999,150814500.0,1577000000.0,40505000000.0,162036000000.0,0.03876,10.410022499383551,2016-04-29,2016-03-31,23.618413580457442,6.109416712226575,10.26378839566456,2.4126037084213374,9.005560179371193
sh601985,2015-11-24,10.35,10.44,10.18,10.35,-0.005764,128175800.0,1317180000.0,40272000000.0,161102000000.0,0.032941,10.350019129697102,2016-04-29,2016-03-31,23.48227347403574,6.0742011106983975,10.204626367710581,2.3986970959175387,8.953652130497296
sh601985,2015-11-25,10.33,10.55,10.29,10.49,0.013527,147518600.0,1539610000.0,40817000000.0,163281000000.0,0.037912,10.490023838464516,2016-04-29,2016-03-31,23.799885135591296,6.156358279574091,10.34264998538908,2.431140895324153,9.074768182866535
sh601985,2015-11-26,10.49,10.53,10.3,10.33,-0.015253,119916200.0,1245740000.0,40194000000.0,160791000000.0,0.030819,10.330019504856418,2016-04-29,2016-03-31,23.43694202532359,6.062475144879058,10.18492680594004,2.3940665215185226,8.936350743773271
sh601985,2015-11-27,10.26,10.3,9.45,9.62,-0.068732,232018500.0,2304030000.0,37431000000.0,149739000000.0,0.0596299999999999,9.620016604248628,2016-04-29,2016-03-31,21.825999352761837,5.645769761485689,9.484863922698755,2.229509903325821,8.322137484452247
sh601985,2015-11-30,9.63,9.8,9.09,9.54,-0.008316,153833900.0,1460350000.0,37120000000.0,148494000000.0,0.039536,9.540016546167696,2016-04-29,2016-03-31,21.64452779762798,5.598828194138173,9.406002332974236,2.2109727164230057,8.252930589131543
sh601985,2015-12-01,9.55,9.67,9.46,9.61,0.007338,102334200.0,978710000.0,37393000000.0,149583000000.0,0.0263,9.610021187583476,2016-04-29,2016-03-31,21.803260748263135,5.63988792654094,9.474982470492309,2.227187171472938,8.313490593794592
sh601985,2015-12-02,9.62,9.87,9.43,9.86,0.0260149999999999,161850000.0,1569480000.0,38365000000.0,153475000000.0,0.041596,9.860025888778457,2016-04-29,2016-03-31,22.370559778448655,5.786632167598395,9.721512034514666,2.2851363533410156,8.529766051592157
sh601985,2015-12-03,9.79,9.99,9.72,9.92,0.006085,118641900.0,1167160000.0,38599000000.0,154409000000.0,0.030491,9.920024146311674,2016-04-29,2016-03-31,22.506699884870358,5.821847769126571,9.780674062468643,2.2990429658448144,8.581669678016095
sh601985,2015-12-04,9.8,9.86,9.63,9.73,-0.019153,111949600.0,1091820000.0,37859000000.0,151451000000.0,0.028772,9.730025923837367,2016-04-29,2016-03-31,22.075540961106544,5.710319129597293,9.593306526400264,2.2550003964805354,8.417304958673052
sh601985,2015-12-07,9.71,9.89,9.71,9.76,0.003083,90696400.0,888250000.0,37976000000.0,151918000000.0,0.023309,9.760023593760558,2016-04-29,2016-03-31,22.143611014317397,5.727926930361381,9.622887540377253,2.2619537027324346,8.443255509860641
sh601985,2015-12-08,9.7,9.71,9.42,9.44,-0.032787,99820000.0,951460000.0,36731000000.0,146937000000.0,0.025654,9.440021700191929,2016-04-29,2016-03-31,21.41757903349672,5.5401229569011585,9.307377838836823,2.1877900658144247,8.16642649145884
sh601985,2015-12-09,9.36,9.53,9.33,9.48,0.0042369999999999,73701300.0,696330000.0,36887000000.0,147560000000.0,0.018941,9.48001907213564,2016-04-29,2016-03-31,21.508387691206277,5.563612592609996,9.346840305020258,2.1970661039192065,8.201027640503149
sh601985,2015-12-10,9.48,9.58,9.43,9.5,0.00211,68006100.0,645860000.0,36964000000.0,147871000000.0,0.017478,9.500021912377846,2016-04-29,2016-03-31,21.553719139918428,5.575338558429335,9.3665398667908,2.2016966783182235,8.21833180882461
sh601985,2015-12-11,9.45,9.52,9.35,9.45,-0.005263,73742600.0,694580000.0,36770000000.0,147093000000.0,0.018952,9.450023297053002,2016-04-29,2016-03-31,21.440317637995424,5.546004791845908,9.317259291043268,2.1901127976673074,8.175078728514766
sh601985,2015-12-14,9.37,9.8,9.34,9.75,0.0317459999999999,112990500.0,1086380000.0,37937000000.0,151763000000.0,0.029039,9.750023736641245,2016-04-29,2016-03-31,22.121018170103945,5.722082799486791,9.613069430813157,2.259645860186301,8.434604777830195
sh601985,2015-12-15,9.74,9.84,9.7,9.74,-0.001026,70181100.0,684710000.0,37898000000.0,151607000000.0,0.018037,9.740020212287451,2016-04-29,2016-03-31,22.098279565605246,5.716200964542042,9.603187978606712,2.257323128333418,8.42595087332814
sh601985,2015-12-16,9.79,9.83,9.72,9.77,0.00308,71875200.0,702260000.0,38015000000.0,152074000000.0,0.018472,9.770019474541296,2016-04-29,2016-03-31,22.166349618816096,5.73380876530613,9.6327689925837,2.2642764345853177,8.451902802017992
sh601985,2015-12-17,10.05,10.11,9.9,9.93,0.016377,144263300.0,1439470000.0,38638000000.0,154564000000.0,0.037076,9.93002308347586,2016-04-29,2016-03-31,22.52929272908381,5.827691900001162,9.790492172032739,2.301350808390948,8.59031961420664
sh601985,2015-12-18,9.91,10.05,9.77,9.96,0.003021,144325400.0,1428680000.0,38754000000.0,155031000000.0,0.037092,9.96002168321104,2016-04-29,2016-03-31,22.59736278229466,5.84529970076525,9.82007318600973,2.308304114642847,8.616270969761159
sh601985,2015-12-21,9.89,10.07,9.85,9.98,0.002008,106668600.0,1064940000.0,38832000000.0,155343000000.0,0.0274139999999999,9.980021406750929,2016-04-29,2016-03-31,22.64283999129206,5.857063370654748,9.83983609042262,2.312949578348613,8.63357244186844
sh601985,2015-12-22,10.03,10.06,9.87,9.92,-0.006012,78952500.0,784040000.0,38599000000.0,154409000000.0,0.020291,9.920021518053543,2016-04-29,2016-03-31,22.506699884870358,5.821847769126571,9.780674062468643,2.2990429658448144,8.581667404347927
sh601985,2015-12-23,9.9,9.9,9.76,9.78,-0.0141129999999999,99442200.0,977380000.0,38054000000.0,152230000000.0,0.025557,9.780020254369253,2016-04-29,2016-03-31,22.189088223314798,5.739690600250879,9.642650444790144,2.2665991664382004,8.460554332270366
sh601985,2015-12-24,9.77,9.8,9.52,9.63,-0.015337,75381000.0,726210000.0,37470000000.0,149895000000.0,0.0193729999999999,9.630024083727992,2016-04-29,2016-03-31,21.848737957260536,5.651651596430437,9.494745374905202,2.2318326351787032,8.330794810476334
sh601985,2015-12-25,9.65,9.7,9.57,9.66,0.0031149999999999,55199600.0,531630000.0,37587000000.0,150362000000.0,0.014187,9.660021608748805,2016-04-29,2016-03-31,21.916808010471385,5.6692593971945255,9.524326388882189,2.238785941430603,8.356745236310969
sh601985,2015-12-28,9.67,9.78,9.45,9.46,-0.020704,99209300.0,954890000.0,36809000000.0,147249000000.0,0.025497,9.460020521361269,2016-04-29,2016-03-31,21.463056242494126,5.551886626790657,9.327140743249714,2.1924355295201905,8.183727182938386
sh601985,2015-12-29,9.46,9.51,9.39,9.5,0.004228,65052200.0,614180000.0,36964000000.0,147871000000.0,0.016719,9.500017488125584,2016-04-29,2016-03-31,21.553719139918428,5.575338558429335,9.3665398667908,2.2016966783182235,8.21832798146785
sh601985,2015-12-30,9.52,9.52,9.4,9.49,-0.001053,51743700.0,489680000.0,36926000000.0,147716000000.0,0.0132979999999999,9.490013969710589,2016-04-29,2016-03-31,21.531126295704976,5.569494427554745,9.356721757226703,2.1993888357720897,8.209674082103364
sh601985,2015-12-31,9.49,9.64,9.43,9.54,0.0052689999999999,78699000.0,750740000.0,37120000000.0,148494000000.0,0.0202259999999999,9.540016853316994,2016-04-29,2016-03-31,21.64452779762798,5.598828194138173,9.406002332974236,2.2109727164230057,8.252930854841965
sh601985,2016-01-04,9.53,9.6,8.71,8.76,-0.081761,76630800.0,708660000.0,34085000000.000008,136353000000.0,0.019694,8.760015535372942,2016-04-29,2016-03-31,19.874852174431076,5.141063078342036,8.636959312214877,2.030201643180371,7.578162975219231
sh601985,2016-01-05,8.5,8.96,8.41,8.84,0.009132,126665400.0,1112530000.0,34396000000.0,137598000000.0,0.032554,8.840011997241966,2016-04-29,2016-03-31,20.05632372956493,5.188004645689552,8.715820901939397,2.0487388300831864,7.647366759508933
sh601985,2016-01-06,8.86,9.0,8.8,8.99,0.016968,80731100.0,719300000.0,34980000000.0,139933000000.0,0.020748,8.99000932081117,2016-04-29,2016-03-31,20.396673995619192,5.276043649509993,8.86372597182434,2.0835053613426835,7.777127278684281
sh601985,2016-01-07,8.87,8.87,8.18,8.24,-0.083426,22716100.0,195280000.0,32062000000.0,128258999999.99995,0.005838,8.240008803213177,2016-04-29,2016-03-31,18.69506842563313,4.835886334477943,8.124263965041969,1.9096875943519478,7.128312658332766
sh601985,2016-01-08,8.52,8.62,8.07,8.44,0.024272,109430000.0,920880000.0,32840000000.0,131372000000.0,0.028124,8.440010296884768,2016-04-29,2016-03-31,19.1488201936104,4.9532591048818135,8.321449610674446,1.9560380062623612,7.3013310631758195
sh601985,2016-01-11,8.31,8.54,8.04,8.08,-0.042654,104017800.0,860750000.0,31439000000.0,125768000000.0,0.026733,8.080010097681445,2016-04-29,2016-03-31,18.331979555080178,4.741965495712754,7.966477442950581,1.872598331239569,6.989900088007119
sh601985,2016-01-12,8.18,8.43,8.01,8.25,0.02104,104375900.0,854770000.0,32101000000.0,128415000000.0,0.026825,8.250013510136663,2016-04-29,2016-03-31,18.71780703013184,4.841768169422694,8.134145417248417,1.9120103262048318,7.136967585858788
sh601985,2016-01-13,8.26,8.31,7.97,7.99,-0.0315149999999999,78197800.0,636880000.0,31089000000.0,124368000000.0,0.020097,7.990014334364706,2016-04-29,2016-03-31,18.12791515573287,4.689179797490648,7.877797743661964,1.8517533017906203,6.9120460523904494
sh601985,2016-01-14,7.82,8.14,7.81,8.13,0.017522,76008100.0,610240000.0,31634000000.0,126547000000.0,0.019534,8.130015365531445,2016-04-29,2016-03-31,18.445526817288428,4.7713369663663405,8.015821361340462,1.8841971011972343,7.033158923320435
sh601985,2016-01-15,8.09,8.09,7.81,7.87,-0.03198,70136400.0,557980000.0,30622000000.000008,122500000000.0,0.018025,7.87001747414175,2016-04-29,2016-03-31,17.85563494288946,4.618748594434295,7.759473687754009,1.8239400767830227,6.808238500952648
sh601985,2016-01-18,7.74,7.95,7.7,7.85,-0.002541,68649600.0,538590000.0,30544000000.0,122188000000.0,0.017643,7.850019759739956,2016-04-29,2016-03-31,17.810157733892062,4.606984924544797,7.739710783341118,1.819294613077257,6.790938766921728
sh601985,2016-01-19,7.86,8.32,7.81,8.17,0.040764,109440700.0,886340000.0,31789000000.0,127169000000.0,0.028127,8.170017965225995,2016-04-29,2016-03-31,18.536189714712734,4.794788898005019,8.055220484881549,1.893458249995267,7.067764594816524
sh601985,2016-01-20,8.1,8.29,8.05,8.1,-0.008568,110164400.0,900420000.0,31517000000.0,126080000000.0,0.0283129999999999,8.100017251299938,2016-04-29,2016-03-31,18.37745676407758,4.753729165602252,7.986240347363472,1.8772437949453349,7.007207987768137
sh601985,2016-01-21,8.05,8.14,7.85,7.86,-0.02963,76124400.0,608660000.0,30583000000.0,122344000000.0,0.0195639999999999,7.8600137401439225,2016-04-29,2016-03-31,17.832896338390764,4.612866759489545,7.749592235547563,1.82161734493014,6.7995844150905675
sh601985,2016-01-22,7.97,8.0,7.77,7.9,0.005089,60543200.0,477990000.0,30739000000.0,122967000000.0,0.01556,7.900013350067514,2016-04-29,2016-03-31,17.923704996100316,4.6363563951983835,7.789054701730999,1.830893383034922,6.834187500178962
sh601985,2016-01-25,7.93,7.98,7.87,7.91,0.001266,43453600.0,344460000.0,30778000000.0,123122000000.0,0.011168,7.910014766968699,2016-04-29,2016-03-31,17.946297840313765,4.6422005260729735,7.7988728112950945,1.833201225581056,6.8428395815541885
sh601985,2016-01-26,7.84,7.85,7.22,7.25,-0.083439,94439100.0,713010000.0,28210000000.000008,112849000000.0,0.024271,7.250011044827598,2016-04-29,2016-03-31,16.448902429960267,4.254866613333189,7.148153846443691,1.6802433773460193,6.271879889708889
sh601985,2016-01-27,7.29,7.34,6.82,7.12,-0.017931,90546000.0,640720000.0,27704000000.000004,110826000000.0,0.023271,7.120011096782795,2016-04-29,2016-03-31,16.154029372903405,4.178591279402246,7.020011680971639,1.6501223097922881,6.159418811406519
sh601985,2016-01-28,7.08,7.18,6.81,6.88,-0.033708,61166600.0,428460000.0,26770000000.0,107090000000.0,0.0157199999999999,6.88000976273244,2016-04-29,2016-03-31,15.609468947216591,4.03772887328954,6.783363569155729,1.5944958597770933,5.9517971221116275
sh601985,2016-01-29,6.88,7.11,6.83,7.08,0.02907,82732900.0,581210000.0,27548000000.0,110203000000.0,0.021263,7.0800116465350715,2016-04-29,2016-03-31,16.063220715193857,4.155101643693409,6.980549214788204,1.6408462716875056,6.124815864451413
sh601985,2016-02-01,7.06,7.07,6.82,6.9,-0.025424,53952400.0,375270000.0,26848000000.0,107401000000.0,0.013866,6.900009430433564,2016-04-29,2016-03-31,15.654800395928742,4.049454839108879,6.8030631309262715,1.5991264341761098,5.9690985459136
sh601985,2016-02-02,6.89,7.19,6.89,7.09,0.027536,68282000.0,483310000.0,27587000000.0,110358999999.99995,0.017549,7.090008090109983,2016-04-29,2016-03-31,16.08595931969255,4.1609834786381565,6.990430666994648,1.6431690035403883,6.133463643473877
sh601985,2016-02-03,7.01,7.05,6.92,7.04,-0.0070519999999999,55714500.0,388920000.0,27393000000.0,109580000000.0,0.014319,7.040009353058527,2016-04-29,2016-03-31,15.972412057484306,4.131612007984572,6.94108674860477,1.6315702335827236,6.090210457860099
sh601985,2016-02-04,7.06,7.17,7.06,7.13,0.012784,65972500.0,469940000.0,27743000000.0,110981000000.0,0.016955,7.130008832628027,2016-04-29,2016-03-31,16.176622217116858,4.184435410276836,7.029829790535736,1.6524301523384217,6.168067708353383
sh601985,2016-02-05,7.14,7.15,7.06,7.07,-0.008415,49047500.0,348160000.0,27509000000.0,110047000000.0,0.012606,7.070009808301462,2016-04-29,2016-03-31,16.040482110695155,4.14921980874866,6.970667762581759,1.638523539834623,6.116163418587589
sh601985,2016-02-15,6.83,6.98,6.82,6.94,-0.0183879999999999,46168100.0,318970000.0,27004000000.000004,108024000000.0,0.011865,6.940006467946417,2016-04-29,2016-03-31,15.745609053638296,4.072944474817716,6.842525597109708,1.6084024722808918,6.003699405646602
sh601985,2016-02-16,6.96,7.24,6.96,7.19,0.036023,118240900.0,844750000.0,27976000000.0,111915000000.0,0.030389,7.19000632094125,2016-04-29,2016-03-31,16.312762323538564,4.219651011805013,7.088991818489713,1.6663367648422205,6.219970669336209
sh601985,2016-02-17,7.18,7.33,7.14,7.28,0.012517,123642000.0,895480000.0,28326000000.0,113316000000.0,0.031777,7.280003630060471,2016-04-29,2016-03-31,16.51697248317112,4.272474414097278,7.1777348604206805,1.6871966835979184,6.2978260422042895
sh601985,2016-02-18,7.29,7.33,7.21,7.24,-0.005495,96230400.0,700510000.0,28171000000.0,112693000000.0,0.024731,7.240000010113289,2016-04-29,2016-03-31,16.42616382546157,4.248984778388441,7.138272394237246,1.6779206454931364,6.2632194881023775
sh601985,2016-02-19,7.22,7.26,7.16,7.23,-0.001381,54624700.0,393790000.0,28132000000.0,112538000000.0,0.014039,7.230001570099323,2016-04-29,2016-03-31,16.403570981248116,4.24314064751385,7.128454284673148,1.6756128029470023,6.254569981989309
sh601985,2016-02-22,7.29,7.42,7.25,7.39,0.02213,112181600.0,824030000.0,28754000000.000008,115028000000.0,0.028832,7.39000150484562,2016-04-29,2016-03-31,16.766514091515827,4.337023782208882,7.28617746412219,1.712687176752633,6.392983615690731
sh601985,2016-02-23,7.39,7.63,7.35,7.47,0.010825,142121200.0,1061920000.0,29066000000.000008,116274000000.0,0.036525,7.469998271135575,2016-04-29,2016-03-31,16.94813140693493,4.384003053626556,7.365102396489058,1.7312392529621976,6.4621876633305835
sh601985,2016-02-24,7.4,7.49,7.3,7.45,-0.002677,85617200.0,633410000.0,28988000000.0,115961999999.99995,0.022004,7.450001085763744,2016-04-29,2016-03-31,16.902654197937526,4.372239383737057,7.345339492076163,1.726593789256431,6.4448883869558475
sh601985,2016-02-25,7.43,7.43,6.81,6.87,-0.077852,117956000.0,839920000.0,26731000000.0,106933999999.99995,0.0303149999999999,6.870003601234865,2016-04-29,2016-03-31,15.586730342717884,4.031847038344789,6.77348211694928,1.5921731279242093,5.943140936254561
sh601985,2016-02-26,6.95,7.03,6.85,6.99,0.017467,63752000.0,443230000.0,27198000000.0,108802000000.0,0.016385,6.990001954137634,2016-04-29,2016-03-31,15.859010555561298,4.102278241401144,6.891806172857239,1.6199863529318075,6.046949778988118
sh601985,2016-02-29,6.97,7.0,6.6,6.8,-0.0271819999999999,76876800.0,518450000.0,26459000000.0,105845000000.0,0.019757,6.799999721020265,2016-04-29,2016-03-31,15.427997392082734,3.990787305942024,6.704501979431209,1.5759586728742778,5.882581590095664
sh601985,2016-03-01,6.83,6.93,6.75,6.91,0.016176,51832400.0,354660000.0,26887000000.0,107557000000.0,0.013321,6.90999651650749,2016-04-29,2016-03-31,15.677539000427444,4.0553366740536285,6.812944583132719,1.6014491660289927,5.977738229897052
sh601985,2016-03-02,6.91,7.24,6.9,7.2,0.041968,109238900.0,773140000.0,28015000000.0,112071000000.0,0.028075,7.199995250312276,2016-04-29,2016-03-31,16.335500928037263,4.225532846749761,7.09887327069616,1.6686594966951032,6.228611947929372
sh601985,2016-03-03,7.18,7.22,7.13,7.17,-0.004167,91058100.0,653590000.0,27898000000.0,111604000000.0,0.023403,7.169992870104225,2016-04-29,2016-03-31,16.26743087482641,4.207925045985673,7.069292256719171,1.6617061904432038,6.2026573219423495
sh601985,2016-03-04,7.15,7.28,7.03,7.27,0.013947,140465000.0,1007900000.0,28288000000.0,113159999999.99995,0.036099,7.269992760663568,2016-04-29,2016-03-31,16.494233878672414,4.266592579152528,7.167853408214231,1.684873951745035,6.289165783611479
sh601985,2016-03-07,7.27,7.38,7.24,7.29,0.002751,85420300.0,623260000.0,28365000000.0,113472000000.0,0.0219539999999999,7.289992510748153,2016-04-29,2016-03-31,16.53971108766982,4.278356249042027,7.187616312627125,1.6895194154508013,6.306467278682194
sh601985,2016-03-08,7.27,7.27,7.0,7.25,-0.005487,71909200.0,512210000.0,28210000000.000008,112849000000.0,0.018481,7.2499923218416775,2016-04-29,2016-03-31,16.448902429960267,4.254866613333189,7.148153846443691,1.6802433773460193,6.2718636927240645
sh601985,2016-03-09,7.1,7.23,7.01,7.22,-0.004138,71094500.0,504800000.0,28093000000.0,112382000000.0,0.018272,7.219991853613897,2016-04-29,2016-03-31,16.380832376749417,4.2372588125691015,7.118572832466703,1.6732900710941196,6.245910720763573
sh601985,2016-03-10,7.15,7.2,7.01,7.03,-0.026316,38947700.0,276280000.0,27354000000.000004,109425000000.0,0.01001,7.029990547994194,2016-04-29,2016-03-31,15.949819213270851,4.125767877109982,6.931268639040674,1.62926239103659,6.081543334235959
sh601985,2016-03-11,6.93,7.08,6.92,7.07,0.00569,40971000.0,287460000.0,27509000000.0,110047000000.0,0.01053,7.06999119421228,2016-04-29,2016-03-31,16.040482110695155,4.14921980874866,6.970667762581759,1.638523539834623,6.11614731580776
sh601985,2016-03-14,7.12,7.28,7.11,7.19,0.016973,77688900.0,560860000.0,27976000000.0,111915000000.0,0.019967,7.189990154751644,2016-04-29,2016-03-31,16.312762323538564,4.219651011805013,7.088991818489713,1.6663367648422205,6.219956684198965
sh601985,2016-03-15,7.16,7.33,7.08,7.3,0.015299,87278700.0,629080000.0,28404000000.000008,113627000000.0,0.022431,7.299989814129189,2016-04-29,2016-03-31,16.56230393188327,4.2842003799166175,7.197434422191224,1.691827257996935,6.315115801510524
sh601985,2016-03-16,7.25,7.32,7.22,7.3,0.0,104693300.0,762770000.0,28404000000.000008,113627000000.0,0.026907,7.299989814129189,2016-04-29,2016-03-31,16.56230393188327,4.2842003799166175,7.197434422191224,1.691827257996935,6.315115801510524
sh601985,2016-03-17,7.32,7.39,7.22,7.34,0.0054789999999999,97073400.0,710120000.0,28560000000.000008,114250000000.0,0.0249479999999999,7.339986458320801,2016-04-29,2016-03-31,16.653112589592823,4.307690015625454,7.236896888374658,1.7011032961017172,6.349716320987
sh601985,2016-03-18,7.39,7.63,7.33,7.44,0.013624,217892400.0,1624400000.0,28949000000.0,115807000000.0,0.055999,7.439986433828964,2016-04-29,2016-03-31,16.88006135372408,4.366395252862468,7.33552138251207,1.724285946710298,6.436224856144126
sh601985,2016-03-21,7.51,7.67,7.44,7.57,0.017473,193975100.0,1465500000.0,29455000000.0,117830000000.0,0.049852,7.569985316787259,2016-04-29,2016-03-31,17.17493441078094,4.442670586793412,7.463663547984122,1.7544070142640291,6.548685013055533
sh601985,2016-03-22,7.53,7.94,7.48,7.8,0.0303829999999999,243568300.0,1886830000.0,30350000000.0,121409999999.99995,0.062597,7.799984180667204,2016-04-29,2016-03-31,17.696756231969047,4.577651157961367,7.690430207593582,1.8077107324263406,6.7476537098071985
sh601985,2016-03-23,7.7,7.77,7.64,7.71,-0.011538,117819400.0,907320000.0,30000000000.0,120008999999.99995,0.03028,7.709987963190666,2016-04-29,2016-03-31,17.492546072336495,4.524827755669103,7.601687165662616,1.7868508136706425,6.669799281303442
sh601985,2016-03-24,7.72,8.02,7.71,7.73,0.002594,190696500.0,1502230000.0,30077000000.0,120321000000.0,0.04901,7.729987671967183,2016-04-29,2016-03-31,17.5380232813339,4.536591425558602,7.621450070075511,1.791496277376409,6.687100740639144
sh601985,2016-03-25,7.62,7.91,7.62,7.89,0.020699,123008100.0,958980000.0,30700000000.0,122810999999.99995,0.031613,7.889990686789232,2016-04-29,2016-03-31,17.900966391601607,4.6304745602536315,7.779173249524549,1.8285706511820385,6.825517038869633
sh601985,2016-03-28,7.96,7.99,7.7,7.77,-0.015209,108117900.0,848660000.0,30233000000.0,120943000000.0,0.027787,7.769991818433853,2016-04-29,2016-03-31,17.628686178758205,4.560043357197281,7.660849193616596,1.800757426174442,6.721707750225465
sh601985,2016-03-29,7.74,7.8,7.51,7.57,-0.02574,83428200.0,635010000.0,29455000000.0,117830000000.0,0.0214409999999999,7.569992229027367,2016-04-29,2016-03-31,17.17493441078094,4.442670586793412,7.463663547984122,1.7544070142640291,6.548690992734662
sh601985,2016-03-30,7.63,7.79,7.63,7.78,0.027741,79663100.0,613940000.0,30272000000.000008,121099000000.0,0.020474,7.779991383452814,2016-04-29,2016-03-31,17.651424783256907,4.565925192142029,7.670730645823044,1.8030801580273248,6.730358229564114
sh601985,2016-03-31,7.82,7.87,7.68,7.72,-0.007712,94328400.0,731880000.0,30039000000.0,120165000000.0,0.024242,7.719992089903627,2016-04-29,2016-03-31,17.5152846768352,4.530709590613853,7.6115686178690645,1.7891735455235258,6.678453706897716
sh601985,2016-04-01,7.74,7.78,7.57,7.71,-0.001295,73072100.0,560940000.0,30000000000.0,120008999999.99995,0.01878,7.709994700147201,2016-04-29,2016-03-31,17.492546072336495,4.524827755669103,7.601687165662616,1.7868508136706425,6.6698051093472825
sh601985,2016-04-05,7.71,7.84,7.71,7.8,0.011673,105819100.0,824200000.0,30350000000.0,121409999999.99995,0.0271959999999999,7.79999346828202,2016-04-29,2016-03-31,17.696756231969047,4.577651157961367,7.690430207593582,1.8077107324263406,6.747661744388694
sh601985,2016-04-06,7.8,7.82,7.74,7.79,-0.001282,95183000.0,740360000.0,30311000000.0,121254000000.0,0.024462,7.789993876655682,2016-04-29,2016-03-31,17.674017627470356,4.57176932301662,7.68054875538714,1.8053880005734584,6.739011242032388
sh601985,2016-04-07,7.82,7.87,7.66,7.68,-0.014121,91722300.0,708760000.0,29883000000.0,119542000000.0,0.023573,7.6799913731234275,2016-04-29,2016-03-31,17.42447601912565,4.507219954905016,7.57210615168563,1.7798975074187438,6.643849664283648
sh601985,2016-04-08,7.62,7.65,7.47,7.53,-0.019531,74659600.0,563180000.0,29299000000.0,117207000000.0,0.019188,7.5299934616149535,2016-04-29,2016-03-31,17.084125753071387,4.4191809510845745,7.424201081800687,1.745130976159247,6.514088636490524
sh601985,2016-04-11,7.56,7.71,7.56,7.65,0.015936,58501900.0,447870000.0,29766000000.000008,119075000000.0,0.015035,7.649991437419249,2016-04-29,2016-03-31,17.356405965914796,4.489612154140928,7.542525137708642,1.7729442011668444,6.617897153001637
sh601985,2016-04-12,7.65,7.66,7.48,7.56,-0.011765,49604800.0,374780000.0,29416000000.000008,117674000000.0,0.012749,7.559989288158012,2016-04-29,2016-03-31,17.15219580628224,4.436788751848662,7.453782095777676,1.7520842824111462,6.540037592996573
sh601985,2016-04-13,7.6,7.75,7.58,7.64,0.010582,126815700.0,974220000.0,29727000000.0,118920000000.0,0.032592,7.639989094805301,2016-04-29,2016-03-31,17.333813121701343,4.483768023266337,7.532707028144546,1.7706363586207106,6.609244270805664
sh601985,2016-04-14,7.69,7.71,7.62,7.68,0.005236,53876200.0,412570000.0,29883000000.0,119542000000.0,0.013846,7.679992077705702,2016-04-29,2016-03-31,17.42447601912565,4.507219954905016,7.57210615168563,1.7798975074187438,6.643850273807603
sh601985,2016-04-15,7.68,7.69,7.57,7.62,-0.007812,52910900.0,403170000.0,29649000000.0,118608000000.0,0.0135979999999999,7.619995979594665,2016-04-29,2016-03-31,17.288335912703946,4.47200435337684,7.5129441237316525,1.7659908949149452,6.5919485154686175
sh601985,2016-04-18,7.58,7.58,7.43,7.47,-0.019685,60776600.0,454920000.0,29066000000.000008,116274000000.0,0.0156199999999999,7.469996358736344,2016-04-29,2016-03-31,16.94813140693493,4.384003053626556,7.365102396489058,1.7312392529621976,6.462186008941618
sh601985,2016-04-19,7.52,7.54,7.41,7.46,-0.001339,36885575.0,275131910.0,29026860477.44,116118107800.0,0.00948,7.459994033611996,2016-04-29,2016-03-31,16.92540851539498,4.378125283180571,7.3552277726194575,1.728918126176582,6.453533141875645
sh601985,2016-04-20,7.49,7.5,7.01,7.22,-0.032172,109373748.0,788359721.0,28093020462.08,112382404600.0,0.028109,7.219991105562631,2016-04-29,2016-03-31,16.380891351360827,4.237274067635887,7.118598460899796,1.6732960953076303,6.245910073635222
sh601985,2016-04-21,7.16,7.2,7.08,7.11,-0.015235,44793688.0,320058763.0,27665010455.04,110670207300.0,0.011512,7.109994541069384,2016-04-29,2016-03-31,16.13132098451184,4.1727172605112415,7.010143359694952,1.6478026644926942,6.150753633663389
sh601985,2016-04-22,7.08,7.14,7.05,7.13,0.002813,32669267.0,231889735.0,27742830456.32,110981515900.0,0.0083959999999999,7.129994955713412,2016-04-29,2016-03-31,16.176697414848018,4.184454861806631,7.029862469004923,1.6524378337317736,6.168055703634884
sh601985,2016-04-25,7.11,7.11,7.02,7.08,-0.0070129999999999,30233638.0,213514130.0,27548280453.12,110203244400.0,0.00777,7.0799923010889945,2016-04-29,2016-03-31,16.06325633900757,4.155110858568156,6.980564695729995,1.6408499106340753,6.124799128985293
sh601985,2016-04-26,7.08,7.13,7.05,7.12,0.00565,29329060.0,207885302.0,27703920455.68,110825861600.0,0.0075379999999999,7.119994257590147,2016-04-29,2016-03-31,16.15400919967993,4.178586061158937,7.020002914349938,1.650120249112234,6.159404244064059
sh601985,2016-04-27,7.13,7.15,7.07,7.09,-0.004213,32613365.0,231821395.0,27587190453.76,110358898700.0,0.0083819999999999,7.089997721782919,2016-04-29,2016-03-31,16.085944554175658,4.160979659215851,6.99042425038498,1.6431674952536148,6.133454673983818
sh601985,2016-04-28,7.09,7.16,7.01,7.13,0.005642,45480396.0,321751003.0,27742830456.32,110981515900.0,0.011689,7.129999488929218,2016-04-29,2016-03-31,16.176697414848018,4.184454861806631,7.029862469004923,1.6524378337317736,6.1680596252544335
sh601985,2016-04-29,7.09,7.13,7.06,7.08,-0.0070129999999999,29682013.0,210164947.0,27548280453.12,110203244400.0,0.007628,7.0799968025133575,2016-04-29,2016-03-31,16.06325633900757,4.155110858568156,6.980564695729995,1.6408499106340753,6.124803023102524
sh601985,2016-05-03,7.08,7.18,7.04,7.18,0.014124,50668337.0,361607826.0,27937380459.52,111759787400.0,0.013022,7.179994677352057,2016-08-25,2016-06-30,15.797190056631765,4.072915594828816,6.930877450012113,1.6588677197809967,6.211309741000824
sh601985,2016-05-04,7.15,7.21,7.12,7.17,-0.001393,43337664.0,310495803.0,27898470458.88,111604133100.0,0.011138,7.169992944766506,2016-08-25,2016-06-30,15.775188399171276,4.067243010434904,6.9212244173519295,1.6565573190570677,6.202657386531611
sh601985,2016-05-05,7.13,7.17,7.12,7.14,-0.004184,31646014.0,225883520.0,27781740456.96,111137170200.0,0.008133,7.139993694285602,2016-08-25,2016-06-30,15.709183426789805,4.050225257253167,6.892265319371377,1.6496261168852808,6.176705468026363
sh601985,2016-05-06,7.15,7.16,6.94,6.96,-0.02521,73445260.0,516793771.0,27081360445.44,108335392800.0,0.018876,6.959994453252662,2016-08-25,2016-06-30,15.313153592500987,3.948118738162752,6.718510731488065,1.6080389038545595,6.020990723177418
sh601985,2016-05-09,6.95,6.95,6.73,6.76,-0.028736,58480368.0,397913094.0,26303160432.64,105222306800.0,0.01503,6.759992052643994,2016-08-25,2016-06-30,14.873120443291187,3.8346670502845117,6.525450078284385,1.5618308893759802,5.8479715337561915
sh601985,2016-05-10,6.74,6.89,6.73,6.81,0.007396,37867394.0,257231541.0,26497710435.84,106000578300.0,0.009732,6.809988953865349,2016-08-25,2016-06-30,14.983128730593638,3.8630299722540715,6.573715241585305,1.573382892995625,5.891223131219853
sh601985,2016-05-11,6.82,6.84,6.76,6.77,-0.005874,31047470.0,211032676.0,26342070433.28,105377961100.0,0.007979,6.7699870787503444,2016-08-25,2016-06-30,14.89512210075168,3.840339634678424,6.53510311094457,1.5641412900999092,5.856618086547067
sh601985,2016-05-12,6.73,6.79,6.62,6.76,-0.001477,35022162.0,235302573.0,26303160432.64,105222306800.0,0.009001,6.75998780783503,2016-08-25,2016-06-30,14.873120443291187,3.8346670502845117,6.525450078284385,1.5618308893759802,5.847967861633237
sh601985,2016-05-13,6.73,6.78,6.71,6.74,-0.002959,23256713.0,156783186.0,26225340431.36,104910998200.0,0.005977,6.739985003911646,2016-08-25,2016-06-30,14.829117128370209,3.823321881496688,6.506144012964017,1.5572100879281223,5.830663724730664
sh601985,2016-05-16,6.73,6.82,6.71,6.79,0.007418,32318970.0,218547265.0,26419890434.56,105689269700.0,0.008306,6.789982212670662,2016-08-25,2016-06-30,14.939125415672658,3.851684803466248,6.5544091762649375,1.5687620915477671,5.873915588240716
sh601985,2016-05-17,6.77,6.79,6.71,6.75,-0.0058909999999999,25792873.0,174075103.0,26264250432.0,105066652500.0,0.006629,6.74998242745582,2016-08-25,2016-06-30,14.851118785830698,3.8289944658905997,6.515797045624201,1.5595204886520513,5.839312351510391
sh601985,2016-05-18,6.71,6.73,6.58,6.64,-0.016296,50699195.0,336777050.0,25836240424.96,103354455200.0,0.01303,6.639984713818,2016-08-25,2016-06-30,14.609100553765309,3.7665960375575676,6.409613686362177,1.5341060806888327,5.744154917430178
sh601985,2016-05-19,6.64,6.69,6.61,6.64,0.0,24485411.0,162982593.0,25836240424.96,103354455200.0,0.006293,6.639984713818,2016-08-25,2016-06-30,14.609100553765309,3.7665960375575676,6.409613686362177,1.5341060806888327,5.744154917430178
sh601985,2016-05-20,6.61,6.66,6.58,6.65,0.001506,22974061.0,152242331.0,25875150425.6,103510109500.0,0.0059039999999999,6.649984530797011,2016-08-25,2016-06-30,14.6311022112258,3.77226862195148,6.419266719022361,1.5364164814127617,5.752805614735828
sh601985,2016-05-23,6.65,6.71,6.64,6.68,0.004511,31159588.0,207993694.0,25991880427.52,103977072400.0,0.008008,6.6799826110154354,2016-08-25,2016-06-30,14.697107183607269,3.7892863751332158,6.448225817002913,1.5433476835845485,5.778756520863901
sh601985,2016-05-24,6.67,7.0,6.63,6.83,0.022455,95947055.0,656718791.0,26575530437.12,106311886900.0,0.024659,6.8299816205457855,2016-08-25,2016-06-30,15.027132045514618,3.8743751410418956,6.593021306905674,1.578003694443483,5.908518498539898
sh601985,2016-05-25,6.82,6.86,6.73,6.78,-0.0073209999999999,48288436.0,327839446.0,26380980433.92,105533615400.0,0.01241,6.77997932510177,2016-08-25,2016-06-30,14.917123758212169,3.846012219072336,6.544756143604753,1.5664516908238382,5.865262234612088
sh601985,2016-05-26,6.76,6.8,6.65,6.75,-0.004425,32193037.0,215766242.0,26264250432.0,105066652500.0,0.008274,6.749977916588194,2016-08-25,2016-06-30,14.851118785830698,3.8289944658905997,6.515797045624201,1.5595204886520513,5.839308449223929
sh601985,2016-05-27,6.73,6.76,6.69,6.72,-0.004444,21822331.0,146811450.0,26147520430.08,104599689600.0,0.005608,6.719981014726876,2016-08-25,2016-06-30,14.785113813449229,3.8119767127088635,6.486837947643649,1.5525892864802644,5.813358562475578
sh601985,2016-05-30,6.7,6.8,6.65,6.75,0.004464,26140679.0,176052010.0,26264250432.0,105066652500.0,0.006718,6.7499790099766175,2016-08-25,2016-06-30,14.851118785830698,3.8289944658905997,6.515797045624201,1.5595204886520513,5.83930939509847
sh601985,2016-05-31,6.75,6.93,6.74,6.93,0.026667,89169580.0,613332124.0,26964630443.52,107868429900.0,0.022917,6.929980700235664,2016-08-25,2016-06-30,15.247148620119516,3.9311009849810157,6.689551633507513,1.6011077016827726,5.99502625873756
sh601985,2016-06-01,6.92,6.96,6.88,6.9,-0.0043289999999999,50389280.0,348340500.0,26847900441.6,107401467000.0,0.01295,6.899980813784344,2016-08-25,2016-06-30,15.181143647738049,3.91408323179928,6.660592535526962,1.594176499510986,5.969073790063486
sh601985,2016-06-02,6.9,6.92,6.85,6.9,0.0,32012757.0,220394981.0,26847900441.6,107401467000.0,0.008227,6.899980813784344,2016-08-25,2016-06-30,15.181143647738049,3.91408323179928,6.660592535526962,1.594176499510986,5.969073790063486
sh601985,2016-06-03,6.91,7.06,6.89,7.03,0.018841,72384575.0,504033198.0,27353730449.92,109424972900.0,0.018603,7.029983352296856,2016-08-25,2016-06-30,15.467165194724418,3.9878268289201357,6.786081960109353,1.6242117089220625,6.081537109342073
sh601985,2016-06-06,7.04,7.06,6.9,6.93,-0.014225,54752144.0,380857764.0,26964630443.52,107868429900.0,0.014071,6.929981839110433,2016-08-25,2016-06-30,15.247148620119516,3.9311009849810157,6.689551633507513,1.6011077016827726,5.995027243961681
sh601985,2016-06-07,6.9,6.94,6.85,6.88,-0.007215,35590792.0,245024660.0,26770080440.32,107090158400.0,0.009147,6.879982020141251,2016-08-25,2016-06-30,15.137140332817067,3.902738063011456,6.641286470206593,1.5895556980631278,5.951773122396498
sh601985,2016-06-08,6.86,6.92,6.79,6.87,-0.0014529999999999,43115867.0,295670657.0,26731170439.68,106934504100.0,0.011081,6.869985406265986,2016-08-25,2016-06-30,15.115138675356578,3.897065478617544,6.63163343754641,1.5872452973391988,5.943125196049656
sh601985,2016-06-13,6.8,6.81,6.65,6.66,-0.030568,45568627.0,307633057.0,25914060426.24,103665763800.0,0.011711,6.6599836923672475,2016-08-25,2016-06-30,14.653103868686289,3.7779412063453917,6.428919751682545,1.5387268821366906,5.76145574505681
sh601985,2016-06-14,6.67,6.71,6.62,6.68,0.003003,31970968.0,212976572.0,28331550320.64,103977072400.0,0.0075379999999999,6.679983623395427,2016-08-25,2016-06-30,14.697107183607269,3.7892863751332158,6.448225817002913,1.5433476835845485,5.778757396659216
sh601985,2016-06-15,6.6,6.79,6.59,6.75,0.010479,52784227.0,354633109.0,28628437824.0,105066652500.0,0.012445,6.7499831717849865,2016-08-25,2016-06-30,14.851118785830698,3.8289944658905997,6.515797045624201,1.5595204886520513,5.839312995418807
sh601985,2016-06-16,6.72,7.08,6.7,6.91,0.023704,149841229.0,1037406082.0,29307037831.68,107557121300.0,0.035329,6.909984772888977,2016-08-25,2016-06-30,15.203145305198538,3.919755816193192,6.670245568187146,1.5964869002349147,5.977728070662214
sh601985,2016-06-17,6.86,6.96,6.79,6.87,-0.005789,79080201.0,543049653.0,29137387829.76,106934504100.0,0.018645,6.869982871038722,2016-08-25,2016-06-30,15.115138675356578,3.897065478617544,6.63163343754641,1.5872452973391988,5.94312300286115
sh601985,2016-06-20,6.83,6.89,6.81,6.86,-0.001456,31652107.0,216757193.0,29094975329.28,106778849800.0,0.0074629999999999,6.85998017597849,2016-08-25,2016-06-30,15.093137017896089,3.8913928942236318,6.621980404886226,1.5849348966152699,5.934469815768984
sh601985,2016-06-21,6.89,6.92,6.75,6.76,-0.014577,57310217.0,391629766.0,28670850324.48,105222306800.0,0.0135129999999999,6.759982244953251,2016-08-25,2016-06-30,14.873120443291187,3.8346670502845117,6.525450078284385,1.5618308893759802,5.84796304926452
sh601985,2016-06-22,6.76,6.82,6.75,6.81,0.007396,29975093.0,203568040.0,28882912826.88,106000578300.0,0.007068,6.809979073636925,2016-08-25,2016-06-30,14.983128730593638,3.8630299722540715,6.573715241585305,1.573382892995625,5.89121458397688
sh601985,2016-06-23,6.89,6.89,6.78,6.83,0.002937,37083657.0,253749728.0,28967737827.84,106311886900.0,0.008744,6.829979982176196,2016-08-25,2016-06-30,15.027132045514618,3.8743751410418956,6.593021306905674,1.578003694443483,5.908517081210019
sh601985,2016-06-24,6.85,6.85,6.63,6.7,-0.019034,60832586.0,409067859.0,28416375321.6,104288381000.0,0.014343,6.699978143195455,2016-08-25,2016-06-30,14.741110498528249,3.80063154392104,6.467531882323281,1.5479684850324065,5.796054367086268
sh601985,2016-06-27,6.69,6.82,6.69,6.79,0.013433,43178646.0,291298421.0,28798087825.92,105689269700.0,0.010181,6.789978949593,2016-08-25,2016-06-30,14.939125415672658,3.851684803466248,6.5544091762649375,1.5687620915477671,5.873912765399338
sh601985,2016-06-28,6.75,6.8,6.72,6.79,0.0,45344412.0,306720640.0,28798087825.92,105689269700.0,0.0106909999999999,6.789978949593,2016-08-25,2016-06-30,14.939125415672658,3.851684803466248,6.5544091762649375,1.5687620915477671,5.873912765399338
sh601985,2016-06-29,6.81,6.98,6.8,6.88,0.013255,88335698.0,608805061.0,29179800330.24,107090158400.0,0.020828,6.879980120569855,2016-08-25,2016-06-30,15.137140332817067,3.902738063011456,6.641286470206593,1.5895556980631278,5.951771479104706
sh601985,2016-06-30,6.88,6.88,6.8,6.83,-0.007267,46065809.0,314416013.0,28967737827.84,106311886900.0,0.0108609999999999,6.829983305033673,2016-08-25,2016-06-30,15.027132045514618,3.8743751410418956,6.593021306905674,1.578003694443483,5.908519955766052
sh601985,2016-07-01,6.84,6.94,6.82,6.84,0.001464,47977061.0,329829937.0,29010150328.32,106467541200.0,0.011312,6.839982400592242,2016-08-25,2016-06-30,15.049133702975107,3.8800477254358077,6.602674339565857,1.580314095167412,5.917170028981293
sh601985,2016-07-04,6.81,6.92,6.8,6.91,0.010234,74025608.0,509998398.0,29307037831.68,107557121300.0,0.017454,6.909982780479903,2016-08-25,2016-06-30,15.203145305198538,3.919755816193192,6.670245568187146,1.5964869002349147,5.977726347057888
sh601985,2016-07-05,6.91,7.23,6.89,7.1,0.027496,171564482.0,1215744532.0,30112875340.8,110514553000.0,0.040451,7.099979667011979,2016-08-25,2016-06-30,15.621176796947845,4.027534919677519,6.853653188730641,1.640384513989565,6.142089910696591
sh601985,2016-07-06,7.05,7.05,6.98,7.03,-0.009859,87181196.0,611263840.0,29815987837.44,109424972900.0,0.020556,7.029980967474907,2016-08-25,2016-06-30,15.467165194724418,3.9878268289201357,6.786081960109353,1.6242117089220625,6.0815350462670335
sh601985,2016-07-07,7.02,7.02,6.94,6.98,-0.007112,61973247.0,432461805.0,29603925335.04,108646701400.0,0.014612,6.979983742834226,2016-08-25,2016-06-30,15.357156907421967,3.959463906950576,6.737816796808434,1.6126597053024176,6.038283169017983
sh601985,2016-07-08,6.98,6.99,6.94,6.96,-0.002865,38652309.0,269036171.0,29519100334.08,108335392800.0,0.009113,6.959986089411006,2016-08-25,2016-06-30,15.313153592500987,3.948118738162752,6.718510731488065,1.6080389038545595,6.0209834877387465
sh601985,2016-07-11,6.97,7.01,6.95,6.96,0.0,59465175.0,415081980.0,29519100334.08,108335392800.0,0.014021,6.959986089411006,2016-08-25,2016-06-30,15.313153592500987,3.948118738162752,6.718510731488065,1.6080389038545595,6.0209834877387465
sh601985,2016-07-12,6.96,7.07,6.94,7.06,0.014368,84252076.0,590294950.0,29943225338.88,109891935800.0,0.019865,7.059987169543663,2016-08-25,2016-06-30,15.533170167105885,4.004844582101872,6.815041058089905,1.6311429110938491,6.107492978490576
sh601985,2016-07-13,7.0,7.11,6.98,7.02,0.007174,94528932.0,665529041.0,29773575336.96,109269318600.0,0.022288,7.110635517497969,2016-08-25,2016-06-30,15.445163537263925,3.9821542445262237,6.776428927449169,1.6219013081981333,6.151308133118268
sh601985,2016-07-14,7.0,7.01,6.95,6.98,-0.005698,46713031.0,325716651.0,29603925335.04,108646701400.0,0.011014,7.070119116319265,2016-08-25,2016-06-30,15.357156907421967,3.959463906950576,6.737816796808434,1.6126597053024176,6.116257979375759
sh601985,2016-07-15,7.01,7.07,7.0,7.02,0.005731,59813831.0,420450896.0,29773575336.96,109269318600.0,0.014103,7.11063796897489,2016-08-25,2016-06-30,15.445163537263925,3.9821542445262237,6.776428927449169,1.6219013081981333,6.151310253855561
sh601985,2016-07-18,7.01,7.02,6.93,6.97,-0.007123,46774963.0,326419744.0,29561512834.56,108491047100.0,0.011029,7.059988894721882,2016-08-25,2016-06-30,15.335155249961476,3.9537913225566634,6.728163764148249,1.6103493045784885,6.107494470917348
sh601985,2016-07-19,6.95,7.04,6.94,7.02,0.007174,69644458.0,486854024.0,29773575336.96,109269318600.0,0.016421,7.110637255052617,2016-08-25,2016-06-30,15.445163537263925,3.9821542445262237,6.776428927449169,1.6219013081981333,6.151309636251709
sh601985,2016-07-20,6.99,7.01,6.95,6.96,-0.0085469999999999,39294664.0,273927374.0,29519100334.08,108335392800.0,0.009265,7.049862638433682,2016-08-25,2016-06-30,15.313153592500987,3.948118738162752,6.718510731488065,1.6080389038545595,6.098734392790665
sh601985,2016-07-21,6.96,7.0,6.95,6.97,0.001437,34992232.0,243869661.0,29561512834.56,108491047100.0,0.00825,7.059993291045111,2016-08-25,2016-06-30,15.335155249961476,3.9537913225566634,6.728163764148249,1.6103493045784885,6.107498274113106
sh601985,2016-07-22,6.96,6.97,6.88,6.89,-0.011478,46020878.0,318501946.0,29222212830.72,107245812700.0,0.010851,6.978958688050496,2016-08-25,2016-06-30,15.159141990277556,3.9084106474053675,6.650939502866777,1.5918660987870568,6.037396408922836
sh601985,2016-07-25,6.88,6.9,6.83,6.86,-0.004354,36953843.0,253763096.0,29094975329.28,106778849800.0,0.008713,6.948572301922725,2016-08-25,2016-06-30,15.093137017896089,3.8913928942236318,6.621980404886226,1.5849348966152699,6.011109584958386
sh601985,2016-07-26,6.87,6.94,6.86,6.93,0.010204,37361307.0,257652234.0,29391862832.64,107868429900.0,0.008809,7.019475533691545,2016-08-25,2016-06-30,15.247148620119516,3.9311009849810157,6.689551633507513,1.6011077016827726,6.072446947163302
sh601985,2016-07-27,6.93,6.94,6.68,6.83,-0.01443,80651560.0,548613061.0,28967737827.84,106311886900.0,0.0190159999999999,6.918184501740376,2016-08-25,2016-06-30,15.027132045514618,3.8743751410418956,6.593021306905674,1.578003694443483,5.984821537715735
sh601985,2016-07-28,6.78,6.83,6.76,6.8,-0.004392,39374160.0,267456829.0,28840500326.4,105844924000.0,0.009284,6.887799835408732,2016-08-25,2016-06-30,14.961127073133147,3.8573573878601595,6.5640622089251215,1.571072492271696,5.9585362015220875
sh601985,2016-07-29,6.8,6.81,6.74,6.76,-0.005882,29571537.0,200181411.0,28670850324.48,105222306800.0,0.006972,6.847285796776857,2016-08-25,2016-06-30,14.873120443291187,3.8346670502845117,6.525450078284385,1.5618308893759802,5.923488091584735
sh601985,2016-08-01,6.74,6.75,6.58,6.66,-0.014793,59378325.0,394771069.0,28246725319.68,103665763800.0,0.0139999999999999,6.745993897985137,2016-08-25,2016-06-30,14.653103868686289,3.7779412063453917,6.428919751682545,1.5387268821366906,5.835861932245922
sh601985,2016-08-02,6.64,6.71,6.63,6.69,0.0045049999999999,23634118.0,158024554.0,28373962821.12,104132726700.0,0.005572,6.77638460049556,2016-08-25,2016-06-30,14.71910884106776,3.794958959527128,6.457878849663097,1.5456580843084775,5.86215249025069
sh601985,2016-08-03,6.68,6.72,6.66,6.7,0.001495,19363277.0,129649470.0,28416375321.6,104288381000.0,0.004565,6.786515295473301,2016-08-25,2016-06-30,14.741110498528249,3.80063154392104,6.467531882323281,1.5479684850324065,5.870916408223614
sh601985,2016-08-04,6.7,6.73,6.66,6.71,0.001493,26181997.0,175282563.0,28458787822.08,104444035300.0,0.006173,6.796647562809442,2016-08-25,2016-06-30,14.763112155988738,3.806304128314952,6.477184914983465,1.5502788857563354,5.879681686421091
sh601985,2016-08-05,6.71,6.72,6.68,6.68,-0.004471,19482054.0,130439462.0,28331550320.64,103977072400.0,0.004593,6.766259751556121,2016-08-25,2016-06-30,14.697107183607269,3.7892863751332158,6.448225817002913,1.5433476835845485,5.853393629601102
sh601985,2016-08-08,6.67,6.73,6.64,6.72,0.005988,23615434.0,157898732.0,28501200322.56,104599689600.0,0.005568,6.806776114948439,2016-08-25,2016-06-30,14.785113813449229,3.8119767127088635,6.486837947643649,1.5525892864802644,5.888443750655155
sh601985,2016-08-09,6.71,6.77,6.7,6.75,0.004464,29498932.0,198648556.0,28628437824.0,105066652500.0,0.0069549999999999,6.837161563525569,2016-08-25,2016-06-30,14.851118785830698,3.8289944658905997,6.515797045624201,1.5595204886520513,5.914729763558079
sh601985,2016-08-10,6.74,6.77,6.72,6.74,-0.001481,25918214.0,174854065.0,28586025323.52,104910998200.0,0.006111,6.827035727249988,2016-08-25,2016-06-30,14.829117128370209,3.823321881496688,6.506144012964017,1.5572100879281223,5.90597004877825
sh601985,2016-08-11,6.73,6.77,6.68,6.69,-0.007418,26591962.0,178751466.0,28373962821.12,104132726700.0,0.00627,6.776392776225247,2016-08-25,2016-06-30,14.71910884106776,3.794958959527128,6.457878849663097,1.5456580843084775,5.862159562956412
sh601985,2016-08-12,6.69,6.77,6.67,6.76,0.010463,35910259.0,241166718.0,28670850324.48,105222306800.0,0.008467,6.847294173842893,2016-08-25,2016-06-30,14.873120443291187,3.8346670502845117,6.525450078284385,1.5618308893759802,5.923495338463626
sh601985,2016-08-15,6.75,6.92,6.75,6.88,0.017751,92723078.0,635143502.0,29179800330.24,107090158400.0,0.021862,6.968840492722777,2016-08-25,2016-06-30,15.137140332817067,3.902738063011456,6.641286470206593,1.5895556980631278,6.028643304216693
sh601985,2016-08-16,6.89,6.98,6.88,6.9,0.002907,69902857.0,484442401.0,29264625331.2,107401467000.0,0.016482,6.989098912035122,2016-08-25,2016-06-30,15.181143647738049,3.91408323179928,6.660592535526962,1.594176499510986,6.046168570302051
sh601985,2016-08-17,6.92,6.92,6.82,6.87,-0.0043479999999999,45257998.0,310862195.0,29137387829.76,106934504100.0,0.010671,6.958710309965594,2016-08-25,2016-06-30,15.115138675356578,3.897065478617544,6.63163343754641,1.5872452973391988,6.019879829358378
sh601985,2016-08-18,6.87,6.9,6.84,6.86,-0.001456,34668305.0,238257194.0,29094975329.28,106778849800.0,0.0081739999999999,6.948578427754283,2016-08-25,2016-06-30,15.093137017896089,3.8913928942236318,6.621980404886226,1.5849348966152699,6.011114884326831
sh601985,2016-08-19,6.87,6.96,6.84,6.92,0.0087459999999999,58107233.0,401074613.0,29349450332.16,107712775600.0,0.0137,7.009350694683421,2016-08-25,2016-06-30,15.225146962659027,3.9254284005871036,6.679898600847329,1.5987973009588436,6.063688095105153
sh601985,2016-08-22,6.91,6.93,6.82,6.83,-0.013006,43611988.0,299342988.0,28967737827.84,106311886900.0,0.010283,6.918187079548369,2016-08-25,2016-06-30,15.027132045514618,3.8743751410418956,6.593021306905674,1.578003694443483,5.984823767740216
sh601985,2016-08-23,6.81,6.85,6.8,6.83,0.0,25064639.0,171138282.0,28967737827.84,106311886900.0,0.00591,6.918187079548369,2016-08-25,2016-06-30,15.027132045514618,3.8743751410418956,6.593021306905674,1.578003694443483,5.984823767740216
sh601985,2016-08-24,6.84,6.85,6.78,6.8,-0.004392,29066963.0,197991693.0,28840500326.4,105844924000.0,0.006853,6.887802401894993,2016-08-25,2016-06-30,14.961127073133147,3.8573573878601595,6.5640622089251215,1.571072492271696,5.958538421752301
sh601985,2016-08-25,6.78,6.78,6.7,6.76,-0.005882,35093981.0,236392755.0,28670850324.48,105222306800.0,0.008274,6.847288348167046,2016-08-25,2016-06-30,14.873120443291187,3.8346670502845117,6.525450078284385,1.5618308893759802,5.923490298755554
sh601985,2016-08-26,6.76,6.79,6.74,6.75,-0.0014789999999999,22566298.0,152685393.0,28628437500.0,105066652500.0,0.005321,6.837161208700107,2016-10-28,2016-09-30,13.866502163455634,3.726881522082371,5.99008922013874,1.5048392400889006,5.914729456603695
sh601985,2016-08-29,6.74,6.8,6.72,6.76,0.001481,22331933.0,150822222.0,28670850000.0,105222306800.0,0.005265,6.847287044450192,2016-10-28,2016-09-30,13.887045129623715,3.732402828041011,5.998963426390798,1.507068631555699,5.923489170928924
sh601985,2016-08-30,6.78,6.79,6.73,6.75,-0.0014789999999999,29565341.0,199566109.0,28628437500.0,105066652500.0,0.006971,6.8371599069114515,2016-10-28,2016-09-30,13.866502163455634,3.726881522082371,5.99008922013874,1.5048392400889006,5.914728330445121
sh601985,2016-08-31,6.74,6.8,6.72,6.77,0.002963,29760204.0,200956532.0,28713262500.0,105377961100.0,0.007017,6.85741841171563,2016-10-28,2016-09-30,13.907588095791798,3.737924133999652,6.007837632642856,1.5092980230224975,5.9322536704882305
sh601985,2016-09-01,6.76,6.77,6.71,6.71,-0.008863,27923200.0,187990639.0,28458787500.0,104444035300.0,0.006584,6.796641112332594,2016-10-28,2016-09-30,13.784330298783303,3.704796298247808,5.95459239513051,1.495921674221707,5.879676106206693
sh601985,2016-09-02,6.71,6.75,6.7,6.75,0.005961,30917599.0,207931761.0,28628437500.0,105066652500.0,0.00729,6.83715589000321,2016-10-28,2016-09-30,13.866502163455634,3.726881522082371,5.99008922013874,1.5048392400889006,5.914724855475792
sh601985,2016-09-05,6.75,6.77,6.73,6.74,-0.001481,21388774.0,144363285.0,28586025000.0,104910998200.0,0.005043,6.827030062130115,2016-10-28,2016-09-30,13.84595919728755,3.7213602161237302,5.9812150138866835,1.5026098486221022,5.9059651479648325
sh601985,2016-09-06,6.74,6.77,6.7,6.77,0.004451,26320918.0,177262655.0,28713262500.0,105377961100.0,0.006206,6.857417172936656,2016-10-28,2016-09-30,13.907588095791798,3.737924133999652,6.007837632642856,1.5092980230224975,5.932252598838423
sh601985,2016-09-07,6.76,6.82,6.75,6.77,0.0,37534310.0,254888960.0,28713262500.0,105377961100.0,0.00885,6.857417172936656,2016-10-28,2016-09-30,13.907588095791798,3.737924133999652,6.007837632642856,1.5092980230224975,5.932252598838423
sh601985,2016-09-08,6.76,6.78,6.73,6.76,-0.001477,22633953.0,152754876.0,28670850000.0,105222306800.0,0.005337,6.847288767772229,2016-10-28,2016-09-30,13.887045129623715,3.732402828041011,5.998963426390798,1.507068631555699,5.92349066174994
sh601985,2016-09-09,6.74,6.77,6.72,6.72,-0.005917,28922905.0,195058421.0,28501200000.0,104599689600.0,0.0068189999999999,6.806773360133321,2016-10-28,2016-09-30,13.804873264951386,3.7103176042064487,5.963466601382568,1.4981510656885053,5.888441367504366
sh601985,2016-09-12,6.67,6.72,6.61,6.71,-0.001488,64838833.0,431241457.0,28458787500.0,104444035300.0,0.015288,6.796644881373443,2016-10-28,2016-09-30,13.784330298783303,3.704796298247808,5.95459239513051,1.495921674221707,5.87967936674952
sh601985,2016-09-13,6.69,6.7,6.65,6.69,-0.0029809999999999,21650853.0,144307993.0,28373962500.0,104132726700.0,0.0051049999999999,6.776384082982069,2016-10-28,2016-09-30,13.74324436644714,3.6937536863305276,5.936843982626397,1.4914628912881103,5.86215204255724
sh601985,2016-09-14,6.66,6.67,6.62,6.64,-0.007474,21638004.0,143747435.0,28161900000.0,103354455200.0,0.005102,6.725737388345862,2016-10-28,2016-09-30,13.640529535606726,3.6661471565373245,5.892472951366109,1.4803159339541183,5.818338318191167
sh601985,2016-09-19,6.7,6.94,6.7,6.77,0.019578,112838222.0,770031955.0,28713262500.0,105377961100.0,0.026605,6.857413874934898,2016-10-28,2016-09-30,13.907588095791798,3.737924133999652,6.007837632642856,1.5092980230224975,5.9322497457847145
sh601985,2016-09-20,6.74,6.76,6.67,6.68,-0.013294,52686187.0,352676356.0,28331550000.0,103977072400.0,0.012422,6.766251414881514,2016-10-28,2016-09-30,13.722701400279055,3.6882323803718866,5.927969776374338,1.489233499821312,5.853386417664253
sh601985,2016-09-21,6.69,6.69,6.66,6.67,-0.001497,21713470.0,144931565.0,28289137500.0,103821418100.0,0.00512,6.756122336513436,2016-10-28,2016-09-30,13.702158434110974,3.682711074413246,5.919095570122281,1.4870041083545136,5.84462389819701
sh601985,2016-09-22,6.7,6.72,6.66,6.67,0.0,28483026.0,190516122.0,28289137500.0,103821418100.0,0.006716,6.756122336513436,2016-10-28,2016-09-30,13.702158434110974,3.682711074413246,5.919095570122281,1.4870041083545136,5.84462389819701
sh601985,2016-09-23,6.67,6.69,6.64,6.65,-0.002999,27494104.0,183140823.0,28204312500.0,103510109500.0,0.006483,6.735860725626233,2016-10-28,2016-09-30,13.66107250177481,3.6716684624959655,5.901347157618167,1.4825453254209169,5.827095871126317
sh601985,2016-09-26,6.65,6.67,6.6,6.61,-0.0060149999999999,35831276.0,237410551.0,28034662500.0,102887492300.0,0.008448,6.695344523361592,2016-10-28,2016-09-30,13.57890063710248,3.649583238661403,5.865850332609937,1.4736277595537233,5.792045889461493
sh601985,2016-09-27,6.6,6.63,6.59,6.63,0.003026,22854956.0,151071588.0,28119487500.0,103198800900.0,0.005389,6.715604635889283,2016-10-28,2016-09-30,13.619986569438643,3.660625850578684,5.8835987451140515,1.47808654248732,5.809572620323003
sh601985,2016-09-28,6.63,6.64,6.6,6.61,-0.003017,13956471.0,92285205.0,28034662500.0,102887492300.0,0.0032909999999999,6.695343656702805,2016-10-28,2016-09-30,13.57890063710248,3.649583238661403,5.865850332609937,1.4736277595537233,5.792045139727488
sh601985,2016-09-29,6.61,6.64,6.61,6.61,0.0,21857171.0,144726649.0,28034662500.0,102887492300.0,0.005153,6.695343656702805,2016-10-28,2016-09-30,13.57890063710248,3.649583238661403,5.865850332609937,1.4736277595537233,5.792045139727488
sh601985,2016-09-30,6.63,6.67,6.62,6.64,0.004539,23414284.0,155504271.0,28161900000.0,103354455200.0,0.005521,6.72573382156058,2016-10-28,2016-09-30,13.640529535606726,3.6661471565373245,5.892472951366109,1.4803159339541183,5.818335232616712
sh601985,2016-10-10,6.66,6.7,6.65,6.7,0.009036,29730198.0,198533028.0,28416375000.0,104288381000.0,0.00701,6.7865075523722025,2016-10-28,2016-09-30,13.763787332615221,3.699274992289168,5.945718188878454,1.4936922827549086,5.870909709778638
sh601985,2016-10-11,6.69,6.72,6.67,6.69,-0.001493,28193560.0,188733535.0,28373962500.0,104132726700.0,0.006647,6.776375296596511,2016-10-28,2016-09-30,13.74324436644714,3.6937536863305276,5.936843982626397,1.4914628912881103,5.862144441581938
sh601985,2016-10-12,6.68,6.74,6.66,6.71,0.00299,39701479.0,265838647.0,28458787500.0,104444035300.0,0.009361,6.796636658733335,2016-10-28,2016-09-30,13.784330298783303,3.704796298247808,5.95459239513051,1.495921674221707,5.879672253462268
sh601985,2016-10-13,6.69,6.76,6.67,6.71,0.0,44641633.0,300099551.0,28458787500.0,104444035300.0,0.010526,6.796636658733335,2016-10-28,2016-09-30,13.784330298783303,3.704796298247808,5.95459239513051,1.495921674221707,5.879672253462268
sh601985,2016-10-14,6.7,6.74,6.67,6.73,0.0029809999999999,34359760.0,230260314.0,28543612500.0,104755343900.0,0.008101,6.816897432613018,2016-10-28,2016-09-30,13.825416231119467,3.7158389101650893,5.972340807634625,1.5003804571553039,5.89719955644984
sh601985,2016-10-17,6.71,6.79,6.68,6.68,-0.007429,37782529.0,254361879.0,28331550000.0,103977072400.0,0.008908,6.766254701586137,2016-10-28,2016-09-30,13.722701400279055,3.6882323803718866,5.927969776374338,1.489233499821312,5.853389260944973
sh601985,2016-10-18,6.67,6.83,6.66,6.79,0.016467,88325182.0,596809913.0,28798087500.0,105689269700.0,0.020825,6.8776746177571555,2016-10-28,2016-09-30,13.948674028127963,3.748966745916933,6.02558604514697,1.513756805956094,5.949777021904954
sh601985,2016-10-19,6.77,6.83,6.76,6.79,0.0,73486372.0,499334196.0,28798087500.0,105689269700.0,0.017327,6.8776746177571555,2016-10-28,2016-09-30,13.948674028127963,3.748966745916933,6.02558604514697,1.513756805956094,5.949777021904954
sh601985,2016-10-20,6.77,6.83,6.77,6.81,0.002946,54329660.0,369801803.0,28882912500.0,106000578300.0,0.01281,6.897936247181066,2016-10-28,2016-09-30,13.989759960464127,3.7600093578342135,6.043334457651085,1.5182155888896907,5.967305065011485
sh601985,2016-10-21,6.8,6.93,6.78,6.85,0.005874,131737841.0,903671337.0,29052562500.0,106623195500.0,0.031061,6.938454724697008,2016-10-28,2016-09-30,14.071931825136456,3.7820945816687757,6.078831282659314,1.527133154756884,6.002357014963363
sh601985,2016-10-24,6.85,7.06,6.85,6.99,0.0204379999999999,215535952.0,1501772707.0,29646337500.0,108802355700.0,0.050819,7.080262862360366,2016-10-28,2016-09-30,14.359533351489612,3.859392865089744,6.203070170188118,1.5583446352920614,6.125033187635184
sh601985,2016-10-25,6.94,6.96,6.87,6.9,-0.0128759999999999,98602098.0,680700578.0,29264625000.0,107401467000.0,0.0232479999999999,6.989097397744614,2016-10-28,2016-09-30,14.17464665597687,3.809701111461979,6.1232023139196015,1.5382801120908762,6.046167260311194
sh601985,2016-10-26,6.9,6.91,6.81,6.83,-0.010145,61159866.0,418924526.0,28967737500.0,106311886900.0,0.0144199999999999,6.918193004644495,2016-10-28,2016-09-30,14.030845892800292,3.771051969751495,6.061082870155199,1.5226743718232876,5.984828893455337
sh601985,2016-10-27,6.85,6.87,6.8,6.86,0.004392,52262870.0,356855918.0,29094975000.0,106778849800.0,0.012323,6.948577708320894,2016-10-28,2016-09-30,14.09247479130454,3.7876158876274166,6.087705488911372,1.5293625462236826,6.011114261955393
sh601985,2016-10-28,6.88,6.88,6.79,6.8,-0.0087459999999999,47481600.0,324218211.0,28840500000.0,105844924000.0,0.011195,6.88780544768392,2016-10-28,2016-09-30,13.969216994296044,3.754488051875573,6.034460251399027,1.5159861974228923,5.958541056620332
sh601985,2016-10-31,6.78,6.8,6.74,6.76,-0.005882,35736637.0,241438662.0,28670850000.0,105222306800.0,0.008426,6.847291376040643,2017-04-27,2017-03-31,12.452039136504778,3.3624379467044623,5.285005032551956,1.4202569422716493,5.923492918125291
sh601985,2016-11-01,6.78,6.82,6.76,6.82,0.008876,35798728.0,243027199.0,28925325000.0,106156232600.0,0.0084409999999999,6.9080679342943805,2017-04-27,2017-03-31,12.562560193929377,3.39228207049178,5.331913361243246,1.4328627731202144,5.976069841266571
sh601985,2016-11-02,6.79,6.84,6.76,6.77,-0.007331,37344659.0,253815404.0,28713262500.0,105377961100.0,0.008805,6.857424888268068,2017-04-27,2017-03-31,12.470459312742213,3.367411967335682,5.292823087333838,1.4223579140797438,5.932259273260246
sh601985,2016-11-03,6.76,6.94,6.72,6.85,0.011817,83770323.0,572869359.0,29052562500.0,106623195500.0,0.0197509999999999,6.938459078172731,2017-04-27,2017-03-31,12.617820722641676,3.4072041323854387,5.35536752558889,1.4391656885444968,6.002360781092362
sh601985,2016-11-04,6.83,6.86,6.77,6.79,-0.008759,45476032.0,310101205.0,28798087500.0,105689269700.0,0.010722,6.877685115107017,2017-04-27,2017-03-31,12.507299665217078,3.3773600085981212,5.308459196897601,1.426559857695932,5.949786103010774
sh601985,2016-11-07,6.79,6.82,6.77,6.8,0.001473,30875130.0,209639593.0,28840500000.0,105844924000.0,0.00728,6.88781594528157,2017-04-27,2017-03-31,12.52571984145451,3.382334029229341,5.316277251679483,1.428660829504026,5.9585501379405095
sh601985,2016-11-08,6.82,6.86,6.79,6.83,0.004412,40225118.0,274638500.0,28967737500.0,106311886900.0,0.009484,6.918204989232153,2017-04-27,2017-03-31,12.58098037016681,3.397256091123,5.339731416025128,1.4349637449283086,5.984839261149103
sh601985,2016-11-09,6.83,6.84,6.71,6.74,-0.013177,53154165.0,359501255.0,28586025000.0,104910998200.0,0.0125329999999999,6.827043802089042,2017-04-27,2017-03-31,12.415198784029913,3.3524899054420234,5.2693689229881935,1.4160549986554611,5.905977034204942
sh601985,2016-11-10,6.78,6.89,6.77,6.85,0.0163199999999999,79168937.0,542000635.0,29052562500.0,106623195500.0,0.018666,6.938461156939134,2017-04-27,2017-03-31,12.617820722641676,3.4072041323854387,5.35536752558889,1.4391656885444968,6.002362579403166
sh601985,2016-11-11,6.85,6.99,6.82,6.94,0.0131389999999999,144732120.0,1002132959.0,29434275000.0,108024084200.0,0.034125,7.029625598080156,2017-04-27,2017-03-31,12.783602308778574,3.4519703180664156,5.425730018625825,1.4580744348173442,6.081227621333944
sh601985,2016-11-14,6.93,7.07,6.9,6.99,0.007205,126745118.0,885723367.0,29646337500.0,108802355700.0,0.0298839999999999,7.080274050514324,2017-04-27,2017-03-31,12.87570318996574,3.476840421222514,5.464820292535233,1.468579293857815,6.125042866345654
sh601985,2016-11-15,6.97,7.01,6.91,6.96,-0.004292,66546513.0,462251423.0,29519100000.0,108335392800.0,0.01569,7.0498855142895165,2017-04-27,2017-03-31,12.82044266125344,3.461918359328855,5.441366128189588,1.4622763784335326,6.098754182363299
sh601985,2016-11-16,6.96,6.96,6.87,6.92,-0.0057469999999999,81667629.0,564364562.0,29349450000.0,107712775600.0,0.019256,7.009369822238895,2017-04-27,2017-03-31,12.746761956303708,3.4420222768039763,5.410093909062062,1.4538724912011558,6.063704642077258
sh601985,2016-11-17,6.9,7.15,6.88,7.08,0.023121,148555228.0,1043618113.0,30028050000.0,110203244400.0,0.035026,7.17143346189888,2017-04-27,2017-03-31,13.041484776102637,3.5216066069034904,5.535182785572167,1.4874880401306625,6.203903557106726
sh601985,2016-11-18,7.12,7.22,7.03,7.06,-0.002825,165322504.0,1176876973.0,29943225000.0,109891935800.0,0.03898,7.151174162369017,2017-04-27,2017-03-31,13.00464442362777,3.5116585656410506,5.519546676008404,1.483286096514474,6.1863775295579
sh601985,2016-11-21,7.02,7.15,6.99,7.07,0.001416,125168020.0,885071731.0,29985637500.0,110047590100.0,0.029512,7.161300224982931,2017-04-27,2017-03-31,13.023064599865204,3.5166325862722707,5.527364730790286,1.4853870683225683,6.195137440139754
sh601985,2016-11-22,7.06,7.15,7.05,7.11,0.005658,106609865.0,757148201.0,30155287500.0,110670207300.0,0.025136,7.201818861655884,2017-04-27,2017-03-31,13.096745304814938,3.5365286687971493,5.558636949917812,1.493790955554945,6.230189527776064
sh601985,2016-11-23,7.14,7.17,7.03,7.05,-0.008439,105671268.0,750551557.0,29900812500.0,109736281500.0,0.024915,7.1410427122823705,2017-04-27,2017-03-31,12.986224247390338,3.5066845450098314,5.511728621226522,1.4811851247063799,6.177612958351163
sh601985,2016-11-24,7.04,7.09,6.99,7.02,-0.004255,66258277.0,466493698.0,29773575000.0,109269318600.0,0.015622,7.110657575541609,2017-04-27,2017-03-31,12.930963718678038,3.4917624831161724,5.488274456880878,1.4748822092820975,6.151327215213378
sh601985,2016-11-25,7.01,7.11,6.93,7.09,0.009972,86528150.0,606919259.0,30070462500.0,110358898700.0,0.020402,7.181565052884911,2017-04-27,2017-03-31,13.059904952340071,3.5265806275347096,5.543000840354049,1.4895890119387565,6.212668250203486
sh601985,2016-11-28,7.09,7.2,7.07,7.17,0.011283,139578001.0,998423025.0,30409762500.0,111604133100.0,0.03291,7.26259465137661,2017-04-27,2017-03-31,13.207266362239535,3.566372792584467,5.605545278609101,1.5063967864035097,6.282765786070532
sh601985,2016-11-29,7.16,7.5,7.12,7.36,0.026499,303175231.0,2221128900.0,31215600000.0,114561564800.0,0.071483,7.455046147043439,2017-04-27,2017-03-31,13.557249710750765,3.66087918457764,5.754088319464852,1.5463152507572988,6.449252796635615
sh601985,2016-11-30,7.35,7.37,7.2,7.32,-0.005435,171196738.0,1247380165.0,31045950000.0,113938947600.0,0.040365,7.414527971234259,2017-04-27,2017-03-31,13.483569005801032,3.640983102052761,5.722816100337326,1.5379113635249222,6.414201107685901
sh601985,2016-12-01,7.28,7.46,7.26,7.33,0.001366,184799327.0,1358993570.0,31088362500.0,114094601900.0,0.043572,7.4246562164429655,2017-04-27,2017-03-31,13.501989182038466,3.645957122683981,5.7306341551192075,1.5400123353330164,6.422962906399
sh601985,2016-12-02,7.29,7.43,7.17,7.18,-0.020464,157848082.0,1147981171.0,30452175000.0,111759787400.0,0.037217,7.272718051629677,2017-04-27,2017-03-31,13.225686538476968,3.571346813215686,5.613363333390983,1.508497758211604,6.291523393482452
sh601985,2016-12-05,7.08,7.26,7.06,7.14,-0.005571,113077767.0,808087459.0,30282525000.0,111137170200.0,0.026661,7.232201739364047,2017-04-27,2017-03-31,13.152005833527236,3.551450730690808,5.582091114263457,1.5000938709792273,6.2564733166573605
sh601985,2016-12-06,7.14,7.22,7.09,7.16,0.002801,81028726.0,579148965.0,30367350000.0,111448478800.0,0.019105,7.2524591364360065,2017-04-27,2017-03-31,13.188846186002102,3.561398771953247,5.59772722382722,1.5042958145954157,6.273997698417317
sh601985,2016-12-07,7.15,7.2,7.09,7.18,0.002793,73007679.0,522274249.0,30452175000.0,111759787400.0,0.017214,7.272715254804072,2017-04-27,2017-03-31,13.225686538476968,3.571346813215686,5.613363333390983,1.508497758211604,6.291520973988997
sh601985,2016-12-08,7.2,7.2,7.06,7.07,-0.0153199999999999,79684292.0,567445881.0,29985637500.0,110047590100.0,0.018788,7.1612972571004745,2017-04-27,2017-03-31,13.023064599865204,3.5166325862722707,5.527364730790286,1.4853870683225683,6.195134872667487
sh601985,2016-12-09,7.05,7.13,7.03,7.09,0.002829,71936560.0,508786506.0,30070462500.0,110358898700.0,0.016961,7.181556567040812,2017-04-27,2017-03-31,13.059904952340071,3.5265806275347096,5.543000840354049,1.4895890119387565,6.212660909222263
sh601985,2016-12-12,7.1,7.11,6.88,6.93,-0.022567,122056069.0,849810523.0,29391862500.0,107868429900.0,0.0287779999999999,7.019490379992402,2017-04-27,2017-03-31,12.76518213254114,3.446996297435196,5.4179119638439435,1.45597346300925,6.072459790483844
sh601985,2016-12-13,6.92,7.02,6.89,6.99,0.0086579999999999,60246022.0,418892617.0,29646337500.0,108802355700.0,0.014205,7.080265127702376,2017-04-27,2017-03-31,12.87570318996574,3.476840421222514,5.464820292535233,1.468579293857815,6.125035147349853
sh601985,2016-12-14,6.97,7.0,6.91,6.93,-0.008584,47830247.0,332333543.0,29391862500.0,107868429900.0,0.0112769999999999,7.0194881318461775,2017-04-27,2017-03-31,12.76518213254114,3.446996297435196,5.4179119638439435,1.45597346300925,6.072457845645001
sh601985,2016-12-15,6.91,6.97,6.83,6.89,-0.005772,54880827.0,379466324.0,29222212500.0,107245812700.0,0.01294,6.978971646349161,2017-04-27,2017-03-31,12.691501427591408,3.4271002149103174,5.386639744716417,1.4475695757768734,6.0374076189599375
sh601985,2016-12-16,6.87,6.94,6.86,6.88,-0.001451,47136541.0,324747103.0,29179800000.0,107090158400.0,0.011114,6.968845158490309,2017-04-27,2017-03-31,12.673081251353976,3.4221261942790977,5.378821689934536,1.4454686039687792,6.028647340504827
sh601985,2016-12-19,6.89,6.94,6.87,6.88,0.0,47361895.0,326738047.0,29179800000.0,107090158400.0,0.011167,6.968845158490309,2017-04-27,2017-03-31,12.673081251353976,3.4221261942790977,5.378821689934536,1.4454686039687792,6.028647340504827
sh601985,2016-12-20,6.88,6.91,6.83,6.89,0.0014529999999999,46207853.0,317122484.0,29222212500.0,107245812700.0,0.010895,6.978970890505595,2017-04-27,2017-03-31,12.691501427591408,3.4271002149103174,5.386639744716417,1.4475695757768734,6.037406965090581
sh601985,2016-12-21,6.9,7.02,6.86,6.99,0.0145139999999999,77931308.0,541916958.0,29646337500.0,108802355700.0,0.018375,7.080263674010392,2017-04-27,2017-03-31,12.87570318996574,3.476840421222514,5.464820292535233,1.468579293857815,6.125033889781904
sh601985,2016-12-22,6.97,7.17,6.96,7.07,0.011445,116858828.0,828036274.0,29985637500.0,110047590100.0,0.0275529999999999,7.161297291759441,2017-04-27,2017-03-31,13.023064599865204,3.5166325862722707,5.527364730790286,1.4853870683225683,6.195134902650458
sh601985,2016-12-23,7.05,7.08,6.97,6.99,-0.011315,68134877.0,478101976.0,29646337500.0,108802355700.0,0.016065,7.080267212903183,2017-04-27,2017-03-31,12.87570318996574,3.476840421222514,5.464820292535233,1.468579293857815,6.125036951226969
sh601985,2016-12-26,6.96,7.1,6.92,7.1,0.015737,69430100.0,487162494.0,30112875000.0,110514553000.0,0.01637,7.191689378032642,2017-04-27,2017-03-31,13.078325128577504,3.5315546481659292,5.55081889513593,1.4916899837468507,6.221426657728428
sh601985,2016-12-27,7.07,7.14,7.03,7.04,-0.008451,58549946.0,414682717.0,29858400000.0,109580627200.0,0.013805,7.130912411098889,2017-04-27,2017-03-31,12.967804071152905,3.5017105243786117,5.503910566444641,1.4790841528982859,6.168849381043966
sh601985,2016-12-28,7.03,7.17,7.02,7.1,0.008523,85975138.0,611171380.0,30112875000.0,110514553000.0,0.020271,7.191689177578685,2017-04-27,2017-03-31,13.078325128577504,3.5315546481659292,5.55081889513593,1.4916899837468507,6.221426484318604
sh601985,2016-12-29,7.07,7.1,6.98,7.03,-0.009859,55227529.0,388677966.0,29815987500.0,109424972900.0,0.013022,7.120786313976937,2017-04-27,2017-03-31,12.949383894915472,3.496736503747392,5.496092511662759,1.4769831810901917,6.160089440609707
sh601985,2016-12-30,7.01,7.09,7.01,7.06,0.004267,48680554.0,343618319.0,29943225000.0,109891935800.0,0.011478,7.151170709178677,2017-04-27,2017-03-31,13.00464442362777,3.5116585656410506,5.519546676008404,1.483286096514474,6.186374542252789
sh601985,2017-01-03,7.06,7.13,7.04,7.11,0.0070819999999999,55036520.0,390440458.0,30155287500.0,110670207300.0,0.012976,7.201815300141079,2017-04-27,2017-03-31,13.096745304814938,3.5365286687971493,5.558636949917812,1.493790955554945,6.230186446761023
sh601985,2017-01-04,7.11,7.12,7.08,7.12,0.001406,59784099.0,424517834.0,30197700000.0,110825861600.0,0.014096,7.211941052453077,2017-04-27,2017-03-31,13.11516548105237,3.5415026894283685,5.5664550046996935,1.495891927363039,6.238946088905168
sh601985,2017-01-05,7.11,7.12,7.02,7.07,-0.007022,101258865.0,714334304.0,29985637500.0,110047590100.0,0.023875,7.161298802382752,2017-04-27,2017-03-31,13.023064599865204,3.5166325862722707,5.527364730790286,1.4853870683225683,6.195136209468876
sh601985,2017-01-06,7.05,7.11,7.03,7.05,-0.002829,62948599.0,444745100.0,29900812500.0,109736281500.0,0.014842,7.141039488070811,2017-04-27,2017-03-31,12.986224247390338,3.5066845450098314,5.511728621226522,1.4811851247063799,6.177610169132288
sh601985,2017-01-09,7.04,7.21,7.03,7.21,0.022695,144039198.0,1029113108.0,30579412500.0,112226750300.0,0.033961,7.303105379252577,2017-04-27,2017-03-31,13.280947067189269,3.586268875109345,5.636817497736628,1.5148006736358863,6.317811031920745
sh601985,2017-01-10,7.19,7.2,7.13,7.14,-0.009709,68551700.0,490978450.0,30282525000.0,111137170200.0,0.016163,7.232199529125413,2017-04-27,2017-03-31,13.152005833527236,3.551450730690808,5.582091114263457,1.5000938709792273,6.256471404611826
sh601985,2017-01-11,7.14,7.19,7.09,7.13,-0.001401,70605072.0,504001249.0,30240112500.0,110981515900.0,0.016647,7.222067217585109,2017-04-27,2017-03-31,13.133585657289803,3.546476710059588,5.574273059481575,1.497992899171133,6.247706088173966
sh601985,2017-01-12,7.12,7.14,7.06,7.07,-0.008415,52584665.0,373342069.0,29985637500.0,110047590100.0,0.012398,7.161293521949131,2017-04-27,2017-03-31,13.023064599865204,3.5166325862722707,5.527364730790286,1.4853870683225683,6.195131641441981
sh601985,2017-01-13,7.07,7.11,7.02,7.08,0.001414,70812120.0,500376033.0,30028050000.0,110203244400.0,0.016696,7.171419590989167,2017-04-27,2017-03-31,13.041484776102637,3.5216066069034904,5.535182785572167,1.4874880401306625,6.203891557582981
sh601985,2017-01-16,7.06,7.1,6.91,7.09,0.0014119999999999,128130900.0,897258659.0,30070462500.0,110358898700.0,0.030211,7.181545635451644,2017-04-27,2017-03-31,13.059904952340071,3.5265806275347096,5.543000840354049,1.4895890119387565,6.212651452462288
sh601985,2017-01-17,7.04,7.06,6.98,7.03,-0.008463,38146736.0,267845387.0,29815987500.0,109424972900.0,0.008994,7.120768214738817,2017-04-27,2017-03-31,12.949383894915472,3.496736503747392,5.496092511662759,1.4769831810901917,6.1600737832201
sh601985,2017-01-18,7.02,7.06,7.01,7.03,0.0,26346548.0,185359266.0,29815987500.0,109424972900.0,0.006212,7.120768214738817,2017-04-27,2017-03-31,12.949383894915472,3.496736503747392,5.496092511662759,1.4769831810901917,6.1600737832201
sh601985,2017-01-19,7.03,7.03,6.96,6.98,-0.007112,33854482.0,236453442.0,29603925000.0,108646701400.0,0.007982,7.070125311195595,2017-04-27,2017-03-31,12.857283013728308,3.4718664005912943,5.457002237753351,1.4664783220497208,6.116263338473839
sh601985,2017-01-20,6.96,7.03,6.96,7.01,0.004298,24699281.0,172954128.0,29731162500.0,109113664300.0,0.005824,7.100512709783113,2017-04-27,2017-03-31,12.912543542440606,3.4867884624849528,5.480456402098996,1.4727812374740032,6.142551038302599
sh601985,2017-01-23,7.01,7.06,7.0,7.03,0.002853,38519475.0,270938589.0,29815987500.0,109424972900.0,0.009082,7.120770472544125,2017-04-27,2017-03-31,12.949383894915472,3.496736503747392,5.496092511662759,1.4769831810901917,6.160075736414877
sh601985,2017-01-24,7.02,7.05,7.0,7.04,0.001422,24560427.0,172562377.0,29858400000.0,109580627200.0,0.0057909999999999,7.130896208156082,2017-04-27,2017-03-31,12.967804071152905,3.5017105243786117,5.503910566444641,1.4790841528982859,6.168835364112058
sh601985,2017-01-25,7.03,7.05,7.01,7.04,0.0,21464719.0,150923273.0,29858400000.0,109580627200.0,0.0050609999999999,7.130896208156082,2017-04-27,2017-03-31,12.967804071152905,3.5017105243786117,5.503910566444641,1.4790841528982859,6.168835364112058
sh601985,2017-01-26,7.04,7.07,7.03,7.05,0.0014199999999999,26512977.0,186844540.0,29900812500.0,109736281500.0,0.006251,7.141022080771663,2017-04-27,2017-03-31,12.986224247390338,3.5066845450098314,5.511728621226522,1.4811851247063799,6.177595110329097
sh601985,2017-02-03,7.05,7.1,7.04,7.07,0.002837,35321585.0,249789749.0,29985637500.0,110047590100.0,0.008328,7.161281160414813,2017-04-27,2017-03-31,13.023064599865204,3.5166325862722707,5.527364730790286,1.4853870683225683,6.195120947657101
sh601985,2017-02-06,7.07,7.11,7.06,7.1,0.004243,34797433.0,246826850.0,30112875000.0,110514553000.0,0.008205,7.191666476378452,2017-04-27,2017-03-31,13.078325128577504,3.5315546481659292,5.55081889513593,1.4916899837468507,6.221406845838009
sh601985,2017-02-07,7.11,7.12,7.05,7.08,-0.002817,33508036.0,237140574.0,30028050000.0,110203244400.0,0.007901,7.171407551914495,2017-04-27,2017-03-31,13.041484776102637,3.5216066069034904,5.535182785572167,1.4874880401306625,6.203881142753285
sh601985,2017-02-08,7.07,7.09,7.02,7.08,0.0,43324060.0,305336362.0,30028050000.0,110203244400.0,0.010215,7.171407551914495,2017-04-27,2017-03-31,13.041484776102637,3.5216066069034904,5.535182785572167,1.4874880401306625,6.203881142753285
sh601985,2017-02-09,7.07,7.14,7.04,7.11,0.0042369999999999,53154790.0,377333911.0,30155287500.0,110670207300.0,0.0125329999999999,7.201792805711955,2017-04-27,2017-03-31,13.096745304814938,3.5365286687971493,5.558636949917812,1.493790955554945,6.230166987155129
sh601985,2017-02-10,7.11,7.19,7.1,7.16,0.0070319999999999,98610780.0,705370802.0,30367350000.0,111448478800.0,0.02325,7.252435812721721,2017-04-27,2017-03-31,13.188846186002102,3.561398771953247,5.59772722382722,1.5042958145954157,6.273977521408804
sh601985,2017-02-13,7.16,7.2,7.13,7.2,0.005587,81527354.0,584476739.0,30537000000.0,112071096000.0,0.019222,7.292955171607397,2017-04-27,2017-03-31,13.262526890951834,3.581294854478126,5.628999442954746,1.5126997018277923,6.3090302338209145
sh601985,2017-02-14,7.2,7.21,7.14,7.16,-0.005556,48993638.0,350936217.0,30367350000.0,111448478800.0,0.011552,7.252435512673946,2017-04-27,2017-03-31,13.188846186002102,3.561398771953247,5.59772722382722,1.5042958145954157,6.2739772618418055
sh601985,2017-02-15,7.18,7.29,7.16,7.17,0.001397,115451600.0,833470000.0,30410000000.000008,111604000000.0,0.027221,7.2625671650851515,2017-04-27,2017-03-31,13.20725061114588,3.566368539299167,5.605538593390052,1.5063949898624078,6.282742008076599
sh601985,2017-02-16,7.15,7.72,7.13,7.44,0.0376569999999999,275440574.0,2049817392.0,31554900000.0,115806799200.0,0.064943,7.536053656820763,2017-04-27,2017-03-31,13.70461112065023,3.7006713496273966,5.816632757719905,1.563123025222052,6.5193312238747385
sh601985,2017-02-17,7.37,7.46,7.3,7.3,-0.018817,162723880.0,1197603658.0,30961125000.0,113627639000.0,0.038367,7.3942477351603655,2017-04-27,2017-03-31,13.446728653326165,3.631035060790322,5.707179990773562,1.5337094199087338,6.396656968235087
sh601985,2017-02-20,7.35,7.41,7.28,7.34,0.0054789999999999,145660976.0,1067016682.0,31130775000.0,114250256200.0,0.034344,7.434760818501308,2017-04-27,2017-03-31,13.520409358275899,3.6509311433152,5.738452209901088,1.5421133071411104,6.431704251764046
sh601985,2017-02-21,7.38,7.45,7.36,7.4,0.0081739999999999,117408403.0,868080730.0,31385250000.0,115184182000.0,0.027682,7.495532553431738,2017-04-27,2017-03-31,13.630930415700497,3.680775267102518,5.7853605385923785,1.5547191379896754,6.484277002317965
sh601985,2017-02-22,7.4,7.42,7.31,7.41,0.001351,99533236.0,732759290.0,31427662500.0,115339836300.0,0.023468,7.505659017911425,2017-04-27,2017-03-31,13.64935059193793,3.6857492877337377,5.79317859337426,1.5568201097977696,6.493037260548098
sh601985,2017-02-23,7.38,7.39,7.3,7.34,-0.009447,68426269.0,502001534.0,31130775000.0,114250256200.0,0.016134,7.434753057169217,2017-04-27,2017-03-31,13.520409358275899,3.6509311433152,5.738452209901088,1.5421133071411104,6.4316975375476995
sh601985,2017-02-24,7.33,7.39,7.31,7.38,0.00545,61201488.0,450009283.0,31300425000.0,114872873400.0,0.01443,7.475272461330788,2017-04-27,2017-03-31,13.59409006322563,3.6708272258400787,5.769724429028615,1.550517194373487,6.466750289127335
sh601985,2017-02-27,7.35,7.4,7.26,7.27,-0.014905,70622793.0,517075577.0,30833887500.0,113160676100.0,0.016651,7.363853525294655,2017-04-27,2017-03-31,13.391468124613866,3.616112998896663,5.683725826427917,1.5274065044844514,6.370363376067893
sh601985,2017-02-28,7.26,7.29,7.23,7.28,0.001376,39693478.0,288234133.0,30876300000.0,113316330400.0,0.009359,7.3739861877454596,2017-04-27,2017-03-31,13.4098883008513,3.6210870195278826,5.6915438812098,1.5295074762925456,6.379128996073362
sh601985,2017-03-01,7.27,7.32,7.25,7.26,-0.002747,48112250.0,350542001.0,30791475000.0,113005021800.0,0.011344,7.353729847687723,2017-04-27,2017-03-31,13.373047948376433,3.6111389782654433,5.6759077716460355,1.5253055326763572,6.361605528721149
sh601985,2017-03-02,7.28,7.29,7.19,7.2,-0.008264,48905685.0,354181630.0,30537000000.0,112071096000.0,0.011531,7.292958624226432,2017-04-27,2017-03-31,13.262526890951834,3.581294854478126,5.628999442954746,1.5126997018277923,6.309033220631798
sh601985,2017-03-03,7.17,7.21,7.15,7.2,0.0,51317891.0,367958313.0,30537000000.0,112071096000.0,0.0121,7.292958624226432,2017-04-27,2017-03-31,13.262526890951834,3.581294854478126,5.628999442954746,1.5126997018277923,6.309033220631798
sh601985,2017-03-06,7.19,7.25,7.18,7.24,0.005556,38647705.0,279066676.0,30706650000.0,112693713200.0,0.009112,7.333478302342633,2017-04-27,2017-03-31,13.336207595901568,3.6011909370030044,5.660271662082273,1.521103589060169,6.344086209205627
sh601985,2017-03-07,7.24,7.24,7.19,7.21,-0.004144,31333098.0,225795845.0,30579412500.0,112226750300.0,0.007388,7.303088368257724,2017-04-27,2017-03-31,13.280947067189269,3.586268875109345,5.636817497736628,1.5148006736358863,6.317796315954678
sh601985,2017-03-08,7.21,7.23,7.18,7.2,-0.001387,32467610.0,233933572.0,30537000000.0,112071096000.0,0.0076549999999999,7.29295898469095,2017-04-27,2017-03-31,13.262526890951834,3.581294854478126,5.628999442954746,1.5126997018277923,6.309033532464448
sh601985,2017-03-09,7.22,7.23,7.12,7.18,-0.002778,48900187.0,350350068.0,30452175000.0,111759787400.0,0.01153,7.2726991446314795,2017-04-27,2017-03-31,13.225686538476968,3.571346813215686,5.613363333390983,1.508497758211604,6.291507037311263
sh601985,2017-03-10,7.15,7.18,7.13,7.15,-0.004178,27199060.0,194452550.0,30324937500.0,111292824500.0,0.0064129999999999,7.242313807605208,2017-04-27,2017-03-31,13.17042600976467,3.5564247513220275,5.589909169045339,1.5021948427873215,6.265221120909375
sh601985,2017-03-13,7.15,7.18,7.1,7.17,0.002797,35087668.0,250654641.0,30409762500.0,111604133100.0,0.008273,7.26257055932508,2017-04-27,2017-03-31,13.207266362239535,3.566372792584467,5.605545278609101,1.5063967864035097,6.282744944384559
sh601985,2017-03-14,7.16,7.22,7.15,7.19,0.002789,41903107.0,301087250.0,30494587500.0,111915441700.0,0.00988,7.282825868615038,2017-04-27,2017-03-31,13.244106714714402,3.576320833846906,5.621181388172865,1.5105987300196981,6.300267520034447
sh601985,2017-03-15,7.18,7.22,7.16,7.2,0.001391,31530047.0,226718014.0,30537000000.0,112071096000.0,0.007434,7.29295627939828,2017-04-27,2017-03-31,13.262526890951834,3.581294854478126,5.628999442954746,1.5126997018277923,6.309031192154814
sh601985,2017-03-16,7.22,7.25,7.21,7.24,0.005556,42304766.0,305991513.0,30706650000.0,112693713200.0,0.009975,7.333475944486615,2017-04-27,2017-03-31,13.336207595901568,3.6011909370030044,5.660271662082273,1.521103589060169,6.344084169458426
sh601985,2017-03-17,7.24,7.28,7.17,7.19,-0.006906,65768975.0,476102518.0,30494587500.0,111915441700.0,0.015507,7.28283095961399,2017-04-27,2017-03-31,13.244106714714402,3.576320833846906,5.621181388172865,1.5105987300196981,6.300271924184145
sh601985,2017-03-20,7.5,7.57,7.31,7.33,0.019471,179131637.0,1325325390.0,31088362500.0,114094601900.0,0.042236,7.424634961228634,2017-04-27,2017-03-31,13.501989182038466,3.645957122683981,5.7306341551192075,1.5400123353330164,6.422944518819935
sh601985,2017-03-21,7.33,7.38,7.29,7.34,0.001364,72771334.0,533671004.0,31130775000.0,114250256200.0,0.017158,7.4347621633157495,2017-04-27,2017-03-31,13.520409358275899,3.6509311433152,5.738452209901088,1.5421133071411104,6.431705415143605
sh601985,2017-03-22,7.31,7.42,7.29,7.36,0.002725,81731302.0,601671775.0,31215600000.0,114561564800.0,0.019271,7.455021890210786,2017-04-27,2017-03-31,13.557249710750765,3.66087918457764,5.754088319464852,1.5463152507572988,6.449231812399872
sh601985,2017-03-23,7.36,7.42,7.31,7.39,0.004076,87728664.0,647065059.0,31342837500.0,115028527700.0,0.020685,7.485408559435285,2017-04-27,2017-03-31,13.612510239463063,3.6758012464712984,5.777542483810496,1.5526181661815812,6.475518881267213
sh601985,2017-03-24,7.4,7.45,7.32,7.42,0.00406,97014466.0,716668367.0,31470075000.0,115495490600.0,0.022874,7.515799318186592,2017-04-27,2017-03-31,13.667770768175362,3.6907233083649573,5.800996648156142,1.5589210816058636,6.501809487925158
sh601985,2017-03-27,7.41,7.44,7.33,7.34,-0.010782,61652500.0,455031610.0,31130775000.0,114250256200.0,0.014536,7.4347639699379044,2017-04-27,2017-03-31,13.520409358275899,3.6509311433152,5.738452209901088,1.5421133071411104,6.431706978026349
sh601985,2017-03-28,7.33,7.35,7.28,7.28,-0.0081739999999999,49721156.0,363072982.0,30876300000.0,113316330400.0,0.011723,7.373992209247633,2017-04-27,2017-03-31,13.4098883008513,3.6210870195278826,5.6915438812098,1.5295074762925456,6.379134205187962
sh601985,2017-03-29,7.28,7.37,7.24,7.3,0.002747,61467197.0,449025707.0,30961125000.0,113627639000.0,0.014493,7.3942485658464365,2017-04-27,2017-03-31,13.446728653326165,3.631035060790322,5.707179990773562,1.5337094199087338,6.396657686849615
sh601985,2017-03-30,7.28,7.32,7.22,7.27,-0.00411,64262559.0,466838252.0,30833887500.0,113160676100.0,0.015152,7.363858204240808,2017-04-27,2017-03-31,13.391468124613866,3.616112998896663,5.683725826427917,1.5274065044844514,6.3703674237566625
sh601985,2017-03-31,7.26,7.31,7.23,7.26,-0.001376,43406931.0,315521298.0,30791475000.0,113005021800.0,0.010234,7.353725535351772,2017-04-27,2017-03-31,13.373047948376433,3.6111389782654433,5.6759077716460355,1.5253055326763572,6.361601798181573
sh601985,2017-04-05,7.32,7.45,7.27,7.41,0.020661,98773369.0,728406564.0,31427662500.0,115339836300.0,0.0232889999999999,7.505660858637675,2017-04-27,2017-03-31,13.64935059193793,3.6857492877337377,5.79317859337426,1.5568201097977696,6.493038852933803
sh601985,2017-04-06,7.44,7.65,7.41,7.54,0.017544,192510693.0,1449131944.0,31979025000.0,117363342200.0,0.04539,7.637340172741614,2017-04-27,2017-03-31,13.88881288302456,3.7504115559395927,5.894813305538721,1.5841327433029937,6.606952726569673
sh601985,2017-04-07,7.51,7.56,7.43,7.52,-0.002653,95149938.0,712954908.0,31894200000.0,117052033600.0,0.022434,7.61707830926333,2017-04-27,2017-03-31,13.851972530549693,3.740463514677153,5.879177195974957,1.5799307996868053,6.589424480986083
sh601985,2017-04-10,7.55,7.6,7.48,7.56,0.005319,97993533.0,738088102.0,32063850000.0,117674650800.0,0.023105,7.657593548790302,2017-04-27,2017-03-31,13.925653235499427,3.7603595972020316,5.910449415102484,1.588334686919182,6.624473629800448
sh601985,2017-04-11,7.56,7.7,7.53,7.69,0.017196,157773066.0,1203366903.0,32615212500.0,119698156700.0,0.0372,7.7892735274552996,2017-04-27,2017-03-31,14.165115526586058,3.825021865407887,6.012084127266944,1.615647320424406,6.738388078338496
sh601985,2017-04-12,7.66,7.68,7.56,7.6,-0.011704,103076939.0,783450579.0,32233500000.0,118297268000.0,0.024303,7.698107870089962,2017-04-27,2017-03-31,13.999333940449159,3.7802556797269102,5.94172163423001,1.5967385741515585,6.659521984269622
sh601985,2017-04-13,7.56,7.62,7.5,7.58,-0.002632,89095017.0,673878622.0,32148675000.0,117985959400.0,0.0210069999999999,7.677846450175886,2017-04-27,2017-03-31,13.962493587974294,3.7703076384644714,5.926085524666247,1.5925366305353703,6.6419941224070245
sh601985,2017-04-14,7.57,7.64,7.45,7.48,-0.013193,78174369.0,590214873.0,31724550000.0,116429416400.0,0.018432,7.576552621958714,2017-04-27,2017-03-31,13.778291825599963,3.7205674321522753,5.847904976847431,1.5715269124544287,6.554366293950108
sh601985,2017-04-17,7.48,7.5,7.38,7.46,-0.0026739999999999,68195967.0,506778234.0,31639725000.0,116118107800.0,0.016079,7.556292920247597,2017-04-27,2017-03-31,13.741451473125096,3.7106193908898355,5.832268867283668,1.5673249688382402,6.536839918480086
sh601985,2017-04-18,7.45,7.55,7.41,7.5,0.005362,77298069.0,579123447.0,31809375000.0,116740725000.0,0.018225,7.596809762885966,2017-04-27,2017-03-31,13.815132178074828,3.730515473414714,5.863541086411194,1.575728856070617,6.571890454122977
sh601985,2017-04-19,7.46,7.52,7.35,7.49,-0.001333,83343954.0,620181790.0,31766962500.0,116585070700.0,0.019651,7.586683215472039,2017-04-27,2017-03-31,13.796712001837395,3.7255414527834945,5.855723031629313,1.5736278842625229,6.563130124147632
sh601985,2017-04-20,7.47,7.57,7.43,7.57,0.010681,76747896.0,575975820.0,32106262500.0,117830305100.0,0.018096,7.667716578896496,2017-04-27,2017-03-31,13.944073411736861,3.7653336178332517,5.918267469884365,1.590435658727276,6.633230917003652
sh601985,2017-04-21,7.55,7.61,7.49,7.6,0.003963,76625623.0,579631447.0,32233500000.0,118297268000.0,0.018067,7.698103739698661,2017-04-27,2017-03-31,13.999333940449159,3.7802556797269102,5.94172163423001,1.5967385741515585,6.659518411127736
sh601985,2017-04-24,7.58,7.61,7.41,7.59,-0.001316,118154469.0,886121447.0,32191087500.0,118141613700.0,0.0278579999999999,7.687973035177217,2017-04-27,2017-03-31,13.980913764211726,3.7752816590956906,5.9339035794481285,1.5946376023434643,6.650754484898692
sh601985,2017-04-25,7.54,7.63,7.48,7.57,-0.002635,56611101.0,428011161.0,32106262500.0,117830305100.0,0.0133479999999999,7.667715226229525,2017-04-27,2017-03-31,13.944073411736861,3.7653336178332517,5.918267469884365,1.590435658727276,6.633229746830984
sh601985,2017-04-26,7.56,7.58,7.48,7.5,-0.009247,48760042.0,366710689.0,31809375000.0,116740725000.0,0.011497,7.596811863532581,2017-04-27,2017-03-31,13.815132178074828,3.730515473414714,5.863541086411194,1.575728856070617,6.571892271362038
sh601985,2017-04-27,7.48,7.83,7.44,7.76,0.034667,179039738.0,1370226808.0,32822084000.0,120787736800.0,0.04233,7.860170540405664,2017-04-27,2017-03-31,14.294056760248088,3.8598400098264243,6.066810510740115,1.630354123081065,6.799720060733345
sh601985,2017-04-28,7.71,7.76,7.67,7.74,-0.002577,75257529.0,580392134.0,32737491000.0,120476428200.0,0.017793,7.839914880923039,2017-08-25,2017-06-30,14.785446392683241,3.7516467809393452,6.179936434982668,1.6682259855840031,6.782197182136835
sh601985,2017-05-02,7.72,7.75,7.66,7.71,-0.0038759999999999,45859602.0,353309149.0,32610601500.0,120009465300.0,0.010842,7.809527370844582,2017-08-25,2017-06-30,14.728138460928653,3.737105514346557,6.155983192986611,1.661759993391817,6.755909385858873
sh601985,2017-05-03,7.68,7.83,7.56,7.59,-0.0155639999999999,108011150.0,831958130.0,32103043500.0,118141613700.0,0.025537,7.687979886844758,2017-08-25,2017-06-30,14.498906733910308,3.678940447975404,6.060170225002383,1.635896024623073,6.650760412177367
sh601985,2017-05-04,7.56,7.66,7.48,7.59,0.0,84382145.0,639236562.0,32103043500.0,118141613700.0,0.01995,7.687979886844758,2017-08-25,2017-06-30,14.498906733910308,3.678940447975404,6.060170225002383,1.635896024623073,6.650760412177367
sh601985,2017-05-05,7.56,7.66,7.52,7.61,0.002635,61999547.0,471346371.0,32187636500.0,118452922300.0,0.014658,7.708237713846593,2017-08-25,2017-06-30,14.537112021746701,3.68863462570393,6.076139052999755,1.6402066860845304,6.668285165863454
sh601985,2017-05-08,7.58,7.71,7.52,7.7,0.0118269999999999,96605793.0,737515257.0,32568305000.0,119853811000.0,0.02284,7.799403041288256,2017-08-25,2017-06-30,14.70903581701046,3.732258425482294,6.147998778987925,1.6596046626610885,6.74715097452012
sh601985,2017-05-09,7.64,7.75,7.62,7.65,-0.006494,55403356.0,426120142.0,32356822500.0,119075539500.0,0.013099,7.74875371793813,2017-08-25,2017-06-30,14.613522597419482,3.7080229811609806,6.108076708994497,1.648828009007445,6.703334976091586
sh601985,2017-05-10,7.66,7.79,7.6,7.63,-0.002614,71430805.0,550940234.0,32272229500.0,118764230900.0,0.016888,7.72849847571944,2017-08-25,2017-06-30,14.57531730958309,3.6983288034324553,6.092107880997125,1.6445173475459876,6.685812458464083
sh601985,2017-05-11,7.56,7.62,7.12,7.47,-0.02097,205182791.0,1524949143.0,31595485500.0,116273762100.0,0.048511,7.566431862683603,2017-08-25,2017-06-30,14.269675006891964,3.6207753816042514,5.964357257018156,1.6100320558543286,6.545610971210091
sh601985,2017-05-12,7.41,7.52,7.38,7.5,0.004016,66670135.0,496639692.0,31722375000.0,116740725000.0,0.015763,7.59681865304414,2017-08-25,2017-06-30,14.32698293864655,3.63531664819704,5.988310499014213,1.6164980480465148,6.57189814487047
sh601985,2017-05-15,7.47,7.53,7.47,7.5,0.0,34459385.0,258482729.0,31722375000.0,116740725000.0,0.008147,7.59681865304414,2017-08-25,2017-06-30,14.32698293864655,3.63531664819704,5.988310499014213,1.6164980480465148,6.57189814487047
sh601985,2017-05-16,7.49,7.53,7.38,7.53,0.004,44951886.0,336049403.0,31849264500.0,117207687900.0,0.010628,7.627205927656318,2017-08-25,2017-06-30,14.384290870401138,3.6498579147898282,6.01226374101027,1.622964040238701,6.598185737449953
sh601985,2017-05-17,7.53,7.53,7.47,7.52,-0.001328,34597931.0,259604390.0,31806968000.0,117052033600.0,0.00818,7.61707699818439,2017-08-25,2017-06-30,14.36518822648294,3.645010825925565,6.0042793270115835,1.620808709507972,6.589423346790619
sh601985,2017-05-18,7.48,7.52,7.45,7.51,-0.00133,47865547.0,358430570.0,31764671500.0,116896379300.0,0.011317,7.606946285776804,2017-08-25,2017-06-30,14.346085582564745,3.6401637370613025,5.996294913012898,1.6186533787772432,6.5806594137393875
sh601985,2017-05-19,7.49,7.5,7.41,7.43,-0.010652,34755956.0,258342568.0,31426299500.0,115651144900.0,0.008217,7.525917093940709,2017-08-25,2017-06-30,14.193264431219182,3.6013870261472007,5.932419601023414,1.6014107329314138,6.5105622296642345
sh601985,2017-05-22,7.43,7.48,7.32,7.47,0.005384,57730433.0,425734942.0,31595485500.0,116273762100.0,0.013649,7.5664366315744855,2017-08-25,2017-06-30,14.269675006891964,3.6207753816042514,5.964357257018156,1.6100320558543286,6.545615096708747
sh601985,2017-05-23,7.43,7.5,7.3,7.49,0.002677,77615606.0,575826837.0,31680078500.0,116585070700.0,0.01835,7.586691982437211,2017-08-25,2017-06-30,14.307880294728356,3.630469559332777,5.980326085015528,1.614342717315786,6.563137708322636
sh601985,2017-05-24,7.42,7.51,7.39,7.5,0.001335,31470782.0,234771270.0,31722375000.0,116740725000.0,0.007441,7.596820216233765,2017-08-25,2017-06-30,14.32698293864655,3.63531664819704,5.988310499014213,1.6164980480465148,6.571899497163248
sh601985,2017-05-25,7.5,7.62,7.49,7.59,0.012,50122512.0,379030072.0,32103043500.0,118141613700.0,0.01185,7.68798205882857,2017-08-25,2017-06-30,14.498906733910308,3.678940447975404,6.060170225002383,1.635896024623073,6.650762291129206
sh601985,2017-05-26,7.6,7.79,7.58,7.63,0.00527,69055546.0,530969988.0,32272229500.0,118764230900.0,0.016327,7.728497724278597,2017-08-25,2017-06-30,14.57531730958309,3.6983288034324553,6.092107880997125,1.6445173475459876,6.685811808403458
sh601985,2017-05-31,7.65,7.75,7.58,7.72,0.011796,60362195.0,463425983.0,32652898000.0,120165119600.0,0.014271,7.819663083434187,2017-08-25,2017-06-30,14.747241104846848,3.7419526032108195,6.163967606985296,1.6639153241225457,6.764677644495385
sh601985,2017-06-01,7.69,7.81,7.64,7.8,0.0103629999999999,90168264.0,699569651.0,32991270000.0,121410354000.0,0.021318,7.900698251967816,2017-08-25,2017-06-30,14.900062256192411,3.780729314124921,6.2278429189747815,1.6811579699683752,6.83477999892529
sh601985,2017-06-02,7.79,7.84,7.74,7.78,-0.002564,55484146.0,432432614.0,32906677000.0,121099045400.0,0.013118,7.88044086164977,2017-08-25,2017-06-30,14.861856968356022,3.7710351363963963,6.21187409097741,1.676847308506918,6.817255623008046
sh601985,2017-06-05,7.84,7.84,7.66,7.69,-0.011568,44100419.0,340456345.0,32526008500.0,119698156700.0,0.010426,7.789279921762206,2017-08-25,2017-06-30,14.689933173092264,3.7274113366180317,6.14001436498924,1.6574493319303598,6.73839360996109
sh601985,2017-06-06,7.7,7.77,7.67,7.76,0.009103,30810627.0,238329627.0,32822084000.0,120787736800.0,0.007284,7.860185736890008,2017-08-25,2017-06-30,14.82365168051963,3.7613409586678705,6.195905262980038,1.6725366470454606,6.799733206992566
sh601985,2017-06-07,7.77,7.8,7.72,7.76,0.0,46598501.0,361457071.0,32822084000.0,120787736800.0,0.011017,7.860185736890008,2017-08-25,2017-06-30,14.82365168051963,3.7613409586678705,6.195905262980038,1.6725366470454606,6.799733206992566
sh601985,2017-06-08,7.75,7.78,7.7,7.76,0.0,33214742.0,256833609.0,32822084000.0,120787736800.0,0.007853,7.860185736890008,2017-08-25,2017-06-30,14.82365168051963,3.7613409586678705,6.195905262980038,1.6725366470454606,6.799733206992566
sh601985,2017-06-09,7.78,7.95,7.76,7.91,0.01933,108267426.0,853809655.0,33456531500.0,123122551300.0,0.0255969999999999,8.012123127184092,2017-08-25,2017-06-30,15.110191339292562,3.8340472916318116,6.315671472960323,1.7048666080063908,6.931172049883733
sh601985,2017-06-12,7.93,8.08,7.88,7.94,0.003793,90384240.0,722656728.0,33583421000.0,123589514200.0,0.021369,8.042513110205501,2017-08-25,2017-06-30,15.167499271047149,3.8485885582245998,6.33962471495638,1.711332600198577,6.9574619854689415
sh601985,2017-06-13,7.91,7.99,7.87,7.95,0.001259,37597592.0,298196452.0,33625717500.0,123745168500.0,0.008889,8.052638634211249,2017-08-25,2017-06-30,15.186601914965344,3.853435647088862,6.347609128955066,1.7134879309293056,6.966221430108646
sh601985,2017-06-14,7.96,7.98,7.85,7.89,-0.007547,42723941.0,337012277.0,33371938500.0,122811242700.0,0.010101,7.991865370438858,2017-08-25,2017-06-30,15.07198605145617,3.824353113903286,6.299702644962951,1.7005559465449334,6.913647356975616
sh601985,2017-06-15,7.88,7.94,7.81,7.82,-0.008872,44529693.0,350115409.0,33075863000.0,121721662600.0,0.010528,7.920961540872324,2017-08-25,2017-06-30,14.938267544028804,3.790423491853447,6.243811746972153,1.6854686314298326,6.852309477624528
sh601985,2017-06-16,7.8,7.82,7.74,7.75,-0.008951,37009581.0,287581650.0,32779787500.0,120632082500.0,0.00875,7.850061014119976,2017-08-25,2017-06-30,14.804549036601436,3.7564938698036077,6.187920848981354,1.6703813163147319,6.7909744554903115
sh601985,2017-06-19,7.77,7.89,7.77,7.89,0.018065,39042802.0,306675596.0,33371938500.0,122811242700.0,0.009231,7.991872366340053,2017-08-25,2017-06-30,15.07198605145617,3.824353113903286,6.299702644962951,1.7005559465449334,6.913653409028744
sh601985,2017-06-20,7.89,7.91,7.79,7.81,-0.010139,29214206.0,229029319.0,33033566500.0,121566008300.0,0.0069069999999999,7.910842772417732,2017-08-25,2017-06-30,14.919164900110607,3.785576402989184,6.235827332973467,1.683313300699104,6.843555877114602
sh601985,2017-06-21,7.86,7.88,7.77,7.85,0.005122,29923462.0,234115677.0,33202752500.0,122188625500.0,0.007075,7.951362109098056,2017-08-25,2017-06-30,14.995575475783388,3.8049647584462347,6.267764988968209,1.6919346236220187,6.8786085703171835
sh601985,2017-06-22,7.85,7.93,7.83,7.88,0.003822,59009537.0,465181903.0,33329642000.0,122655588400.0,0.013951,7.981752215079029,2017-08-25,2017-06-30,15.052883407537976,3.819506025039023,6.291718230964266,1.6984006158142047,6.9048986122729366
sh601985,2017-06-23,7.86,7.9,7.7,7.89,0.001269,68864200.0,536970000.0,33372000000.000008,122810999999.99995,0.016281,7.991881058639965,2017-08-25,2017-06-30,15.071956266145518,3.824345556203515,6.2996901954689255,1.7005525859004256,6.913660928611911
sh601985,2017-06-26,7.85,7.94,7.82,7.88,-0.001267,58923942.0,463947733.0,33329642000.0,122655588400.0,0.013931,7.981755345338668,2017-08-25,2017-06-30,15.052883407537976,3.819506025039023,6.291718230964266,1.6984006158142047,6.904901320215359
sh601985,2017-06-27,7.88,7.88,7.83,7.85,-0.003807,26690269.0,209588950.0,33202752500.0,122188625500.0,0.00631,7.951368802738962,2017-08-25,2017-06-30,14.995575475783388,3.8049647584462347,6.267764988968209,1.6919346236220187,6.878614360889299
sh601985,2017-06-28,7.85,7.85,7.74,7.76,-0.011465,41472469.0,322551670.0,32822084000.0,120787736800.0,0.009805,7.86020635941556,2017-08-25,2017-06-30,14.82365168051963,3.7613409586678705,6.195905262980038,1.6725366470454606,6.799751047241703
sh601985,2017-06-29,7.76,7.82,7.75,7.79,0.0038659999999999,19360715.0,150678574.0,32948973500.0,121254699700.0,0.004577,7.89059391720106,2017-08-25,2017-06-30,14.880959612274218,3.7758822252606588,6.219858504976096,1.6790026392376467,6.826038884790338
sh601985,2017-06-30,7.75,7.82,7.7,7.81,0.002567,37853667.0,293808493.0,33033566500.0,121566008300.0,0.00895,7.910849071786515,2017-08-25,2017-06-30,14.919164900110607,3.785576402989184,6.235827332973467,1.683313300699104,6.843561326607595
sh601985,2017-07-03,7.77,7.83,7.73,7.8,-0.00128,26958661.0,209931620.0,32991270000.0,121410354000.0,0.006374,7.9007231849746296,2017-08-25,2017-06-30,14.900062256192411,3.780729314124921,6.2278429189747815,1.6811579699683752,6.834801568109539
sh601985,2017-07-04,7.8,7.85,7.76,7.84,0.005128,41605443.0,324964096.0,33160456000.0,122032971200.0,0.009837,7.941238093467179,2017-08-25,2017-06-30,14.976472831865193,3.8001176695819723,6.259780574969524,1.68977929289129,6.869850430550804
sh601985,2017-07-05,7.84,7.9,7.81,7.86,0.002551,40856790.0,321631568.0,33245049000.0,122344279800.0,0.00966,7.961496191843613,2017-08-25,2017-06-30,15.014678119701586,3.809811847310498,6.275749402966896,1.6940899543527475,6.887375418999139
sh601985,2017-07-06,7.87,7.89,7.77,7.84,-0.002545,39920365.0,312475837.0,33160456000.0,122032971200.0,0.009438,7.9412341840353715,2017-08-25,2017-06-30,14.976472831865193,3.8001176695819723,6.259780574969524,1.68977929289129,6.869847048557785
sh601985,2017-07-07,7.8,7.89,7.78,7.88,0.005102,34063945.0,267174776.0,33329642000.0,122655588400.0,0.008054,7.9817503608423195,2017-08-25,2017-06-30,15.052883407537976,3.819506025039023,6.291718230964266,1.6984006158142047,6.904897008199527
sh601985,2017-07-10,7.9,7.97,7.85,7.94,0.007614,48121316.0,381108849.0,33583421000.0,123589514200.0,0.011377,8.042523408089773,2017-08-25,2017-06-30,15.167499271047149,3.8485885582245998,6.33962471495638,1.711332600198577,6.957470894019958
sh601985,2017-07-11,7.94,7.96,7.88,7.89,-0.006297,36049817.0,285634365.0,33371938500.0,122811242700.0,0.008523,7.991879638189032,2017-08-25,2017-06-30,15.07198605145617,3.824353113903286,6.299702644962951,1.7005559465449334,6.9136596998003155
sh601985,2017-07-12,7.9,7.9,7.77,7.79,-0.012674,42634981.0,333449068.0,32948973500.0,121254699700.0,0.01008,7.890590555654625,2017-08-25,2017-06-30,14.880959612274218,3.7758822252606588,6.219858504976096,1.6790026392376467,6.826035976765047
sh601985,2017-07-13,7.79,7.87,7.76,7.86,0.008986,36430353.0,284515855.0,33245049000.0,122344279800.0,0.0086129999999999,7.961495402387737,2017-08-25,2017-06-30,15.014678119701586,3.809811847310498,6.275749402966896,1.6940899543527475,6.887374736052257
sh601985,2017-07-14,7.85,7.9,7.83,7.9,0.005089,33814950.0,266333884.0,33414235000.0,122966897000.0,0.007995,8.002011452490487,2017-08-25,2017-06-30,15.091088695374367,3.8292002027675487,6.307687058961638,1.7027112772756623,6.922424586084026
sh601985,2017-07-17,7.9,7.94,7.73,7.87,-0.003797,63981715.0,501321748.0,33287345500.0,122499934100.0,0.015127,7.971627815005379,2017-08-25,2017-06-30,15.03378076361978,3.8146589361747605,6.283733816965581,1.6962452850834762,6.896140139930664
sh601985,2017-07-18,7.83,8.05,7.78,8.02,0.01906,73481771.0,581906623.0,33921793000.0,124834748600.0,0.017373,8.123567041159383,2017-08-25,2017-06-30,15.32032042239271,3.887365269138701,6.403500026945864,1.7285752460444064,7.027580570997744
sh601985,2017-07-19,8.03,8.11,7.97,8.02,0.0,120447012.0,967202873.0,33921793000.0,124834748600.0,0.028477,8.123567041159383,2017-08-25,2017-06-30,15.32032042239271,3.887365269138701,6.403500026945864,1.7285752460444064,7.027580570997744
sh601985,2017-07-20,8.0,8.09,8.0,8.07,0.006234,62689850.0,504858999.0,34133275500.0,125613020100.0,0.014822,8.174209358093972,2017-08-25,2017-06-30,15.415833641983689,3.911600713460015,6.443422096939293,1.73935189969805,7.071390508277344
sh601985,2017-07-21,8.08,8.08,7.97,8.0,-0.008674,50270761.0,403541339.0,33837200000.0,124523440000.0,0.011885,8.103306266121864,2017-08-25,2017-06-30,15.28211513455632,3.8776710914101757,6.387531198948494,1.724264584582949,7.010053267008547
sh601985,2017-07-24,7.98,8.03,7.95,7.96,-0.005,46069279.0,367670256.0,33668014000.0,123900822800.0,0.010892,8.062789734791256,2017-08-25,2017-06-30,15.20570455888354,3.858282735953125,6.355593542953751,1.7156432616600343,6.975003000673504
sh601985,2017-07-25,7.96,8.01,7.93,7.98,0.002513,38523650.0,307085345.0,33752607000.0,124212131400.0,0.009108,8.083051525394787,2017-08-25,2017-06-30,15.24390984671993,3.8679769136816504,6.371562370951123,1.7199539231214918,6.992531183214196
sh601985,2017-07-26,8.0,8.01,7.9,7.99,0.001253,46877581.0,373195426.0,33794903500.0,124367785700.0,0.0110829999999999,8.093179588956104,2017-08-25,2017-06-30,15.263012490638125,3.8728240025459133,6.379546784949809,1.7221092538522205,7.001292824786764
sh601985,2017-07-27,7.9,7.9,7.78,7.88,0.0,47197724.0,370327272.0,33329642000.0,122655588400.0,0.011159,8.093179588956104,2017-08-25,2017-06-30,15.052883407537976,3.819506025039023,6.291718230964266,1.6984006158142047,7.001292824786764
sh601985,2017-07-28,7.86,7.93,7.85,7.88,0.0,28029616.0,221247901.0,33329642000.0,122655588400.0,0.0066269999999999,8.093179588956104,2017-08-25,2017-06-30,15.052883407537976,3.819506025039023,6.291718230964266,1.6984006158142047,7.001292824786764
sh601985,2017-07-31,7.84,7.92,7.79,7.82,-0.007614,51122166.0,400426374.0,33075863000.0,121721662600.0,0.012087,8.031558119565792,2017-08-25,2017-06-30,14.938267544028804,3.790423491853447,6.243811746972153,1.6854686314298326,6.947984981218837
sh601985,2017-08-01,7.82,7.86,7.8,7.84,0.002558,37643103.0,294686682.0,33160456000.0,122032971200.0,0.0089,8.052102845235643,2017-08-25,2017-06-30,14.976472831865193,3.8001176695819723,6.259780574969524,1.68977929289129,6.965757926800795
sh601985,2017-08-02,7.83,7.84,7.68,7.69,-0.019133,78740502.0,609924062.0,32526008500.0,119698156700.0,0.018616,7.89804196149775,2017-08-25,2017-06-30,14.689933173092264,3.7274113366180317,6.14001436498924,1.6574493319303598,6.832482080387316
sh601985,2017-08-03,7.68,7.71,7.6,7.63,-0.007802,49091874.0,375418718.0,32272229500.0,118764230900.0,0.011607,7.836421438114145,2017-08-25,2017-06-30,14.57531730958309,3.6983288034324553,6.092107880997125,1.6445173475459876,6.779175055196134
sh601985,2017-08-04,7.62,7.71,7.6,7.66,0.003932,38255291.0,292914526.0,32399119000.0,119231193800.0,0.009045,7.86723424720881,2017-08-25,2017-06-30,14.632625241337678,3.7128700700252435,6.116061122993183,1.6509833397381737,6.805830771513166
sh601985,2017-08-07,7.65,7.67,7.59,7.67,0.001305,23572062.0,179940838.0,32441415500.0,119386848100.0,0.005573,7.877500987901416,2017-08-25,2017-06-30,14.651727885255871,3.717717158889506,6.1240455369918685,1.6531386704689024,6.814712380669989
sh601985,2017-08-08,7.67,7.69,7.61,7.64,-0.0039109999999999,19057274.0,145591916.0,32314526000.0,118919885200.0,0.004506,7.846692081537734,2017-08-25,2017-06-30,14.594419953501285,3.7031758922967177,6.100092294995811,1.6466726782767163,6.7880600405491895
sh601985,2017-08-09,7.63,7.64,7.6,7.62,-0.002618,20428301.0,155636608.0,32229933000.0,118608576600.0,0.00483,7.826149441668268,2017-08-25,2017-06-30,14.556214665664896,3.6934817145681924,6.084123466998441,1.6423620168152588,6.770288899363031
sh601985,2017-08-10,7.62,7.66,7.53,7.66,0.005249,45802905.0,348054282.0,32399119000.0,119231193800.0,0.010829,7.867228900087586,2017-08-25,2017-06-30,14.632625241337678,3.7128700700252435,6.116061122993183,1.6509833397381737,6.8058261457957885
sh601985,2017-08-11,7.67,7.74,7.64,7.69,0.0039159999999999,50585410.0,388728790.0,32526008500.0,119698156700.0,0.01196,7.898036968460326,2017-08-25,2017-06-30,14.689933173092264,3.7274113366180317,6.14001436498924,1.6574493319303598,6.832477760982723
sh601985,2017-08-14,7.72,7.78,7.7,7.73,0.005202,29652218.0,229279322.0,32695194500.0,120320773900.0,0.007011,7.939122556770257,2017-08-25,2017-06-30,14.766343748765046,3.746799692075083,6.171952020983983,1.6660706548532747,6.868020310295355
sh601985,2017-08-15,7.73,7.74,7.66,7.67,-0.007762,20921688.0,160912051.0,32441415500.0,119386848100.0,0.004946,7.877499087484605,2017-08-25,2017-06-30,14.651727885255871,3.717717158889506,6.1240455369918685,1.6531386704689024,6.814710736646842
sh601985,2017-08-16,7.67,7.72,7.63,7.7,0.0039109999999999,20529780.0,157772980.0,32568305000.0,119853811000.0,0.004854,7.908307986415757,2017-08-25,2017-06-30,14.70903581701046,3.732258425482294,6.147998778987925,1.6596046626610885,6.841363070337867
sh601985,2017-08-17,7.71,7.87,7.7,7.8,0.012987,49263627.0,384614257.0,32991270000.0,121410354000.0,0.011647,8.011013182235338,2017-08-25,2017-06-30,14.900062256192411,3.780729314124921,6.2278429189747815,1.6811579699683752,6.930211852532345
sh601985,2017-08-18,7.8,7.85,7.75,7.78,-0.002564,37249540.0,290316432.0,32906677000.0,121099045400.0,0.0088069999999999,7.990472944436088,2017-08-25,2017-06-30,14.861856968356022,3.7710351363963963,6.21187409097741,1.676847308506918,6.912442789342452
sh601985,2017-08-21,7.81,7.84,7.75,7.78,0.0,30681930.0,238803255.0,32906677000.0,121099045400.0,0.007254,7.990472944436088,2017-08-25,2017-06-30,14.861856968356022,3.7710351363963963,6.21187409097741,1.676847308506918,6.912442789342452
sh601985,2017-08-22,7.78,7.8,7.7,7.71,-0.008997,25617589.0,198066563.0,32610601500.0,120009465300.0,0.006057,7.918582659354996,2017-08-25,2017-06-30,14.728138460928653,3.737105514346557,6.155983192986611,1.661759993391817,6.850251541566738
sh601985,2017-08-23,7.72,7.77,7.71,7.71,0.0,16385435.0,126634912.0,32610601500.0,120009465300.0,0.003874,7.918582659354996,2017-08-25,2017-06-30,14.728138460928653,3.737105514346557,6.155983192986611,1.661759993391817,6.850251541566738
sh601985,2017-08-24,7.71,7.72,7.62,7.63,-0.010376,22646669.0,173472181.0,32272229500.0,118764230900.0,0.005354,7.836419445681528,2017-08-25,2017-06-30,14.57531730958309,3.6983288034324553,6.092107880997125,1.6445173475459876,6.779173331571442
sh601985,2017-08-25,7.75,7.81,7.68,7.77,0.018349,43860291.0,340222641.0,32864380500.0,120943391100.0,0.01037,7.980209906090338,2017-08-25,2017-06-30,14.842754324437825,3.766188047532133,6.203889676978724,1.674691977776189,6.903564383032446
sh601985,2017-08-28,7.77,7.83,7.74,7.81,0.005148,66404474.0,517506042.0,33033566500.0,121566008300.0,0.0157,8.02129202668689,2018-04-20,2018-03-31,15.105247357868839,3.588280109492891,6.151992020005719,1.5137301430550043,6.9391039324762955
sh601985,2017-08-29,7.82,7.83,7.76,7.78,-0.003841,27437116.0,213815146.0,32906677000.0,121099045400.0,0.006487,7.990482244012386,2018-04-20,2018-03-31,15.047224640745146,3.574496703182419,6.1283608086612675,1.5079155586386601,6.912450834271655
sh601985,2017-08-30,7.78,7.78,7.73,7.76,-0.002571,25397671.0,197021940.0,32822084000.0,120787736800.0,0.006005,7.969938714163031,2018-04-20,2018-03-31,15.008542829329347,3.565307765642104,6.1126066677649655,1.5040391690277637,6.894678923176743
sh601985,2017-08-31,7.75,7.79,7.68,7.72,-0.005155,35456331.0,273968299.0,32652898000.0,120165119600.0,0.008383,7.928853680091519,2018-04-20,2018-03-31,14.931179206497752,3.546929890561475,6.081098385972362,1.496286389805971,6.859136853327766
sh601985,2017-09-01,7.72,7.74,7.69,7.71,-0.001295,26801692.0,206611009.0,32610601500.0,120009465300.0,0.006337,7.918585814575801,2018-04-20,2018-03-31,14.911838300789855,3.5423354217913174,6.073221315524212,1.4943481950005228,6.850254271102706
sh601985,2017-09-04,7.69,7.71,7.67,7.69,-0.002594,26586615.0,204269683.0,32526008500.0,119698156700.0,0.006286,7.8980450029727916,2018-04-20,2018-03-31,14.873156489374058,3.5331464842510028,6.057467174627911,1.4904718053896266,6.832484711523466
sh601985,2017-09-05,7.7,7.71,7.68,7.7,0.0013,17625848.0,135682933.0,32568305000.0,119853811000.0,0.004167,7.9083124614766565,2018-04-20,2018-03-31,14.892497395081955,3.53774095302116,6.065344245076061,1.4924100001950749,6.841366941648446
sh601985,2017-09-06,7.7,7.77,7.63,7.74,0.005195,37352762.0,287704786.0,32737491000.0,120476428200.0,0.008831,7.949396144714028,2018-04-20,2018-03-31,14.96986101791355,3.5561188281017895,6.096852526868664,1.5001627794168675,6.8769078429103105
sh601985,2017-09-07,7.72,7.73,7.66,7.66,-0.010336,27682569.0,212684449.0,32399119000.0,119231193800.0,0.006545,7.867231186162263,2018-04-20,2018-03-31,14.81513377225036,3.5193630779405307,6.033835963283458,1.4846572209732822,6.8058281234459885
sh601985,2017-09-08,7.65,7.67,7.6,7.61,-0.006527,32926800.0,251157753.0,32187636500.0,118452922300.0,0.0077849999999999,7.815881768210181,2018-04-20,2018-03-31,14.718429243710869,3.496390734089744,5.994450611042705,1.4749662469460416,6.761406483284256
sh601985,2017-09-11,7.6,7.63,7.58,7.6,-0.001314,31111955.0,236533930.0,32145340000.0,118297268000.0,0.007356,7.805611699566752,2018-04-20,2018-03-31,14.699088338002968,3.491796265319586,5.986573540594554,1.4730280521405932,6.75252199516522
sh601985,2017-09-12,7.65,7.66,7.59,7.61,0.001316,29739668.0,226545029.0,32187636500.0,118452922300.0,0.007031,7.815883884563384,2018-04-20,2018-03-31,14.718429243710869,3.496390734089744,5.994450611042705,1.4749662469460416,6.7614083141108585
sh601985,2017-09-13,7.62,7.63,7.56,7.58,-0.003942,27343424.0,207168562.0,32060747000.0,117985959400.0,0.006465,7.785073670290434,2018-04-20,2018-03-31,14.660406526587172,3.482607327779272,5.970819399698253,1.469151662529697,6.734754842536634
sh601985,2017-09-14,7.58,7.58,7.5,7.51,-0.009235,37809800.0,284979464.0,31764671500.0,116896379300.0,0.008939,7.7131785149453025,2018-04-20,2018-03-31,14.525020186631881,3.45044604638817,5.915679906561198,1.45558429889156,6.672559381565808
sh601985,2017-09-15,7.52,7.54,7.5,7.52,0.001332,27499200.0,206750000.0,31807000000.0,117052000000.0,0.006502,7.72345246872721,2018-04-20,2018-03-31,14.544356917354369,3.4550395233826383,5.9235552766415,1.4575220753125147,6.681447230662054
sh601985,2017-09-18,7.53,7.56,7.48,7.49,-0.003989,40041200.0,300832037.0,31680078500.0,116585070700.0,0.009467,7.692643616829457,2018-04-20,2018-03-31,14.486338375216084,3.441257108847856,5.8999257656648965,1.4517079092806637,6.654794937658943
sh601985,2017-09-19,7.49,7.5,7.43,7.45,-0.00534,43767765.0,325976558.0,31510892500.0,115962453500.0,0.010348,7.651564899915588,2018-04-20,2018-03-31,14.40897475238449,3.4228792337672265,5.868417483872293,1.443955130058871,6.619258332691845
sh601985,2017-09-20,7.43,7.55,7.42,7.52,0.009396,40191413.0,300660661.0,31806968000.0,117052033600.0,0.009502,7.723459003715195,2018-04-20,2018-03-31,14.544361092339779,3.4550405151583274,5.923556977009348,1.457522493697008,6.681452883985818
sh601985,2017-09-21,7.51,7.51,7.47,7.47,-0.0066489999999999,14488292.0,108538779.0,31595485500.0,116273762100.0,0.003425,7.6721057247994935,2018-04-20,2018-03-31,14.447656563800287,3.4320681713075407,5.8841716247685945,1.4478315196697673,6.637027903760196
sh601985,2017-09-22,7.45,7.53,7.41,7.51,0.0053549999999999,29595843.0,220721158.0,31764671500.0,116896379300.0,0.006997,7.713189850955795,2018-04-20,2018-03-31,14.525020186631881,3.45044604638817,5.915679906561198,1.45558429889156,6.6725691881848315
sh601985,2017-09-25,7.49,7.58,7.45,7.56,0.006658,43656800.0,328730890.0,31976154000.0,117674650800.0,0.010322,7.764544268983459,2018-04-20,2018-03-31,14.621724715171373,3.473418390238957,5.955065258801951,1.4652752729188006,6.716995153839767
sh601985,2017-09-26,7.54,7.55,7.48,7.52,-0.005291,18667807.0,140301630.0,31806968000.0,117052033600.0,0.004414,7.7234620652562676,2018-04-20,2018-03-31,14.544361092339779,3.4550405151583274,5.923556977009348,1.457522493697008,6.6814555324808005
sh601985,2017-09-27,7.5,7.52,7.47,7.48,-0.005319,14441645.0,108212803.0,31637782000.0,116429416400.0,0.003414,7.6823809705311685,2018-04-20,2018-03-31,14.466997469508186,3.4366626400776985,5.8920486952167455,1.4497697144752155,6.645916870503535
sh601985,2017-09-28,7.49,7.49,7.42,7.47,-0.0013369999999999,20225900.0,150752087.0,31595485500.0,116273762100.0,0.004782,7.672109627173569,2018-04-20,2018-03-31,14.447656563800287,3.4320681713075407,5.8841716247685945,1.4478315196697673,6.637031279647672
sh601985,2017-09-29,7.46,7.5,7.45,7.46,-0.001339,13140212.0,98194459.0,31553189000.0,116118107800.0,0.003107,7.661836672382783,2018-04-20,2018-03-31,14.428315658092387,3.427473702537384,5.8762945543204435,1.4458933248643193,6.6281442947642235
sh601985,2017-10-09,7.53,7.55,7.5,7.5,0.005362,22156034.0,166691712.0,31722375000.0,116740725000.0,0.005238,7.702919440620101,2018-04-20,2018-03-31,14.505679280923983,3.445851577618013,5.907802836113047,1.4536461040861117,6.66368440447275
sh601985,2017-10-10,7.5,7.52,7.48,7.51,0.001333,17727558.0,132926737.0,31764671500.0,116896379300.0,0.0041909999999999,7.713187432234448,2018-04-20,2018-03-31,14.525020186631881,3.45044604638817,5.915679906561198,1.45558429889156,6.672567095783913
sh601985,2017-10-11,7.51,7.52,7.48,7.51,0.0,16417292.0,123136186.0,31764671500.0,116896379300.0,0.003881,7.713187432234448,2018-04-20,2018-03-31,14.525020186631881,3.45044604638817,5.915679906561198,1.45558429889156,6.672567095783913
sh601985,2017-10-12,7.51,7.52,7.46,7.47,-0.005326,15886100.0,118845931.0,31595485500.0,116273762100.0,0.003756,7.672106995970368,2018-04-20,2018-03-31,14.447656563800287,3.4320681713075407,5.8841716247685945,1.4478315196697673,6.637029003431768
sh601985,2017-10-13,7.48,7.49,7.45,7.48,0.001339,11393181.0,85061103.0,31637782000.0,116429416400.0,0.002694,7.682379947237972,2018-04-20,2018-03-31,14.466997469508186,3.4366626400776985,5.8920486952167455,1.4497697144752155,6.645915985267363
sh601985,2017-10-16,7.47,7.49,7.44,7.45,-0.004011,20621800.0,153824220.0,31510892500.0,115962453500.0,0.004876,7.651565921269601,2018-04-20,2018-03-31,14.40897475238449,3.4228792337672265,5.868417483872293,1.443955130058871,6.619259216250456
sh601985,2017-10-17,7.44,7.52,7.43,7.48,0.004027,20283588.0,151815940.0,31637782000.0,116429416400.0,0.004796,7.682378777234553,2018-04-20,2018-03-31,14.466997469508186,3.4366626400776985,5.8920486952167455,1.4497697144752155,6.645914973114297
sh601985,2017-10-18,7.49,7.57,7.47,7.56,0.010695,44539578.0,335399123.0,31976154000.0,117674650800.0,0.01053,7.764541818257076,2018-04-20,2018-03-31,14.621724715171373,3.473418390238957,5.955065258801951,1.4652752729188006,6.716993033751753
sh601985,2017-10-19,7.56,7.6,7.51,7.6,0.005291,44331166.0,335075293.0,32145340000.0,118297268000.0,0.010481,7.805624009017474,2018-04-20,2018-03-31,14.699088338002968,3.491796265319586,5.986573540594554,1.4730280521405932,6.752532643893334
sh601985,2017-10-20,7.57,7.59,7.54,7.57,-0.003947,17020424.0,128783890.0,32018450500.0,117830305100.0,0.004024,7.774815211053881,2018-04-20,2018-03-31,14.641065620879274,3.4780128590091146,5.962942329250102,1.467213467724249,6.725880397547885
sh601985,2017-10-23,7.56,7.59,7.52,7.53,-0.005284,17644122.0,133020526.0,31849264500.0,117207687900.0,0.0041719999999999,7.733733087478672,2018-04-20,2018-03-31,14.563701998047678,3.4596349839284852,5.931434047457499,1.4594606885024564,6.690340845527242
sh601985,2017-10-24,7.54,7.62,7.51,7.61,0.010624,51869490.0,393570150.0,32187636500.0,118452922300.0,0.012263,7.815896267800045,2018-04-20,2018-03-31,14.718429243710869,3.496390734089744,5.994450611042705,1.4749662469460416,6.761419026670123
sh601985,2017-10-25,7.6,7.6,7.56,7.58,-0.003942,21738448.0,164668534.0,32060747000.0,117985959400.0,0.00514,7.785086004712376,2018-04-20,2018-03-31,14.660406526587172,3.482607327779272,5.970819399698253,1.469151662529697,6.734765512866989
sh601985,2017-10-26,7.57,7.67,7.55,7.65,0.009235,44603330.0,340024177.0,32356822500.0,119075539500.0,0.010545,7.8569812739658955,2018-04-20,2018-03-31,14.795792866542463,3.5147686091703734,6.025958892835308,1.482719026167834,6.796961072378316
sh601985,2017-10-27,7.66,7.73,7.61,7.63,-0.002614,36321619.0,278696568.0,32272229500.0,118764230900.0,0.008587,7.836443124915749,2018-04-20,2018-03-31,14.757111055126664,3.5055796716300587,6.010204751939006,1.4788426365569378,6.77919381613512
sh601985,2017-10-30,7.64,7.84,7.55,7.77,0.018349,117268858.0,909581610.0,32864380500.0,120943391100.0,0.027725,7.980234019814827,2018-04-20,2018-03-31,15.027883735037245,3.5699022344122615,6.1204837382131165,1.5059773638332117,6.903585243467382
sh601985,2017-10-31,7.77,7.85,7.73,7.79,0.002574,64221849.0,500111042.0,32948973500.0,121254699700.0,0.015184,8.000775142181832,2018-04-20,2018-03-31,15.066565546453043,3.579091171952576,6.136237879109418,1.509853753444108,6.921355071884068
sh601985,2017-11-01,7.79,7.87,7.76,7.81,0.002567,55439421.0,432919254.0,33033566500.0,121566008300.0,0.0131069999999999,8.021313131971812,2018-04-20,2018-03-31,15.105247357868839,3.588280109492891,6.151992020005719,1.5137301430550043,6.939122190353595
sh601985,2017-11-02,7.76,7.82,7.68,7.79,-0.002561,61679432.0,478152078.0,32948973500.0,121254699700.0,0.014583,8.000770549040833,2018-04-20,2018-03-31,15.066565546453043,3.579091171952576,6.136237879109418,1.509853753444108,6.9213510984241
sh601985,2017-11-03,7.77,7.82,7.69,7.8,0.001284,57885981.0,449297245.0,32991270000.0,121410354000.0,0.013686,8.011043538425803,2018-04-20,2018-03-31,15.085906452160941,3.5836856407227335,6.144114949557569,1.5117919482495563,6.930238113234477
sh601985,2017-11-06,7.79,7.87,7.77,7.8,0.0,39285320.0,306929911.0,32991270000.0,121410354000.0,0.009288,8.011043538425803,2018-04-20,2018-03-31,15.085906452160941,3.5836856407227335,6.144114949557569,1.5117919482495563,6.930238113234477
sh601985,2017-11-07,7.81,7.93,7.76,7.89,0.011538,89412502.0,703645818.0,33371938500.0,122811242700.0,0.0211389999999999,8.103474958772159,2018-04-20,2018-03-31,15.25997460353203,3.6250358596541497,6.215008583590925,1.5292357014985896,7.010199200584976
sh601985,2017-11-08,7.88,7.92,7.78,7.81,-0.010139,65907982.0,516474050.0,33033566500.0,121566008300.0,0.0155819999999999,8.02131382616517,2018-04-20,2018-03-31,15.105247357868839,3.588280109492891,6.151992020005719,1.5137301430550043,6.939122790890245
sh601985,2017-11-09,7.8,7.83,7.73,7.8,-0.00128,42299648.0,329641109.0,32991270000.0,121410354000.0,0.010001,8.011046544467678,2018-04-20,2018-03-31,15.085906452160941,3.5836856407227335,6.144114949557569,1.5117919482495563,6.930240713717906
sh601985,2017-11-10,7.78,7.8,7.7,7.72,-0.010256,58576694.0,452465343.0,32652898000.0,120165119600.0,0.013849,7.928885251107617,2018-04-20,2018-03-31,14.931179206497752,3.546929890561475,6.081098385972362,1.496286389805971,6.859164164958014
sh601985,2017-11-13,7.73,7.76,7.66,7.7,-0.002591,42953811.0,330811747.0,32568305000.0,119853811000.0,0.0101549999999999,7.908341509421996,2018-04-20,2018-03-31,14.892497395081955,3.53774095302116,6.065344245076061,1.4924100001950749,6.841392070606608
sh601985,2017-11-14,7.68,7.75,7.66,7.7,0.0,32095882.0,247191014.0,32568305000.0,119853811000.0,0.0075879999999999,7.908341509421996,2018-04-20,2018-03-31,14.892497395081955,3.53774095302116,6.065344245076061,1.4924100001950749,6.841392070606608
sh601985,2017-11-15,7.68,7.73,7.66,7.69,-0.001299,32267732.0,248186988.0,32526008500.0,119698156700.0,0.007629,7.898068573801257,2018-04-20,2018-03-31,14.873156489374058,3.5331464842510028,6.057467174627911,1.4904718053896266,6.8325051023068895
sh601985,2017-11-16,7.66,7.67,7.42,7.44,-0.03251,82132787.0,619595966.0,31468596000.0,115806799200.0,0.019418,7.641302364466978,2018-04-20,2018-03-31,14.389633846676592,3.418284764997069,5.860540413424142,1.442016935253423,6.6103803614308925
sh601985,2017-11-17,7.42,7.55,7.19,7.53,0.012097,130137014.0,956788010.0,31849264500.0,117207687900.0,0.030768,7.733739199169936,2018-04-20,2018-03-31,14.563701998047678,3.4596349839284852,5.931434047457499,1.4594606885024564,6.690346132663123
sh601985,2017-11-20,7.41,7.5,7.33,7.44,-0.0119519999999999,30688612.0,227881368.0,31468596000.0,115806799200.0,0.007256,7.6413055482614585,2018-04-20,2018-03-31,14.389633846676592,3.418284764997069,5.860540413424142,1.442016935253423,6.610383115685535
sh601985,2017-11-21,7.44,7.5,7.41,7.46,0.002688,24202209.0,180681648.0,31553189000.0,116118107800.0,0.005722,7.661845377575185,2018-04-20,2018-03-31,14.428315658092387,3.427473702537384,5.8762945543204435,1.4458933248643193,6.628151825500497
sh601985,2017-11-22,7.49,7.59,7.45,7.57,0.014745,37204162.0,280063728.0,32018450500.0,117830305100.0,0.008796,7.7748192876675315,2018-04-20,2018-03-31,14.641065620879274,3.4780128590091146,5.962942329250102,1.467213467724249,6.725883924167503
sh601985,2017-11-23,7.55,7.62,7.38,7.46,-0.014531,37788099.0,283883864.0,31553189000.0,116118107800.0,0.008934,7.6618433885984345,2018-04-20,2018-03-31,14.428315658092387,3.427473702537384,5.8762945543204435,1.4458933248643193,6.6281501048654246
sh601985,2017-11-24,7.46,7.49,7.36,7.48,0.002681,25866725.0,192396292.0,31637782000.0,116429416400.0,0.006116,7.682384790723265,2018-04-20,2018-03-31,14.466997469508186,3.4366626400776985,5.8920486952167455,1.4497697144752155,6.645920175296568
sh601985,2017-11-27,7.45,7.52,7.42,7.49,0.0013369999999999,24202900.0,181009827.0,31680078500.0,116585070700.0,0.005722,7.692656139188462,2018-04-20,2018-03-31,14.486338375216084,3.441257108847856,5.8999257656648965,1.4517079092806637,6.654805770570938
sh601985,2017-11-28,7.5,7.5,7.43,7.46,-0.004005,14371905.0,107296585.0,31553189000.0,116118107800.0,0.0033979999999999,7.661847051351012,2018-04-20,2018-03-31,14.428315658092387,3.427473702537384,5.8762945543204435,1.4458933248643193,6.628153273459802
sh601985,2017-11-29,7.48,7.49,7.39,7.41,-0.006702,19387733.0,143856664.0,31341706500.0,115339836300.0,0.004584,7.610497352412858,2018-04-20,2018-03-31,14.331611129552895,3.404501358686597,5.83690920207969,1.4362023508370785,6.583731390221074
sh601985,2017-11-30,7.39,7.4,7.3,7.35,-0.008097,31151384.0,228764245.0,31087927500.0,114405910500.0,0.007365,7.548875155350371,2018-04-20,2018-03-31,14.215565695305502,3.3769345460656526,5.789646779390785,1.4245731820043894,6.530422917154454
sh601985,2017-12-01,7.37,7.38,7.31,7.36,0.001361,19452513.0,142750273.0,31130224000.0,114561564800.0,0.004599,7.5591491744368025,2018-04-20,2018-03-31,14.234906601013401,3.3815290148358104,5.797523849838937,1.4265113768098379,6.539310822744701
sh601985,2017-12-04,7.34,7.37,7.3,7.36,0.0,20590911.0,150967802.0,31130224000.0,114561564800.0,0.004868,7.5591491744368025,2018-04-20,2018-03-31,14.234906601013401,3.3815290148358104,5.797523849838937,1.4265113768098379,6.539310822744701
sh601985,2017-12-05,7.35,7.58,7.33,7.52,0.0217389999999999,71727586.0,536903906.0,31806968000.0,117052033600.0,0.016958,7.723477518339883,2018-04-20,2018-03-31,14.544361092339779,3.4550405151583274,5.923556977009348,1.457522493697008,6.681468900720348
sh601985,2017-12-06,7.51,7.53,7.45,7.48,-0.005319,22507426.0,168534470.0,31637782000.0,116429416400.0,0.005321,7.6823963414198335,2018-04-20,2018-03-31,14.466997469508186,3.4366626400776985,5.8920486952167455,1.4497697144752155,6.645930167637417
sh601985,2017-12-07,7.47,7.69,7.46,7.53,0.006684,34547742.0,262531816.0,31849264500.0,117207687900.0,0.008168,7.733745478565883,2018-04-20,2018-03-31,14.563701998047678,3.4596349839284852,5.931434047457499,1.4594606885024564,6.690351564877904
sh601985,2017-12-08,7.5,7.53,7.46,7.5,-0.003984,18261659.0,136885457.0,31722375000.0,116740725000.0,0.004318,7.702934236579276,2018-04-20,2018-03-31,14.505679280923983,3.445851577618013,5.907802836113047,1.4536461040861117,6.66369720424343
sh601985,2017-12-11,7.5,7.5,7.46,7.48,-0.002667,14044745.0,104969398.0,31637782000.0,116429416400.0,0.003321,7.682390510970319,2018-04-20,2018-03-31,14.466997469508186,3.4366626400776985,5.8920486952167455,1.4497697144752155,6.645925123799713
sh601985,2017-12-12,7.49,7.57,7.46,7.47,-0.0013369999999999,21728440.0,163100043.0,31595485500.0,116273762100.0,0.005137,7.672119154857152,2018-04-20,2018-03-31,14.447656563800287,3.4320681713075407,5.8841716247685945,1.4478315196697673,6.637039521909193
sh601985,2017-12-13,7.46,7.46,7.4,7.43,-0.0053549999999999,21446423.0,159283868.0,31426299500.0,115651144900.0,0.00507,7.631034956782893,2018-04-20,2018-03-31,14.37029294096869,3.4136902962269113,5.852663342975991,1.4400787404479747,6.60149817526937
sh601985,2017-12-14,7.44,7.44,7.4,7.4,-0.004038,13176718.0,97733862.0,31299410000.0,115184182000.0,0.0031149999999999,7.600220837627404,2018-04-20,2018-03-31,14.312270223844997,3.3999068899164397,5.82903213163154,1.4342641560316305,6.574841325637633
sh601985,2017-12-15,7.37,7.39,7.22,7.28,-0.016216,66603706.0,485572571.0,30791852000.0,113316330400.0,0.015747,7.476975656524438,2018-04-20,2018-03-31,14.080179355350213,3.3447732646745516,5.734507286253731,1.4110058183662526,6.468223698701093
sh601985,2017-12-18,7.3,7.31,7.24,7.29,0.001374,16283937.0,118464825.0,30834148500.0,113471984700.0,0.00385,7.487249021076502,2018-04-20,2018-03-31,14.09952026105811,3.3493677334447085,5.742384356701882,1.4129440131717006,6.477111038063107
sh601985,2017-12-19,7.28,7.31,7.26,7.28,-0.001372,12175203.0,88648811.0,30791852000.0,113316330400.0,0.002879,7.476976515419585,2018-04-20,2018-03-31,14.080179355350213,3.3447732646745516,5.734507286253731,1.4110058183662526,6.468224441718885
sh601985,2017-12-20,7.28,7.31,7.23,7.31,0.004121,17991301.0,130892365.0,30918741500.0,113783293300.0,0.004254,7.50778913563963,2018-04-20,2018-03-31,14.138202072473907,3.358556670985023,5.758138497598183,1.416820402782597,6.494879994643209
sh601985,2017-12-21,7.29,7.3,7.23,7.27,-0.005472,13408993.0,97483166.0,30749555500.0,113160676100.0,0.00317,7.46670651348941,2018-04-20,2018-03-31,14.060838449642313,3.340178795904394,5.72663021580558,1.4090676235608044,6.459340011312522
sh601985,2017-12-22,7.25,7.28,7.25,7.26,-0.001376,9638192.0,70056692.0,30707259000.0,113005021800.0,0.0022789999999999,7.456432325326848,2018-04-20,2018-03-31,14.041497543934415,3.3355843271342365,5.718753145357429,1.4071294287553562,6.450451959456955
sh601985,2017-12-25,7.26,7.27,7.2,7.25,-0.001377,16024884.0,116034684.0,30664962500.0,112849367500.0,0.003789,7.446164818014872,2018-04-20,2018-03-31,14.022156638226516,3.330989858364079,5.710876074909279,1.4051912339499082,6.441569687108783
sh601985,2017-12-26,7.23,7.29,7.2,7.29,0.005517,13502173.0,97774537.0,30834148500.0,113471984700.0,0.003192,7.48724530931586,2018-04-20,2018-03-31,14.09952026105811,3.3493677334447085,5.742384356701882,1.4129440131717006,6.477107827072561
sh601985,2017-12-27,7.28,7.3,7.22,7.25,-0.005487,13989000.0,101514634.0,30664962500.0,112849367500.0,0.003307,7.446162794303644,2018-04-20,2018-03-31,14.022156638226516,3.330989858364079,5.710876074909279,1.4051912339499082,6.441567936425415
sh601985,2017-12-28,7.25,7.31,7.23,7.3,0.0068969999999999,20079825.0,146365525.0,30876445000.0,113627639000.0,0.0047469999999999,7.497518979095957,2018-04-20,2018-03-31,14.11886116676601,3.353962202214866,5.750261427150032,1.4148822079771488,6.48599543048294
sh601985,2017-12-29,7.28,7.37,7.28,7.35,0.0068489999999999,16280716.0,119279926.0,31087927500.0,114405910500.0,0.003849,7.548869486583784,2018-04-20,2018-03-31,14.215565695305502,3.3769345460656526,5.789646779390785,1.4245731820043894,6.530418013186317
sh601985,2018-01-02,7.35,7.41,7.35,7.39,0.005442,20662414.0,152627467.0,31257113500.0,115028527700.0,0.004885,7.589950434329772,2018-04-20,2018-03-31,14.292929318137096,3.395312421146282,5.821155061183388,1.432325961226182,6.565956548014077
sh601985,2018-01-03,7.39,7.43,7.37,7.4,0.001353,19567184.0,144854662.0,31299410000.0,115184182000.0,0.004626,7.600219637267419,2018-04-20,2018-03-31,14.312270223844997,3.3999068899164397,5.82903213163154,1.4342641560316305,6.574840287223539
sh601985,2018-01-04,7.4,7.44,7.38,7.42,0.002703,15430695.0,114347597.0,31384003000.0,115495490600.0,0.0036479999999999,7.620763030946952,2018-04-20,2018-03-31,14.350952035260793,3.4090958274567544,5.844786272527841,1.4381405456425267,6.592612080519903
sh601985,2018-01-05,7.41,7.43,7.38,7.42,0.0,15306442.0,113238178.0,31384003000.0,115495490600.0,0.003619,7.620763030946952,2018-04-20,2018-03-31,14.350952035260793,3.4090958274567544,5.844786272527841,1.4381405456425267,6.592612080519903
sh601985,2018-01-08,7.41,7.42,7.36,7.41,-0.001348,19293983.0,142539660.0,31341706500.0,115339836300.0,0.004562,7.610490242381235,2018-04-20,2018-03-31,14.331611129552895,3.404501358686597,5.83690920207969,1.4362023508370785,6.583725239435362
sh601985,2018-01-09,7.41,7.42,7.37,7.4,-0.00135,14034099.0,103767922.0,31299410000.0,115184182000.0,0.0033179999999999,7.600216080554021,2018-04-20,2018-03-31,14.312270223844997,3.3999068899164397,5.82903213163154,1.4342641560316305,6.574837210362125
sh601985,2018-01-10,7.43,7.48,7.37,7.4,0.0,19635911.0,145615548.0,31299410000.0,115184182000.0,0.004642,7.600216080554021,2018-04-20,2018-03-31,14.312270223844997,3.3999068899164397,5.82903213163154,1.4342641560316305,6.574837210362125
sh601985,2018-01-11,7.38,7.41,7.36,7.39,-0.001351,15421221.0,113873365.0,31257113500.0,115028527700.0,0.003646,7.589948188629192,2018-04-20,2018-03-31,14.292929318137096,3.395312421146282,5.821155061183388,1.432325961226182,6.565954605290925
sh601985,2018-01-12,7.38,7.39,7.33,7.35,-0.005413,17636461.0,129822202.0,31087927500.0,114405910500.0,0.00417,7.548863799084143,2018-04-20,2018-03-31,14.215565695305502,3.3769345460656526,5.789646779390785,1.4245731820043894,6.530413093012485
sh601985,2018-01-15,7.35,7.37,7.23,7.25,-0.013605,22351101.0,162761720.0,30664962500.0,112849367500.0,0.005284,7.446161507097603,2018-04-20,2018-03-31,14.022156638226516,3.330989858364079,5.710876074909279,1.4051912339499082,6.441566822882051
sh601985,2018-01-16,7.25,7.38,7.23,7.38,0.017931,25210343.0,184595388.0,31214817000.0,114872873400.0,0.00596,7.57967862908137,2018-04-20,2018-03-31,14.273588412429199,3.3907179523761246,5.813277990735238,1.430387766420734,6.557070557583148
sh601985,2018-01-17,7.48,7.51,7.39,7.43,0.006775,32240421.0,239722215.0,31426299500.0,115651144900.0,0.007622,7.631030951793396,2018-04-20,2018-03-31,14.37029294096869,3.4136902962269113,5.852663342975991,1.4400787404479747,6.601494710610774
sh601985,2018-01-18,7.45,7.6,7.43,7.58,0.020188,60723475.0,456956683.0,32060747000.0,117985959400.0,0.014357,7.785086204648202,2018-04-20,2018-03-31,14.660406526587172,3.482607327779272,5.970819399698253,1.469151662529697,6.734765685828585
sh601985,2018-01-19,7.55,7.6,7.52,7.55,-0.003958,39124158.0,295718952.0,31933857500.0,117518996500.0,0.00925,7.754272833450205,2018-04-20,2018-03-31,14.602383809463475,3.4688239214688,5.947188188353801,1.4633370781133526,6.708109483244077
sh601985,2018-01-22,7.55,7.59,7.48,7.52,-0.003974,32492207.0,244239694.0,31806968000.0,117052033600.0,0.007682,7.723457353210073,2018-04-20,2018-03-31,14.544361092339779,3.4550405151583274,5.923556977009348,1.457522493697008,6.681451456157665
sh601985,2018-01-23,7.5,7.59,7.47,7.58,0.007979,34334633.0,258965232.0,32060747000.0,117985959400.0,0.008118,7.785082819431336,2018-04-20,2018-03-31,14.660406526587172,3.482607327779272,5.970819399698253,1.469151662529697,6.7347627573263456
sh601985,2018-01-24,7.58,7.65,7.5,7.61,0.003958,46421644.0,351442157.0,32187636500.0,118452922300.0,0.010975,7.815896177230646,2018-04-20,2018-03-31,14.718429243710869,3.496390734089744,5.994450611042705,1.4749662469460416,6.761418948319843
sh601985,2018-01-25,7.75,7.81,7.66,7.67,0.007884,83037424.0,641484271.0,32441415500.0,119386848100.0,0.019632,7.877516702691931,2018-04-20,2018-03-31,14.834474677958259,3.523957546710688,6.041713033731609,1.4865954157787304,6.814725975308397
sh601985,2018-01-26,7.66,7.67,7.6,7.61,-0.007823,29650734.0,225955260.0,32187636500.0,118452922300.0,0.00701,7.815890889526772,2018-04-20,2018-03-31,14.718429243710869,3.496390734089744,5.994450611042705,1.4749662469460416,6.761414374003559
sh601985,2018-01-29,7.62,7.71,7.58,7.61,0.0,33261060.0,253970968.0,32187636500.0,118452922300.0,0.007864,7.815890889526772,2018-04-20,2018-03-31,14.718429243710869,3.496390734089744,5.994450611042705,1.4749662469460416,6.761414374003559
sh601985,2018-01-30,7.58,7.66,7.52,7.57,-0.005256,25808563.0,195403058.0,32018450500.0,117830305100.0,0.006102,7.774810567011419,2018-04-20,2018-03-31,14.641065620879274,3.4780128590091146,5.962942329250102,1.467213467724249,6.725876380053796
sh601985,2018-01-31,7.54,7.62,7.5,7.6,0.003963,30465105.0,230197041.0,32145340000.0,118297268000.0,0.007203,7.8056221412884845,2018-04-20,2018-03-31,14.699088338002968,3.491796265319586,5.986573540594554,1.4730280521405932,6.752531028147948
sh601985,2018-02-01,7.7,7.73,7.53,7.72,0.0157889999999999,78218066.0,598460770.0,32652898000.0,120165119600.0,0.018493,7.928865109277288,2018-04-20,2018-03-31,14.931179206497752,3.546929890561475,6.081098385972362,1.496286389805971,6.859146740551376
sh601985,2018-02-02,7.64,7.65,7.5,7.59,-0.016839,44961659.0,340727706.0,32103043500.0,118141613700.0,0.01063,7.795350949702168,2018-04-20,2018-03-31,14.67974743229507,3.4872017965494293,5.978696470146403,1.4710898573351452,6.743645568587231
sh601985,2018-02-05,7.5,7.56,7.45,7.52,-0.009223,24452314.0,183887079.0,31806968000.0,117052033600.0,0.005781,7.723454427893064,2018-04-20,2018-03-31,14.544361092339779,3.4550405151583274,5.923556977009348,1.457522493697008,6.681448925508151
sh601985,2018-02-06,7.44,7.54,7.41,7.52,0.0,61522401.0,461206216.0,31806968000.0,117052033600.0,0.014546,7.723454427893064,2018-04-20,2018-03-31,14.544361092339779,3.4550405151583274,5.923556977009348,1.457522493697008,6.681448925508151
sh601985,2018-02-07,7.52,7.53,7.39,7.45,-0.009309,39709725.0,296519366.0,31510892500.0,115962453500.0,0.0093879999999999,7.6515567906238084,2018-04-20,2018-03-31,14.40897475238449,3.4228792337672265,5.868417483872293,1.443955130058871,6.619251317460596
sh601985,2018-02-08,7.42,7.48,7.28,7.33,-0.016107,28448833.0,209908061.0,31003334500.0,114094601900.0,0.006726,7.528313165397231,2018-04-20,2018-03-31,14.176883883889706,3.3677456085253383,5.773892638494484,1.4206967923934932,6.512635036490258
sh601985,2018-02-09,7.26,7.3,7.02,7.14,-0.025921,63575716.0,454129153.0,30199701000.0,111137170200.0,0.015031,7.3331717598369694,2018-04-20,2018-03-31,13.80940667543963,3.2804507018923483,5.62422829997962,1.3838710910899783,6.343821023709395
sh601985,2018-02-12,7.13,7.18,7.09,7.15,0.001401,19993400.0,142660000.0,30242000000.0,111293000000.0,0.004727,7.343445533472501,2018-04-20,2018-03-31,13.828769387990974,3.285050350919454,5.6321142518134035,1.38581147120729,6.352708716963611
sh601985,2018-02-13,7.16,7.18,7.12,7.13,-0.002797,13443315.0,96226221.0,30157404500.0,110981515900.0,0.003178,7.322905916315378,2018-04-20,2018-03-31,13.790065769731733,3.275856233122191,5.616351229531469,1.3819328962845303,6.334940190682264
sh601985,2018-02-14,7.13,7.15,7.08,7.1,-0.004208,14837920.0,105470034.0,30030515000.0,110514553000.0,0.003508,7.292091128219523,2018-04-20,2018-03-31,13.732043052608036,3.262072826811719,5.592720018187017,1.376118311868186,6.308282762359873
sh601985,2018-02-22,7.15,7.22,7.13,7.2,0.014085,14098434.0,101265800.0,30453480000.0,112071096000.0,0.003333,7.394800231760494,2018-04-20,2018-03-31,13.925452109687024,3.3080175145132924,5.671490722668525,1.3955002599226674,6.397134925067711
sh601985,2018-02-23,7.21,7.22,7.17,7.21,0.001389,10565883.0,76120901.0,30495776500.0,112226750300.0,0.002498,7.40507160928241,2018-04-20,2018-03-31,13.944793015394922,3.3126119832834497,5.6793677931166755,1.3974384547281156,6.406020545478631
sh601985,2018-02-26,7.23,7.29,7.18,7.25,0.005548,27343948.0,197932812.0,30664962500.0,112849367500.0,0.006465,7.446154946570709,2018-04-20,2018-03-31,14.022156638226516,3.330989858364079,5.710876074909279,1.4051912339499082,6.441561147464946
sh601985,2018-02-27,7.27,7.28,7.18,7.25,0.0,20872157.0,150931937.0,30664962500.0,112849367500.0,0.004935,7.446154946570709,2018-04-20,2018-03-31,14.022156638226516,3.330989858364079,5.710876074909279,1.4051912339499082,6.441561147464946
sh601985,2018-02-28,7.22,7.25,7.19,7.19,-0.008276,14988149.0,108092695.0,30411183500.0,111915441700.0,0.003544,7.38453056823289,2018-04-20,2018-03-31,13.906111203979126,3.3034230457431355,5.663613652220374,1.3935620651172194,6.388250787408527
sh601985,2018-03-01,7.17,7.21,7.15,7.19,0.0,11392125.0,81894092.0,30411183500.0,111915441700.0,0.002693,7.38453056823289,2018-04-20,2018-03-31,13.906111203979126,3.3034230457431355,5.663613652220374,1.3935620651172194,6.388250787408527
sh601985,2018-03-02,7.17,7.19,7.14,7.15,-0.005563,14815276.0,106103355.0,30241997500.0,111292824500.0,0.003503,7.34345042468181,2018-04-20,2018-03-31,13.82874758114753,3.285045170662506,5.632105370427771,1.3858092858954267,6.352712948278173
sh601985,2018-03-05,7.15,7.18,7.12,7.13,-0.002797,11089618.0,79223436.0,30157404500.0,110981515900.0,0.0026219999999999,7.322910793843976,2018-04-20,2018-03-31,13.790065769731733,3.275856233122191,5.616351229531469,1.3819328962845303,6.33494441016184
sh601985,2018-03-06,7.15,7.18,7.12,7.18,0.0070129999999999,14028062.0,100422457.0,30368887000.0,111759787400.0,0.003317,7.374266367241203,2018-04-20,2018-03-31,13.886770298271225,3.2988285769729777,5.655736581772223,1.391623870311771,6.3793713753103045
sh601985,2018-03-07,7.17,7.25,7.17,7.19,0.001393,20804552.0,149873348.0,30411183500.0,111915441700.0,0.004919,7.384538720290771,2018-04-20,2018-03-31,13.906111203979126,3.3034230457431355,5.663613652220374,1.3935620651172194,6.388257839636112
sh601985,2018-03-08,7.19,7.28,7.19,7.26,0.009736,22773185.0,165071317.0,30707259000.0,113005021800.0,0.005384,7.456434589271522,2018-04-20,2018-03-31,14.041497543934415,3.3355843271342365,5.718753145357429,1.4071294287553562,6.450453917962808
sh601985,2018-03-09,7.25,7.26,7.22,7.26,0.0,17035914.0,123376784.0,30707259000.0,113005021800.0,0.004028,7.456434589271522,2018-04-20,2018-03-31,14.041497543934415,3.3355843271342365,5.718753145357429,1.4071294287553562,6.450453917962808
sh601985,2018-03-12,7.29,7.29,7.23,7.27,0.001377,24326219.0,176493891.0,30749555500.0,113160676100.0,0.005751,7.466702099700949,2018-04-20,2018-03-31,14.060838449642313,3.340178795904394,5.72663021580558,1.4090676235608044,6.459336193007843
sh601985,2018-03-13,7.27,7.27,7.2,7.2,-0.009629,19678155.0,142251915.0,30453480000.0,112071096000.0,0.004652,7.394805225182927,2018-04-20,2018-03-31,13.925452109687024,3.3080175145132924,5.671490722668525,1.3955002599226674,6.39713924480537
sh601985,2018-03-14,7.19,7.24,7.16,7.17,-0.004167,16884496.0,121370465.0,30326590500.0,111604133100.0,0.003992,7.36399107180959,2018-04-20,2018-03-31,13.867429392563327,3.2942341082028204,5.647859511324072,1.389685675506323,6.370482365572266
sh601985,2018-03-15,7.14,7.18,7.12,7.15,-0.002789,15173864.0,108407000.0,30241997500.0,111292824500.0,0.003587,7.343452900710312,2018-04-20,2018-03-31,13.82874758114753,3.285045170662506,5.632105370427771,1.3858092858954267,6.3527150902546845
sh601985,2018-03-16,7.14,7.18,7.13,7.13,-0.002797,12479385.0,89226765.0,30157404500.0,110981515900.0,0.00295,7.322913262947025,2018-04-20,2018-03-31,13.790065769731733,3.275856233122191,5.616351229531469,1.3819328962845303,6.334946546147242
sh601985,2018-03-19,7.12,7.14,7.1,7.1,-0.004208,13849621.0,98571385.0,30030515000.0,110514553000.0,0.003274,7.292098443936544,2018-04-20,2018-03-31,13.732043052608036,3.262072826811719,5.592720018187017,1.376118311868186,6.308289091081054
sh601985,2018-03-20,7.1,7.14,7.07,7.12,0.002817,15433989.0,109622266.0,30115108000.0,110825861600.0,0.003649,7.312640285253114,2018-04-20,2018-03-31,13.770724864023835,3.2712617643520336,5.608474159083319,1.379994701479082,6.32605954145063
sh601985,2018-03-21,7.12,7.17,7.1,7.11,-0.0014039999999999,16573649.0,118288585.0,30072811500.0,110670207300.0,0.003918,7.302373338292621,2018-04-20,2018-03-31,13.751383958315936,3.2666672955818767,5.600597088635168,1.378056506673634,6.317177753854435
sh601985,2018-03-22,7.11,7.12,7.03,7.04,-0.009845,24414419.0,172414853.0,29776736000.0,109580627200.0,0.005772,7.23048147277713,2018-04-20,2018-03-31,13.615997618360645,3.234506014190775,5.545457595498113,1.364489143035497,6.254985138867738
sh601985,2018-03-23,6.97,6.97,6.6,6.71,-0.046875,48520858.0,330523556.0,28380951500.0,104444035300.0,0.011472,6.8915526537407015,2018-04-20,2018-03-31,12.97774772999999,3.0828885447755825,5.285514270709139,1.300528714455708,5.961782710483313
sh601985,2018-03-26,6.65,6.68,6.5,6.65,-0.008942,30380310.0,200312064.0,28127172500.0,103510109500.0,0.007183,6.829928389910952,2018-04-20,2018-03-31,12.861702295752599,3.0553217321546384,5.238251848020235,1.2888995456230192,5.908472449486171
sh601985,2018-03-27,6.71,6.77,6.7,6.72,0.010526,23022997.0,154913515.0,28423248000.0,104599689600.0,0.005443,6.901820216143154,2018-04-20,2018-03-31,12.997088635707888,3.0874830135457394,5.29339134115729,1.302466909261156,5.970665030489462
sh601985,2018-03-28,6.69,6.69,6.62,6.63,-0.013393,15656658.0,104181513.0,28042579500.0,103198800900.0,0.003702,6.809384137988349,2018-04-20,2018-03-31,12.8230204843368,3.0461327946143233,5.222497707123933,1.2850231560121228,5.890699913736117
sh601985,2018-03-29,6.64,6.71,6.63,6.7,0.010558,11692485.0,78045398.0,28338655000.0,104288381000.0,0.002764,6.881277615717232,2018-04-20,2018-03-31,12.95840682429209,3.078294076005425,5.277637200260989,1.2985905196502598,5.952893923425344
sh601985,2018-03-30,6.72,6.74,6.67,6.72,0.002985,12703742.0,85193971.0,28423248000.0,104599689600.0,0.003003,6.901818229400147,2018-04-20,2018-03-31,12.997088635707888,3.0874830135457394,5.29339134115729,1.302466909261156,5.970663311786769
sh601985,2018-04-02,6.74,6.75,6.69,6.7,-0.002976,16139709.0,108478258.0,28338655000.0,104288381000.0,0.0038159999999999,6.881278418349452,2018-04-20,2018-03-31,12.95840682429209,3.078294076005425,5.277637200260989,1.2985905196502598,5.952894617770891
sh601985,2018-04-03,6.65,6.66,6.61,6.63,-0.010448,14105008.0,93525945.0,28042579500.0,103198800900.0,0.003335,6.809382821434537,2018-04-20,2018-03-31,12.8230204843368,3.0461327946143233,5.222497707123933,1.2850231560121228,5.89069877480442
sh601985,2018-04-04,6.64,6.72,6.62,6.66,0.004525,13894735.0,92671691.0,28169469000.0,103665763800.0,0.003285,6.840195278701527,2018-04-20,2018-03-31,12.881043201460496,3.0599162009247958,5.2461289184683855,1.2908377404284672,5.917354186760409
sh601985,2018-04-09,6.66,6.67,6.61,6.64,-0.003003,10576199.0,70228103.0,28084876000.0,103354455200.0,0.0025,6.819654172279586,2018-04-20,2018-03-31,12.8423613900447,3.0507272633844806,5.2303747775720835,1.286961350817571,5.899584372137567
sh601985,2018-04-10,6.65,6.7,6.61,6.7,0.009036,13650739.0,90952438.0,28338655000.0,104288381000.0,0.003227,6.881276567380303,2018-04-20,2018-03-31,12.95840682429209,3.078294076005425,5.277637200260989,1.2985905196502598,5.952893016524202
sh601985,2018-04-11,6.73,6.73,6.69,6.71,0.001493,14377719.0,96454192.0,28380951500.0,104444035300.0,0.003399,6.891550313295403,2018-04-20,2018-03-31,12.97774772999999,3.0828885447755825,5.285514270709139,1.300528714455708,5.961780685797873
sh601985,2018-04-12,6.71,6.71,6.66,6.67,-0.005961,11071139.0,73922704.0,28211765500.0,103821418100.0,0.002618,6.850469781877848,2018-04-20,2018-03-31,12.900384107168396,3.064510669694953,5.2540059889165365,1.2927759352339154,5.926242511129831
sh601985,2018-04-13,6.67,6.69,6.63,6.64,-0.0044979999999999,10614024.0,70687700.0,28084876000.0,103354455200.0,0.002509,6.819656368798962,2018-04-20,2018-03-31,12.8423613900447,3.0507272633844806,5.2303747775720835,1.286961350817571,5.89958627231477
sh601985,2018-04-16,6.63,6.64,6.55,6.56,-0.012048,14749927.0,97264332.0,27746504000.0,102109220800.0,0.0034869999999999,6.7374931488676735,2018-04-20,2018-03-31,12.687634144381509,3.013971513223222,5.167358213986878,1.2714557923739858,5.828508056905922
sh601985,2018-04-17,6.56,6.59,6.51,6.51,-0.007622,11653619.0,76354392.0,27535021500.0,101330949300.0,0.002755,6.686139976087004,2018-04-20,2018-03-31,12.590929615842017,2.990999169372435,5.127972861746124,1.261764818346745,5.784083168496185
sh601985,2018-04-18,6.53,6.56,6.45,6.52,0.001536,17240616.0,111947198.0,27577318000.0,101486603600.0,0.004076,6.696409887090273,2018-04-20,2018-03-31,12.610270521549914,2.995593638142593,5.135849932194276,1.2637030131521934,5.792967520242995
sh601985,2018-04-19,6.53,6.55,6.48,6.53,0.001534,13102201.0,85512790.0,27619614500.0,101642257900.0,0.003098,6.7066821798570695,2018-04-20,2018-03-31,12.629611427257814,3.0001881069127503,5.143727002642426,1.2656412079576413,5.801853932419047
sh601985,2018-04-20,6.52,6.52,6.32,6.35,-0.027565,25601464.0,164473922.0,26858277500.0,98840480500.0,0.006053,6.52181248556931,2018-04-20,2018-03-31,12.281475124515637,2.9174876690499176,5.001939734575712,1.2307537014595746,5.6419258287719165
sh601985,2018-04-23,6.35,6.43,6.33,6.41,0.0094489999999999,15235693.0,97443986.0,27112056500.0,99774406300.0,0.003602,6.583437091745453,2018-08-24,2018-06-30,12.279754139699424,2.828009690177114,4.75003596285243,1.262199912006517,5.6952363859279815
sh601985,2018-04-24,6.43,6.58,6.42,6.56,0.0234009999999999,19898842.0,129904391.0,27746504000.0,102109220800.0,0.004705,6.737496103129388,2018-08-24,2018-06-30,12.567111880878038,2.894187764050213,4.861191250594686,1.2917365714138456,5.828510612595082
sh601985,2018-04-25,6.54,6.57,6.49,6.54,-0.0030489999999999,13171489.0,86196076.0,27661911000.0,101797912200.0,0.003114,6.716953477510947,2018-08-24,2018-06-30,12.528797515387556,2.8853640208671334,4.846370545562386,1.2877983501595351,5.810739483737281
sh601985,2018-04-26,6.59,6.73,6.54,6.55,0.001529,25842037.0,171063989.0,27704207500.0,101953566500.0,0.00611,6.727223699378062,2018-08-24,2018-06-30,12.547954698132797,2.889775892458673,4.8537808980785355,1.2897674607866905,5.8196241044079144
sh601985,2018-04-27,6.58,6.69,6.53,6.67,0.018321,26616092.0,176754292.0,28211765500.0,103821418100.0,0.006293,6.850473164774367,2018-08-24,2018-06-30,12.777840891075687,2.9427183515571524,4.942705128272341,1.3133967883125535,5.926245437624772
sh601985,2018-05-02,6.66,6.72,6.54,6.6,-0.010495,22470576.0,148651270.0,27915690000.0,102731838000.0,0.005313,6.77857744891006,2018-08-24,2018-06-30,12.643740611859,2.911835250416373,4.890832660659288,1.2996130139224666,5.8640494917569
sh601985,2018-05-03,6.6,6.62,6.48,6.56,-0.0060609999999999,19398044.0,126827286.0,27746504000.0,102109220800.0,0.004586,6.737492490992216,2018-08-24,2018-06-30,12.567111880878038,2.894187764050213,4.861191250594686,1.2917365714138456,5.828507487787362
sh601985,2018-05-04,6.55,6.56,6.48,6.51,-0.007622,15014459.0,97738277.0,27535021500.0,101330949300.0,0.00355,6.6861393232258735,2018-08-24,2018-06-30,12.471325967151833,2.8721284060925134,4.824139488013934,1.2818910182780694,5.784082603715446
sh601985,2018-05-07,6.5,6.56,6.48,6.55,0.006144,13087140.0,85575312.0,27704207500.0,101953566500.0,0.003094,6.727218963227772,2018-08-24,2018-06-30,12.547954698132797,2.889775892458673,4.8537808980785355,1.2897674607866905,5.819620007232674
sh601985,2018-05-08,6.55,6.6,6.53,6.59,0.006107,12954636.0,85259581.0,27873393500.0,102576183700.0,0.0030629999999999,6.7683020894362045,2018-08-24,2018-06-30,12.62458342911376,2.907423378824833,4.883422308143137,1.2976439032953113,5.855160426616844
sh601985,2018-05-09,6.58,6.59,6.56,6.59,0.0,9129561.0,60066013.0,27873393500.0,102576183700.0,0.0021579999999999,6.7683020894362045,2018-08-24,2018-06-30,12.62458342911376,2.907423378824833,4.883422308143137,1.2976439032953113,5.855160426616844
sh601985,2018-05-10,6.59,6.62,6.51,6.54,-0.007587,19161290.0,125492114.0,27661911000.0,101797912200.0,0.0045299999999999,6.716950981483652,2018-08-24,2018-06-30,12.528797515387556,2.8853640208671334,4.846370545562386,1.2877983501595351,5.810737324460101
sh601985,2018-05-11,6.55,6.58,6.51,6.55,0.001529,13104825.0,85723084.0,27704207500.0,101953566500.0,0.003098,6.727221199534339,2018-08-24,2018-06-30,12.547954698132797,2.889775892458673,4.8537808980785355,1.2897674607866905,5.8196219418292
sh601985,2018-05-14,6.54,6.56,6.51,6.52,-0.00458,10556729.0,68957871.0,27577318000.0,101486603600.0,0.002496,6.696410526440472,2018-08-24,2018-06-30,12.490483149897074,2.876540277684054,4.831549840530085,1.2838601289052245,5.792968073335622
sh601985,2018-05-15,6.52,6.58,6.51,6.58,0.009202,12356862.0,81051414.0,27831097000.0,102420529400.0,0.002921,6.758030896104777,2018-08-24,2018-06-30,12.60542624636852,2.903011507233293,4.876011955626987,1.2956747926681562,5.846274965546456
sh601985,2018-05-16,6.57,6.59,6.52,6.57,-0.0015199999999999,15939252.0,104525134.0,27788800500.0,102264875100.0,0.003768,6.747758689142699,2018-08-24,2018-06-30,12.586269063623279,2.8985996356417534,4.868601603110837,1.2937056820410011,5.837388627598826
sh601985,2018-05-17,6.57,6.58,6.5,6.51,-0.009132,12256800.0,80196680.0,27535021500.0,101330949300.0,0.002898,6.686138156793447,2018-08-24,2018-06-30,12.471325967151833,2.8721284060925134,4.824139488013934,1.2818910182780694,5.784081594651594
sh601985,2018-05-18,6.51,6.59,6.5,6.59,0.012289,12238367.0,80145797.0,27873393500.0,102576183700.0,0.002893,6.7683041086022815,2018-08-24,2018-06-30,12.62458342911376,2.907423378824833,4.883422308143137,1.2976439032953113,5.855162173368267
sh601985,2018-05-21,6.6,6.69,6.6,6.67,0.01214,24675944.0,164355547.0,28211765500.0,103821418100.0,0.005834,6.850471320480714,2018-08-24,2018-06-30,12.777840891075687,2.9427183515571524,4.942705128272341,1.3133967883125535,5.926243842152958
sh601985,2018-05-22,6.68,6.69,6.63,6.65,-0.002999,10782994.0,71655163.0,28127172500.0,103510109500.0,0.002549,6.829926756990592,2018-08-24,2018-06-30,12.739526525585207,2.933894608374073,4.92788442324004,1.309458567058243,5.908471036870341
sh601985,2018-05-23,6.65,6.7,6.63,6.65,0.0,17177726.0,114648218.0,28127172500.0,103510109500.0,0.004061,6.829926756990592,2018-08-24,2018-06-30,12.739526525585207,2.933894608374073,4.92788442324004,1.309458567058243,5.908471036870341
sh601985,2018-05-24,6.65,6.68,6.58,6.59,-0.009023,11781681.0,77948543.0,27873393500.0,102576183700.0,0.002785,6.768300327862266,2018-08-24,2018-06-30,12.62458342911376,2.907423378824833,4.883422308143137,1.2976439032953113,5.855158902704661
sh601985,2018-05-25,6.59,6.61,6.52,6.54,-0.007587,9378700.0,61591000.0,27661911000.0,101797912200.0,0.002217,6.716949233274775,2018-08-24,2018-06-30,12.528797515387556,2.8853640208671334,4.846370545562386,1.2877983501595351,5.81073581210984
sh601985,2018-05-28,6.51,6.53,6.39,6.42,-0.018349,18591903.0,119958903.0,27154353000.0,99930060600.0,0.004396,6.593699931793417,2018-08-24,2018-06-30,12.298911322444665,2.832421561768654,4.75744631536858,1.2641690226336721,5.704114620693437
sh601985,2018-05-29,6.4,6.41,6.23,6.26,-0.024922,30816541.0,194254656.0,26477609000.0,97439591800.0,0.007286,6.429371742093261,2018-08-24,2018-06-30,11.99239639852081,2.7618316163040144,4.638880675110173,1.232663252599188,5.561956676116515
sh601985,2018-05-30,6.2,6.2,6.06,6.07,-0.030351,25709600.0,157581305.0,25673975500.0,94482160100.0,0.006078,6.234233880348988,2018-08-24,2018-06-30,11.628409926361234,2.6780060560647554,4.498083977303315,1.1952501506832385,5.393145729039702
sh601985,2018-05-31,6.1,6.15,6.09,6.12,0.008237,17393907.0,106441782.0,25885458000.0,95260431600.0,0.0041119999999999,6.285585264821424,2018-08-24,2018-06-30,11.724195840087438,2.700065414022455,4.535135739884067,1.2050957038190147,5.437569070409803
sh601985,2018-06-01,6.11,6.15,6.03,6.06,-0.009804,15604103.0,94997591.0,25631679000.0,94326505800.0,0.003689,6.223961386885113,2018-08-24,2018-06-30,11.609252743615992,2.6735941844732154,4.490673624787165,1.193281040056083,5.384259143243505
sh601985,2018-06-04,6.07,6.12,6.05,6.05,-0.00165,17084764.0,103769126.0,25589382500.0,94170851500.0,0.004039,6.213691850596753,2018-08-24,2018-06-30,11.59009556087075,2.669182312881675,4.483263272271014,1.1913119294289278,5.375375115657153
sh601985,2018-06-05,6.06,6.07,5.97,6.0,-0.008264,27530220.0,165089422.0,25377900000.0,93392580000.0,0.006509,6.162341901143421,2018-08-24,2018-06-30,11.494309647144547,2.6471229549239754,4.4462115096902615,1.1814663762931517,5.330953015701362
sh601985,2018-06-06,6.0,6.01,5.88,5.89,-0.018333,31944632.0,188929640.0,24912638500.0,91680382700.0,0.007553,6.049367687069759,2018-08-24,2018-06-30,11.283580636946896,2.598592367417036,4.364697632012607,1.1598061593944438,5.2332206540645085
sh601985,2018-06-07,5.93,5.95,5.89,5.92,0.005093,20881366.0,123515410.0,25039528000.0,92147345600.0,0.0049369999999999,6.080177116700005,2018-08-24,2018-06-30,11.341052185182619,2.611827982191656,4.386928689561058,1.1657134912759095,5.259873446855659
sh601985,2018-06-08,5.92,5.92,5.64,5.79,-0.021959,52826511.0,303876773.0,24556837500.0,90123839700.0,0.0124549999999999,5.94666250739439,2018-08-24,2018-06-30,11.092008809494487,2.5544736515016364,4.290594106851103,1.1401150531228912,5.144371885836156
sh601985,2018-06-11,5.78,5.86,5.73,5.83,0.006908,23615013.0,137341993.0,24726487500.0,90746456900.0,0.005568,5.98774205199547,2018-08-24,2018-06-30,11.168637540475451,2.572121137867796,4.320235516915704,1.1479914956315123,5.179909206823512
sh601985,2018-06-12,5.85,6.06,5.84,6.04,0.036021,44653319.0,266553105.0,94015197200.0,94015197200.0,0.002869,6.2034265084503994,2018-08-24,2018-06-30,11.570938378125511,2.6647704412901354,4.475852919754864,1.1893428188017725,5.366494716362503
sh601985,2018-06-13,6.02,6.07,5.95,6.0,-0.006623,21647408.0,129891781.0,93392580000.0,93392580000.0,0.001391,6.162341214684933,2018-08-24,2018-06-30,11.494309647144547,2.6471229549239754,4.4462115096902615,1.1814663762931517,5.330952421856034
sh601985,2018-06-14,6.0,6.06,5.96,6.04,0.006667,18501845.0,111312434.0,94015197200.0,94015197200.0,0.001189,6.203425543563237,2018-08-24,2018-06-30,11.570938378125511,2.6647704412901354,4.475852919754864,1.1893428188017725,5.366493881652548
sh601985,2018-06-15,6.04,6.05,5.93,6.0,-0.006623,18152047.0,108658689.0,93392580000.0,93392580000.0,0.001166,6.162340256188218,2018-08-24,2018-06-30,11.494309647144547,2.6471229549239754,4.4462115096902615,1.1814663762931517,5.330951592674363
sh601985,2018-06-19,5.92,5.93,5.6,5.68,-0.053333,35021139.0,201793366.0,88411642400.0,88411642400.0,0.00225,5.833684163304931,2018-08-24,2018-06-30,10.881279799296838,2.5059430639946965,4.2090802291734475,1.1184548362241835,5.046635951382261
sh601985,2018-06-20,5.66,5.81,5.64,5.78,0.017606,17068652.0,98279493.0,89968185400.0,89968185400.0,0.001097,5.936392006684078,2018-08-24,2018-06-30,11.072851626749248,2.5500617799100964,4.283183754334952,1.138145942495736,5.1354870239422965
sh601985,2018-06-21,5.78,5.82,5.69,5.69,-0.015571,17071824.0,98292312.0,88567296700.0,88567296700.0,0.001097,5.843956446748,2018-08-24,2018-06-30,10.900436982042077,2.510354935586237,4.216490581689598,1.1204239468513386,5.055522355492491
sh601985,2018-06-22,5.66,5.75,5.56,5.73,0.00703,14177453.0,80420437.0,89189913900.0,89189913900.0,0.0009109999999999,5.885039460568638,2018-08-24,2018-06-30,10.977065713023041,2.528002421952397,4.2461319917542,1.1283003893599597,5.091062677651603
sh601985,2018-06-25,5.76,5.78,5.59,5.6,-0.022688,19354817.0,109280930.0,87166408000.0,87166408000.0,0.001243,5.751519685287257,2018-08-24,2018-06-30,10.72802233733491,2.4706480912623774,4.149797409044245,1.1027019512069414,4.975556647621044
sh601985,2018-06-26,5.54,5.6,5.47,5.59,-0.001786,17680649.0,97951573.0,87010753700.0,87010753700.0,0.0011359999999999,5.741247471129334,2018-08-24,2018-06-30,10.708865154589668,2.466236219670837,4.142387056528094,1.1007328405797863,4.966670303448393
sh601985,2018-06-27,5.57,5.63,5.52,5.57,-0.003578,11640826.0,64826464.0,86699445100.0,86699445100.0,0.000748,5.720705287677633,2018-08-24,2018-06-30,10.670550789099188,2.4574124764877574,4.127566351495793,1.0967946193254758,4.948899557102655
sh601985,2018-06-28,5.52,5.61,5.5,5.57,0.0,12909346.0,71813244.0,86699445100.0,86699445100.0,0.0008289999999999,5.720705287677633,2018-08-24,2018-06-30,10.670550789099188,2.4574124764877574,4.127566351495793,1.0967946193254758,4.948899557102655
sh601985,2018-06-29,5.57,5.65,5.53,5.65,0.0143629999999999,17199114.0,96456050.0,87944679500.0,87944679500.0,0.001105,5.802871777724547,2018-08-24,2018-06-30,10.823808251061113,2.492707449220077,4.1868491716249965,1.1125475043427175,5.019980601441319
sh601985,2018-07-02,5.64,5.66,5.53,5.56,-0.015929,13461856.0,75494973.0,86543790800.0,86543790800.0,0.000865,5.710437833177172,2018-08-24,2018-06-30,10.651393606353945,2.4530006048962174,4.1201559989796435,1.0948255086983203,4.940017330440961
sh601985,2018-07-03,5.59,5.6,5.52,5.58,0.003597,12299652.0,68394334.0,86855099400.0,86855099400.0,0.00079,5.7309782780631116,2018-08-24,2018-06-30,10.68970797184443,2.4618243480792974,4.134976704011944,1.098763729952631,4.9577865727785575
sh601985,2018-07-04,5.56,5.84,5.53,5.67,0.0161289999999999,32469520.0,184906994.0,88255988100.0,88255988100.0,0.0020859999999999,5.82341322670999,2018-08-24,2018-06-30,10.862122616551597,2.501531192403157,4.201669876657298,1.1164857255970282,5.037750712410902
sh601985,2018-07-05,5.62,5.66,5.53,5.57,-0.017637,15818554.0,88401981.0,86699445100.0,86699445100.0,0.001016,5.720705687630506,2018-08-24,2018-06-30,10.670550789099188,2.4574124764877574,4.127566351495793,1.0967946193254758,4.948899903096111
sh601985,2018-07-06,5.58,5.6,5.46,5.57,0.0,14478846.0,80285023.0,86699445100.0,86699445100.0,0.00093,5.720705687630506,2018-08-24,2018-06-30,10.670550789099188,2.4574124764877574,4.127566351495793,1.0967946193254758,4.948899903096111
sh601985,2018-07-09,5.57,5.66,5.56,5.65,0.0143629999999999,13296914.0,74792639.0,87944679500.0,87944679500.0,0.0008539999999999,5.802872183421942,2018-08-24,2018-06-30,10.823808251061113,2.492707449220077,4.1868491716249965,1.1125475043427175,5.019980952404279
sh601985,2018-07-10,5.65,5.66,5.6,5.64,-0.0017699999999999,13528526.0,76062387.0,87789025200.0,87789025200.0,0.000869,5.792601099657286,2018-08-24,2018-06-30,10.804651068315874,2.488295577628537,4.179438819108846,1.1105783937155624,5.0110955861185245
sh601985,2018-07-11,5.58,5.58,5.5,5.52,-0.021277,12068514.0,66667344.0,85921173600.0,85921173600.0,0.000775,5.669351926059878,2018-08-24,2018-06-30,10.574764875372983,2.435353118530058,4.090514588915041,1.0869490661896994,4.904474505332681
sh601985,2018-07-12,5.51,5.64,5.51,5.62,0.018116,14714202.0,82270746.0,87477716600.0,87477716600.0,0.0009449999999999,5.772057905552379,2018-08-24,2018-06-30,10.766336702825393,2.479471834445457,4.1646181140765455,1.106640172461252,4.993323965471287
sh601985,2018-07-13,5.61,5.64,5.59,5.61,-0.001779,10726141.0,60168064.0,87322062300.0,87322062300.0,0.0006889999999999,5.761789414538401,2018-08-24,2018-06-30,10.747179520080152,2.4750599628539174,4.157207761560395,1.1046710618340967,4.984440842136714
sh601985,2018-07-16,5.61,5.63,5.59,5.62,0.0017829999999999,9946960.0,55788165.0,87477716600.0,87477716600.0,0.0006389999999999,5.7720626850645225,2018-08-24,2018-06-30,10.766336702825393,2.479471834445457,4.1646181140765455,1.106640172461252,4.9933281001582435
sh601985,2018-07-17,5.61,5.63,5.55,5.61,-0.001779,9770468.0,54686838.0,87322062300.0,87322062300.0,0.000628,5.761794185547793,2018-08-24,2018-06-30,10.747179520080152,2.4750599628539174,4.157207761560395,1.1046710618340967,4.984444969468062
sh601985,2018-07-18,5.61,5.77,5.6,5.71,0.017825,30950882.0,176177084.0,88878605300.0,88878605300.0,0.0019879999999999,5.864498166905182,2018-08-24,2018-06-30,10.93875134753256,2.5191786787693164,4.231311286721899,1.1243621681056493,5.07329270104883
sh601985,2018-07-19,5.6,5.65,5.52,5.56,-0.007143,17967167.0,100248935.0,86543790800.0,86543790800.0,0.0011539999999999,5.822608056498979,2018-08-24,2018-06-30,10.651393606353945,2.4530006048962174,4.1201559989796435,1.0948255086983203,5.037054171285238
sh601985,2018-07-20,5.56,5.66,5.52,5.64,0.014388,18613124.0,104323339.0,87789025200.0,87789025200.0,0.001196,5.906383741215886,2018-08-24,2018-06-30,10.804651068315874,2.488295577628537,4.179438819108846,1.1105783937155624,5.109527306701691
sh601985,2018-07-23,5.64,5.77,5.59,5.74,0.01773,29097513.0,165671274.0,89345568200.0,89345568200.0,0.001869,6.011103924947644,2018-08-24,2018-06-30,10.996222895768284,2.5324142935439364,4.25354234427035,1.130269499987115,5.2001192258495115
sh601985,2018-07-24,5.73,5.87,5.72,5.79,0.008711,39982874.0,231850425.0,90123839700.0,90123839700.0,0.002569,6.063466651237863,2018-08-24,2018-06-30,11.092008809494487,2.5544736515016364,4.290594106851103,1.1401150531228912,5.245417464425887
sh601985,2018-07-25,5.77,5.79,5.72,5.74,-0.008636,17492381.0,100550925.0,89345568200.0,89345568200.0,0.001124,6.011102553237772,2018-08-24,2018-06-30,10.996222895768284,2.5324142935439364,4.25354234427035,1.130269499987115,5.200118039203105
sh601985,2018-07-26,5.75,5.8,5.73,5.76,0.003484,16709420.0,96232162.0,89656876800.0,89656876800.0,0.001073,6.0320452345332525,2018-08-24,2018-06-30,11.034537261258764,2.5412380367270164,4.268363049302652,1.1342077212414254,5.218235250451689
sh601985,2018-07-27,5.76,5.79,5.71,5.72,-0.006944,13499546.0,77555717.0,89034259600.0,89034259600.0,0.000867,5.9901587124246545,2018-08-24,2018-06-30,10.9579085302778,2.5235905503608564,4.238721639238049,1.1263312787328044,5.181999824872552
sh601985,2018-07-30,5.73,5.82,5.69,5.77,0.008741,20780402.0,119945828.0,89812531100.0,89812531100.0,0.001335,6.042518689729959,2018-08-24,2018-06-30,11.053694444004005,2.545649908318557,4.275773401818802,1.1361768318685808,5.227295685341764
sh601985,2018-07-31,5.73,5.78,5.72,5.74,-0.005199,12068390.0,69311267.0,89345568200.0,89345568200.0,0.000775,6.011103635062053,2018-08-24,2018-06-30,10.996222895768284,2.5324142935439364,4.25354234427035,1.130269499987115,5.200118975073672
sh601985,2018-08-01,5.74,5.79,5.65,5.66,-0.013937,18027459.0,103246425.0,88100333800.0,88100333800.0,0.001158,5.927326883700194,2018-08-24,2018-06-30,10.842965433806356,2.497119320811617,4.194259524141147,1.114516614969873,5.1276449169180705
sh601985,2018-08-02,5.66,5.67,5.47,5.53,-0.022968,22974838.0,127439808.0,86076827900.0,86076827900.0,0.0014759999999999,5.791188039835368,2018-08-24,2018-06-30,10.593922058118224,2.4397649901215974,4.097924941431192,1.0889181768168548,5.009873168466297
sh601985,2018-08-03,5.54,5.56,5.5,5.5,-0.005425,9641901.0,53311524.0,85609865000.0,85609865000.0,0.000619,5.75977084471926,2018-08-24,2018-06-30,10.536450509882501,2.4265293753469774,4.07569388388274,1.083010844935389,4.9826946065273665
sh601985,2018-08-06,5.5,5.53,5.43,5.46,-0.007273,14436652.0,79077081.0,84987247800.0,84987247800.0,0.000927,5.717880031365618,2018-08-24,2018-06-30,10.459821778901537,2.4088818889808175,4.046052473818138,1.075134402426768,4.946455468654094
sh601985,2018-08-07,5.47,5.57,5.46,5.57,0.0201469999999999,14539769.0,80304487.0,86699445100.0,86699445100.0,0.0009339999999999,5.83307816035754,2018-08-24,2018-06-30,10.670550789099188,2.4574124764877574,4.127566351495793,1.0967946193254758,5.046111706981067
sh601985,2018-08-08,5.57,5.75,5.55,5.66,0.016158,34903894.0,197860628.0,88100333800.0,88100333800.0,0.002242,5.927329037272597,2018-08-24,2018-06-30,10.842965433806356,2.497119320811617,4.194259524141147,1.114516614969873,5.1276467799424665
sh601985,2018-08-09,5.61,5.73,5.61,5.7,0.007067,19842738.0,112787262.0,88722951000.0,88722951000.0,0.001275,5.969217471579002,2018-08-24,2018-06-30,10.91959416478732,2.514766807177777,4.223900934205749,1.122393057478494,5.16388385973632
sh601985,2018-08-10,5.74,5.78,5.69,5.73,0.005263,18326784.0,105044399.0,89189913900.0,89189913900.0,0.0011769999999999,6.000633463131922,2018-08-24,2018-06-30,10.977065713023041,2.528002421952397,4.2461319917542,1.1283003893599597,5.191061380490112
sh601985,2018-08-13,5.68,5.75,5.65,5.74,0.001745,13101066.0,74771175.0,89345568200.0,89345568200.0,0.000842,6.011104568525088,2018-08-24,2018-06-30,10.996222895768284,2.5324142935439364,4.25354234427035,1.130269499987115,5.200119782599067
sh601985,2018-08-14,5.74,5.86,5.72,5.85,0.0191639999999999,37391236.0,217816809.0,91057765500.0,91057765500.0,0.002402,6.126301376476302,2018-08-24,2018-06-30,11.206951905965933,2.580944881050876,4.335056221948005,1.1519297168858227,5.299774878112795
sh601985,2018-08-15,5.84,5.86,5.79,5.82,-0.005128,19544879.0,113874470.0,90590802600.0,90590802600.0,0.001256,6.094885703017732,2018-08-24,2018-06-30,11.14948035773021,2.5677092662762564,4.3128251643995545,1.1460223850043572,5.272597632537833
sh601985,2018-08-16,5.8,5.82,5.73,5.79,-0.005155,17951104.0,103782575.0,90123839700.0,90123839700.0,0.001153,6.063466567218675,2018-08-24,2018-06-30,11.092008809494487,2.5544736515016364,4.290594106851103,1.1401150531228912,5.2454173917421
sh601985,2018-08-17,5.79,5.84,5.72,5.77,-0.003454,15801003.0,91362731.0,89812531100.0,89812531100.0,0.001015,6.042523353695502,2018-08-24,2018-06-30,11.053694444004005,2.545649908318557,4.275773401818802,1.1361768318685808,5.227299720071024
sh601985,2018-08-20,5.76,5.85,5.7,5.85,0.013865,20760691.0,120211612.0,91057765500.0,91057765500.0,0.001334,6.12630293999449,2018-08-24,2018-06-30,11.206951905965933,2.580944881050876,4.335056221948005,1.1519297168858227,5.299776230689808
sh601985,2018-08-21,5.84,5.88,5.81,5.83,-0.0034189999999999,16414122.0,95806054.0,90746456900.0,90746456900.0,0.001055,6.105357110242649,2018-08-24,2018-06-30,11.168637540475451,2.572121137867796,4.320235516915704,1.1479914956315123,5.28165629575708
sh601985,2018-08-22,5.83,5.84,5.76,5.83,0.0,10464748.0,60693435.0,90746456900.0,90746456900.0,0.000672,6.105357110242649,2018-08-24,2018-06-30,11.168637540475451,2.572121137867796,4.320235516915704,1.1479914956315123,5.28165629575708
sh601985,2018-08-23,5.82,5.84,5.74,5.8,-0.005146,11664900.0,67604133.0,90279494000.0,90279494000.0,0.000749,6.07393894255334,2018-08-24,2018-06-30,11.111165992239728,2.558885523093176,4.298004459367253,1.1420841637500465,5.254476892459114
sh601985,2018-08-24,5.77,5.81,5.74,5.76,-0.0068969999999999,9060200.0,52307742.0,89656876800.0,89656876800.0,0.000582,6.03204698566655,2018-08-24,2018-06-30,11.034537261258764,2.5412380367270164,4.268363049302652,1.1342077212414254,5.218236765331824
sh601985,2018-08-27,5.78,5.96,5.78,5.96,0.034722,29781017.0,175127318.0,92769962800.0,92769962800.0,0.001913,6.241491721102864,2018-10-26,2018-09-30,12.052867439943858,2.5493347986195793,4.008912682667459,1.1290953946841777,5.399424382297675
sh601985,2018-08-28,5.97,5.98,5.91,5.93,-0.005034,14431046.0,85649788.0,92302999900.0,92302999900.0,0.000927,6.210072051778833,2018-10-26,2018-09-30,11.992198644105214,2.5365025764788767,3.9887335919828906,1.1234120286035527,5.372243679957189
sh601985,2018-08-29,5.91,5.95,5.86,5.88,-0.0084319999999999,12544400.0,74066086.0,91524728400.0,91524728400.0,0.000806,6.157708724238234,2018-10-26,2018-09-30,11.891083984374141,2.515115539577706,3.955101774175278,1.113939751802511,5.32694492124779
sh601985,2018-08-30,5.88,5.92,5.82,5.84,-0.006803,10815566.0,63359802.0,90902111200.0,90902111200.0,0.000695,6.115817831787242,2018-10-26,2018-09-30,11.810192256589284,2.498005910056769,3.928196319929188,1.1063619303616776,5.290705714948542
sh601985,2018-08-31,5.84,5.92,5.79,5.85,0.001712,21947439.0,128342947.0,91057765500.0,91057765500.0,0.00141,6.126288111915262,2018-10-26,2018-09-30,11.830415188535499,2.502283317437003,3.93492268349071,1.108256385721886,5.299763403132534
sh601985,2018-09-03,5.83,5.88,5.78,5.83,-0.0034189999999999,11137046.0,64817670.0,90746456900.0,90746456900.0,0.000715,6.105342332860623,2018-10-26,2018-09-30,11.789969324643069,2.493728502676535,3.921469956367665,1.1044674750014694,5.281643512057224
sh601985,2018-09-04,5.83,5.94,5.81,5.93,0.017153,13739806.0,80971794.0,92302999900.0,92302999900.0,0.000883,6.210067269896181,2018-10-26,2018-09-30,11.992198644105214,2.5365025764788767,3.9887335919828906,1.1234120286035527,5.372239543219541
sh601985,2018-09-05,5.92,5.92,5.82,5.84,-0.015177,10367500.0,60716425.0,90902111200.0,90902111200.0,0.000666,6.115817078940967,2018-10-26,2018-09-30,11.810192256589284,2.498005910056769,3.928196319929188,1.1063619303616776,5.290705063672098
sh601985,2018-09-06,5.81,5.85,5.74,5.74,-0.017123,13525497.0,78236557.0,89345568200.0,89345568200.0,0.000869,6.011095943098261,2018-10-26,2018-09-30,11.60796293712714,2.4552318362544274,3.860932684313962,1.087417376759594,5.2001123208668405
sh601985,2018-09-07,5.72,5.79,5.7,5.78,0.0069689999999999,10249125.0,58948564.0,89968185400.0,89968185400.0,0.000658,6.052987270725713,2018-10-26,2018-09-30,11.688854664911997,2.472341465775364,3.8878381385600522,1.0949951982004276,5.236351903630962
sh601985,2018-09-10,5.76,5.76,5.71,5.71,-0.012111,6784467.0,38878719.0,88878605300.0,88878605300.0,0.000436,5.979679541889953,2018-10-26,2018-09-30,11.547294141288495,2.4423996141137247,3.840753593629394,1.081734010678969,5.172934445726087
sh601985,2018-09-11,5.7,5.77,5.69,5.73,0.003503,7520823.0,43055480.0,89189913900.0,89189913900.0,0.000483,6.000626359325194,2018-10-26,2018-09-30,11.587740005180924,2.4509544288741933,3.8542063207524397,1.0855229213993858,5.191055235089466
sh601985,2018-09-12,5.73,5.78,5.71,5.74,0.001745,6899790.0,39640505.0,89345568200.0,89345568200.0,0.000443,6.011097452322217,2018-10-26,2018-09-30,11.60796293712714,2.4552318362544274,3.860932684313962,1.087417376759594,5.200113626474697
sh601985,2018-09-13,5.74,5.79,5.74,5.79,0.008711,6196750.0,35731490.0,90123839700.0,90123839700.0,0.000398,6.063460122229396,2018-10-26,2018-09-30,11.709077596858211,2.4766188731555983,3.894564502121575,1.0968896535606358,5.245411816274918
sh601985,2018-09-14,5.78,5.79,5.74,5.76,-0.005181,6693387.0,38533694.0,89656876800.0,89656876800.0,0.00043,6.032045335336125,2018-10-26,2018-09-30,11.648408801019567,2.4637866510148956,3.874385411437007,1.0912062874800108,5.218235337654797
sh601985,2018-09-17,5.72,5.75,5.7,5.72,-0.006944,6112148.0,34969716.0,89034259600.0,89034259600.0,0.000393,5.990158812527551,2018-10-26,2018-09-30,11.56751707323471,2.446677021493959,3.8474799571909166,1.0836284660391773,5.181999911470123
sh601985,2018-09-18,5.71,5.83,5.7,5.81,0.015734,10810705.0,62415367.0,90435148300.0,90435148300.0,0.000695,6.084407971283859,2018-10-26,2018-09-30,11.749523460750641,2.485173687916067,3.9080172292446202,1.1006785642810526,5.2635334980771935
sh601985,2018-09-19,5.79,5.92,5.77,5.86,0.008606,18733243.0,109851476.0,91213419800.0,91213419800.0,0.001204,6.136770386284727,2018-10-26,2018-09-30,11.850638120481713,2.5065607248172377,3.941649047052233,1.1101508410820944,5.308831467361645
sh601985,2018-09-20,5.85,5.87,5.81,5.86,0.0,11235726.0,65564040.0,91213419800.0,91213419800.0,0.000722,6.136770386284727,2018-10-26,2018-09-30,11.850638120481713,2.5065607248172377,3.941649047052233,1.1101508410820944,5.308831467361645
sh601985,2018-09-21,5.9,6.02,5.9,6.0,0.023891,37953998.0,226881495.0,93392580000.0,93392580000.0,0.002438,6.283383967583456,2018-10-26,2018-09-30,12.133759167728716,2.566444428140516,4.035818136913549,1.1366732161250113,5.4356647599483825
sh601985,2018-09-25,5.98,6.05,5.95,6.03,0.005,20114200.0,120690000.0,93860000000.0,93860000000.0,0.001292,6.314800887421373,2018-10-26,2018-09-30,12.19448735095462,2.579289211469143,4.056016980478596,1.1423621455311928,5.462843083748123
sh601985,2018-09-26,6.0,6.1,6.0,6.01,-0.003317,25542600.0,154420000.0,93548000000.0,93548000000.0,0.001641,6.293854692877796,2018-10-26,2018-09-30,12.153951658929286,2.570715396915783,4.042534375557338,1.1385648198396763,5.444722833239331
sh601985,2018-09-27,6.02,6.07,5.99,6.01,0.0,16082862.0,96862323.0,93548234300.0,93548234300.0,0.001033,6.293854692877796,2018-10-26,2018-09-30,12.15398209967493,2.57072183552075,4.0425445004750715,1.1385676714852195,5.444722833239331
sh601985,2018-09-28,6.03,6.04,6.0,6.01,0.0,12375100.0,74510000.0,93548000000.0,93548000000.0,0.000795,6.293854692877796,2018-10-26,2018-09-30,12.153951658929286,2.570715396915783,4.042534375557338,1.1385648198396763,5.444722833239331
sh601985,2018-10-08,5.98,5.98,5.88,5.89,-0.019967,17312562.0,102778676.0,91680382700.0,91680382700.0,0.001112,6.168185296225105,2018-10-26,2018-09-30,11.911306916320356,2.51939294695794,3.9618281377368003,1.1158342071627194,5.336008052428041
sh601985,2018-10-09,5.91,5.97,5.89,5.91,0.003396,14685682.0,87028351.0,91991691300.0,91991691300.0,0.0009429999999999,6.1891324534910845,2018-10-26,2018-09-30,11.951752780212786,2.5279477617184085,3.975280864859846,1.1196231178831362,5.354129135774087
sh601985,2018-10-10,5.91,5.95,5.91,5.93,0.003384,9516905.0,56447713.0,92302999900.0,92302999900.0,0.000611,6.210076477713699,2018-10-26,2018-09-30,11.992198644105214,2.5365025764788767,3.9887335919828906,1.1234120286035527,5.372247508769546
sh601985,2018-10-11,5.85,5.87,5.52,5.6,-0.055649,31798565.0,181170327.0,87166408000.0,87166408000.0,0.002043,5.86449193180541,2018-10-26,2018-09-30,11.324841889880137,2.395348132931149,3.7667635944526463,1.0608950017166774,5.07328730715403
sh601985,2018-10-12,5.56,5.61,5.34,5.52,-0.014286,22734800.0,124740000.0,85921000000.0,85921000000.0,0.0014609999999999,5.780711800067637,2018-10-26,2018-09-30,11.163035879835626,2.361124103330921,3.712945184100804,1.0457372459640486,5.000810324684028
sh601985,2018-10-15,5.49,5.54,5.4,5.42,-0.018116,15414000.0,84280000.0,84365000000.0,84365000000.0,0.00099,5.6759884250976125,2018-10-26,2018-09-30,10.960877108068255,2.318364951263523,3.6457050134037585,1.0267993011691783,4.910215644842052
sh601985,2018-10-16,5.42,5.49,5.4,5.41,-0.0018449999999999,12345600.0,67070000.0,84209000000.0,84209000000.0,0.000793,5.665516226453308,2018-10-26,2018-09-30,10.94060926205559,2.3140780439868434,3.638963710943129,1.0249006383234203,4.9011562969773195
sh601985,2018-10-17,5.46,5.51,5.4,5.45,0.0073939999999999,14333500.0,78400000.0,84832000000.0,84832000000.0,0.000921,5.707407053431703,2018-10-26,2018-09-30,11.021550724016432,2.3311981929187127,3.665885707308334,1.032483118790775,4.937395446637169
sh601985,2018-10-18,5.48,5.48,5.26,5.28,-0.031193,19930612.0,106520767.0,82185470400.0,82185470400.0,0.00128,5.529375905214009,2018-10-26,2018-09-30,10.677708067601271,2.2584710967636545,3.5515199604839234,1.0002724301900099,4.783383270470216
sh601985,2018-10-19,5.2,5.41,5.19,5.41,0.024621,16072681.0,85406876.0,84208976300.0,84208976300.0,0.001033,5.665514669376282,2018-10-26,2018-09-30,10.94060618290206,2.314077392706699,3.638962686783717,1.0249003498727185,4.9011549499724625
sh601985,2018-10-22,5.43,5.68,5.43,5.57,0.029575,30798200.0,171460000.0,86699000000.0,86699000000.0,0.001979,5.833072265723085,2018-10-26,2018-09-30,11.264115265719312,2.38250367936462,3.7465652694493268,1.0552062183614839,5.046106607617898
sh601985,2018-10-23,5.57,5.63,5.46,5.49,-0.0143629999999999,17138320.0,94807225.0,85454210700.0,85454210700.0,0.001101,5.749291848770505,2018-10-26,2018-09-30,11.102389638471776,2.3482966517485724,3.6927735952758973,1.0400559927543853,4.973629378412682
sh601985,2018-10-24,5.47,5.56,5.46,5.5,0.001821,8935416.0,49308036.0,85609865000.0,85609865000.0,0.000574,5.759761309227117,2018-10-26,2018-09-30,11.12261257041799,2.3525740591288065,3.69949995883742,1.0419504481145936,4.982686357510772
sh601985,2018-10-25,5.4,5.51,5.33,5.5,0.0,13936700.0,75280000.0,85610000000.0,85610000000.0,0.000895,5.759761309227117,2018-10-26,2018-09-30,11.122630109900117,2.3525777689524117,3.6995057926568573,1.0419520911882103,4.982686357510772
sh601985,2018-10-26,5.47,5.52,5.43,5.47,-0.005455,11827700.0,64710000.0,85143000000.0,85143000000.0,0.0007599999999999,5.728341811285283,2018-10-26,2018-09-30,11.061956493951941,2.339744527297222,3.6793250987522814,1.0362682735666136,4.955505803430552
sh601985,2018-10-29,5.45,5.46,5.33,5.37,-0.018282,13752700.0,73920000.0,83586000000.0,83586000000.0,0.000884,5.623616266291366,2019-04-26,2019-03-31,9.333789596900443,2.000179413648278,3.443878904776266,0.9692888555948568,4.8649092463322345
sh601985,2018-10-30,5.37,5.38,5.29,5.35,-0.003724,21118682.0,112812484.0,83275050500.0,83275050500.0,0.001357,5.602673919315698,2019-04-26,2019-03-31,9.299066829831062,1.9927385169839538,3.431067280538945,0.9656829899594299,4.846792324298893
sh601985,2018-10-31,5.36,5.66,5.34,5.57,0.041121,45496266.0,251497728.0,86699445100.0,86699445100.0,0.002923,5.833061473551878,2019-04-26,2019-03-31,9.681458363020376,2.074682904598247,3.5721578976826027,1.0053933185185093,5.0460972714663885
sh601985,2018-11-01,5.57,5.68,5.5,5.53,-0.007181,40041134.0,223469186.0,86076827900.0,86076827900.0,0.002572,5.791174259110302,2019-04-26,2019-03-31,9.611932629713229,2.059783925032012,3.5465050582019377,0.9981732587804949,5.009861246959988
sh601985,2018-11-02,5.57,5.64,5.52,5.64,0.019892,33389900.0,186180000.0,87789000000.0,87789000000.0,0.0021449999999999,5.906372297472525,2019-04-26,2019-03-31,9.803125582301977,2.1007555158132782,3.617049328492853,1.0180281308331165,5.109517406884517
sh601985,2018-11-05,5.62,5.63,5.53,5.57,-0.012411,22680702.0,126457144.0,86699445100.0,86699445100.0,0.001457,5.833068310888593,2019-04-26,2019-03-31,9.681458363020376,2.074682904598247,3.5721578976826027,1.0053933185185093,5.046103186347674
sh601985,2018-11-06,5.6,5.62,5.55,5.61,0.007181,17796990.0,99393369.0,87322062300.0,87322062300.0,0.001143,5.874955574429086,2019-04-26,2019-03-31,9.750984096327524,2.089581884164482,3.5978107371632677,1.0126133782565236,5.082339253328836
sh601985,2018-11-07,5.61,5.63,5.56,5.58,-0.0053479999999999,17056500.0,95230000.0,86855000000.0,86855000000.0,0.001096,5.843536312017038,2019-04-26,2019-03-31,9.698828696657191,2.0784052708877225,3.5785670121113897,1.00719718078017,5.0551589030020345
sh601985,2018-11-08,5.64,5.64,5.55,5.55,-0.005376,12420262.0,69288086.0,86388136500.0,86388136500.0,0.000798,5.812121460803635,2019-04-26,2019-03-31,9.646695496366801,2.0672334148151292,3.55933147794227,1.001783288649502,5.027982368739495
sh601985,2018-11-09,5.54,5.56,5.46,5.48,-0.012613,11690006.0,64462582.0,85298556400.0,85298556400.0,0.0007509999999999,5.738813172818518,2019-04-26,2019-03-31,9.525025463079293,2.0411602005742178,3.514439008851106,0.9891481841079767,4.964564427122584
sh601985,2018-11-12,5.48,5.55,5.45,5.54,0.0109489999999999,18747000.0,103160000.0,86232000000.0,86232000000.0,0.001204,5.8016474382477075,2019-04-26,2019-03-31,9.629260217260295,2.0634971310712116,3.552898400649236,0.9999726819761168,5.018921443035148
sh601985,2018-11-13,5.5,5.58,5.48,5.57,0.005415,28922502.0,160508412.0,86699445100.0,86699445100.0,0.0018579999999999,5.833063359125818,2019-04-26,2019-03-31,9.681458363020376,2.074682904598247,3.5721578976826027,1.0053933185185093,5.046098902649183
sh601985,2018-11-14,5.56,5.58,5.52,5.55,-0.0035909999999999,17688000.0,98300000.0,86388000000.0,86388000000.0,0.0011359999999999,5.812116828603198,2019-04-26,2019-03-31,9.6466802538348,2.0672301484249447,3.5593258539206576,1.0017817057536966,5.027978361489771
sh601985,2018-11-15,5.54,5.61,5.53,5.6,0.009009,23629578.0,131801643.0,87166408000.0,87166408000.0,0.001518,5.864478189112084,2019-04-26,2019-03-31,9.733602663000738,2.0858571392729237,3.5913975272931014,1.0108083633220202,5.073275418548432
sh601985,2018-11-16,5.6,5.64,5.56,5.59,-0.001786,21739300.0,121650000.0,87011000000.0,87011000000.0,0.001397,5.85400423106633,2019-04-26,2019-03-31,9.716248733231696,2.0821382882414556,3.584994465382812,1.00900620455775,5.064214548650905
sh601985,2018-11-19,5.6,5.63,5.55,5.62,0.005367,23557921.0,131661461.0,87477716600.0,87477716600.0,0.001513,5.885422671774463,2019-04-26,2019-03-31,9.76836552965431,2.0933066290560407,3.604223947033434,1.0144183931910273,5.091394188133513
sh601985,2018-11-20,5.59,5.63,5.5,5.5,-0.021352,24863400.0,138410000.0,85610000000.0,85610000000.0,0.001597,5.7597571268867345,2019-04-26,2019-03-31,9.559803404764518,2.048612920853122,3.5272709908106163,0.9927597794783299,4.982682739428487
sh601985,2018-11-21,5.45,5.51,5.44,5.49,-0.001818,14947400.0,81730000.0,85454000000.0,85454000000.0,0.0009599999999999,5.749285888430054,2019-04-26,2019-03-31,9.542383368190015,2.0448799034993894,3.520843537539194,0.99095075570075,4.973624222208206
sh601985,2018-11-22,5.49,5.51,5.47,5.49,0.0,8391500.0,46060000.0,85454000000.0,85454000000.0,0.000539,5.749285888430054,2019-04-26,2019-03-31,9.542383368190015,2.0448799034993894,3.520843537539194,0.99095075570075,4.973624222208206
sh601985,2018-11-23,5.5,5.5,5.33,5.33,-0.029144,20859000.0,112430000.0,82964000000.0,82964000000.0,0.00134,5.581728700497649,2019-04-26,2019-03-31,9.264332784404667,1.9852952034301883,3.4182514949376466,0.96207595309707,4.82867291787617
sh601985,2018-11-26,5.33,5.35,5.3,5.32,-0.001876,9765300.0,52020000.0,82808000000.0,82808000000.0,0.000627,5.571257377455515,2019-04-26,2019-03-31,9.24691274783016,1.9815621860764556,3.4118240416662244,0.9602669293194901,4.819614327482234
sh601985,2018-11-27,5.34,5.35,5.29,5.3,-0.003759,10173887.0,54127644.0,82496779000.0,82496779000.0,0.000654,5.5503150209736605,2019-04-26,2019-03-31,9.212159663197125,1.9741147925261595,3.3990012311881137,0.9566579152869118,4.801497397225228
sh601985,2018-11-28,5.31,5.32,5.25,5.31,0.001887,15798247.0,83646042.0,82652433300.0,82652433300.0,0.001015,5.560788465418237,2019-04-26,2019-03-31,9.229541096523914,1.9778395374177185,3.40541444105828,0.9584629302214155,4.810557822813792
sh601985,2018-11-29,5.33,5.44,5.3,5.3,-0.001883,25956048.0,139279586.0,82496779000.0,82496779000.0,0.001668,5.550317500737855,2019-04-26,2019-03-31,9.212159663197125,1.9741147925261595,3.3990012311881137,0.9566579152869118,4.801499542433434
sh601985,2018-11-30,5.29,5.34,5.25,5.32,0.003774,22252113.0,117709941.0,82808087600.0,82808087600.0,0.00143,5.571264398985639,2019-04-26,2019-03-31,9.2469225298507,1.9815642823092772,3.4118276509284464,0.9602679451559191,4.819620401706577
sh601985,2018-12-03,5.4,5.43,5.36,5.38,0.011278,29331043.0,158096747.0,83742013400.0,83742013400.0,0.001884,5.634097118877399,2019-04-26,2019-03-31,9.351211129811421,2.0039127516586297,3.4503069101494437,0.9710980347629407,4.873976080597024
sh601985,2018-12-04,5.39,5.41,5.37,5.41,0.005576,12968864.0,69894921.0,84208976300.0,84208976300.0,0.000833,5.665512844412259,2019-04-26,2019-03-31,9.403355429791784,2.0150869863333063,3.4695465397599428,0.9765130795664515,4.901153371222433
sh601985,2018-12-05,5.35,5.38,5.32,5.37,-0.0073939999999999,11032089.0,59113600.0,83586359100.0,83586359100.0,0.000709,5.623622042440675,2019-04-26,2019-03-31,9.333829696484635,2.000188006767071,3.4438937002792778,0.9692930198284371,4.8649142431956145
sh601985,2018-12-06,5.35,5.36,5.31,5.31,-0.011173,9187843.0,48979534.0,82652433300.0,82652433300.0,0.00059,5.560789313360486,2019-04-26,2019-03-31,9.229541096523914,1.9778395374177185,3.40541444105828,0.9584629302214155,4.810558556356391
sh601985,2018-12-07,5.32,5.34,5.29,5.32,0.001883,10064843.0,53426192.0,82808087600.0,82808087600.0,0.000647,5.571260279637545,2019-04-26,2019-03-31,9.2469225298507,1.9815642823092772,3.4118276509284464,0.9602679451559191,4.81961683811801
sh601985,2018-12-10,5.29,5.31,5.28,5.29,-0.005639,8594400.0,45473471.0,82341124700.0,82341124700.0,0.000552,5.539843942920668,2019-04-26,2019-03-31,9.194778229870339,1.9703900476346008,3.3925880213179473,0.9548529003524082,4.792439018767863
sh601985,2018-12-11,5.29,5.32,5.28,5.3,0.0018899999999999,7237500.0,38344806.0,82496779000.0,82496779000.0,0.000465,5.550314247972788,2019-04-26,2019-03-31,9.212159663197125,1.9741147925261595,3.3990012311881137,0.9566579152869118,4.801496728513333
sh601985,2018-12-12,5.31,5.34,5.29,5.3,0.0,11905909.0,63245539.0,82496779000.0,82496779000.0,0.000765,5.550314247972788,2019-04-26,2019-03-31,9.212159663197125,1.9741147925261595,3.3990012311881137,0.9566579152869118,4.801496728513333
sh601985,2018-12-13,5.31,5.39,5.3,5.37,0.013208,23051049.0,123646892.0,83586359100.0,83586359100.0,0.001481,5.623622798560013,2019-04-26,2019-03-31,9.333829696484635,2.000188006767071,3.4438937002792778,0.9692930198284371,4.864914897303538
sh601985,2018-12-14,5.37,5.39,5.33,5.33,-0.007449,15290549.0,81903770.0,82963741900.0,82963741900.0,0.000982,5.581732432333539,2019-04-26,2019-03-31,9.264303963177486,1.9852890272008359,3.4182408607986123,0.9620729600904226,4.828676146233524
sh601985,2018-12-17,5.34,5.41,5.32,5.38,0.009381,20607407.0,110734782.0,83742013400.0,83742013400.0,0.001324,5.634094664281261,2019-04-26,2019-03-31,9.351211129811421,2.0039127516586297,3.4503069101494437,0.9710980347629407,4.873973957161341
sh601985,2018-12-18,5.35,5.38,5.27,5.28,-0.018587,18464533.0,98040175.0,82185470400.0,82185470400.0,0.001186,5.5293737467562645,2019-04-26,2019-03-31,9.177396796543553,1.966665302743042,3.3861748114477814,0.9530478854179046,4.7833814032195825
sh601985,2018-12-19,5.29,5.31,5.25,5.25,-0.005682,9736214.0,51399054.0,81718507500.0,81718507500.0,0.0006259999999999,5.497955845127196,2019-04-26,2019-03-31,9.12525249656319,1.9554910680683655,3.3669351818372824,0.9476328406143938,4.756202230086489
sh601985,2018-12-20,5.23,5.28,5.23,5.27,0.00381,10032545.0,52788505.0,82029816100.0,82029816100.0,0.000645,5.5189030568971305,2019-04-26,2019-03-31,9.160015363216766,1.9629405578514834,3.379761601577615,0.9512428704834011,4.774323360583119
sh601985,2018-12-21,5.25,5.27,5.23,5.25,-0.003795,8700838.0,45673794.0,81718507500.0,81718507500.0,0.000559,5.497958819796207,2019-04-26,2019-03-31,9.12525249656319,1.9554910680683655,3.3669351818372824,0.9476328406143938,4.756204803429706
sh601985,2018-12-24,5.27,5.4,5.26,5.3,0.009524,36655178.0,195372910.0,82496779000.0,82496779000.0,0.002355,5.550321379595946,2019-04-26,2019-03-31,9.212159663197125,1.9741147925261595,3.3990012311881137,0.9566579152869118,4.801502897977572
sh601985,2018-12-25,5.27,5.3,5.23,5.27,-0.00566,15234073.0,80093419.0,82029816100.0,82029816100.0,0.0009789999999999,5.518906560587433,2019-04-26,2019-03-31,9.160015363216766,1.9629405578514834,3.379761601577615,0.9512428704834011,4.774326391575018
sh601985,2018-12-26,5.26,5.29,5.23,5.25,-0.003795,9399434.0,49398167.0,81718507500.0,81718507500.0,0.000604,5.497962310190004,2019-04-26,2019-03-31,9.12525249656319,1.9554910680683655,3.3669351818372824,0.9476328406143938,4.7562078229189915
sh601985,2018-12-27,5.3,5.34,5.25,5.26,0.001905,13652761.0,72072736.0,81874161800.0,81874161800.0,0.000877,5.508435928390916,2019-04-26,2019-03-31,9.142633929889977,1.9592158129599242,3.3733483917074487,0.9494378555488974,4.765268398821652
sh601985,2018-12-28,5.25,5.3,5.23,5.27,0.001901,14452047.0,76173012.0,82029816100.0,82029816100.0,0.0009279999999999,5.518907465090787,2019-04-26,2019-03-31,9.160015363216766,1.9629405578514834,3.379761601577615,0.9512428704834011,4.774327174047811
sh601985,2019-01-02,5.28,5.29,5.22,5.27,0.0,12296100.0,64629419.0,82029816100.0,82029816100.0,0.00079,5.518907465090787,2019-04-26,2019-03-31,9.160015363216766,1.9629405578514834,3.379761601577615,0.9512428704834011,4.774327174047811
sh601985,2019-01-03,5.28,5.31,5.25,5.28,0.001898,10863706.0,57353217.0,82185470400.0,82185470400.0,0.000698,5.529382351459529,2019-04-26,2019-03-31,9.177396796543553,1.966665302743042,3.3861748114477814,0.9530478854179046,4.783388847024154
sh601985,2019-01-04,5.25,5.35,5.22,5.33,0.00947,22144006.0,117728528.0,82963741900.0,82963741900.0,0.001423,5.58174560232785,2019-04-26,2019-03-31,9.264303963177486,1.9852890272008359,3.4182408607986123,0.9620729600904226,4.828687539405473
sh601985,2019-01-07,5.34,5.44,5.32,5.44,0.020638,34577277.0,186227660.0,84675939200.0,84675939200.0,0.002221,5.696941668068693,2019-04-26,2019-03-31,9.455499729772145,2.0262612210079824,3.488786169370441,0.9819281243699622,4.928341992843722
sh601985,2019-01-08,5.42,5.46,5.38,5.42,-0.003676,19447823.0,105210723.0,84364630600.0,84364630600.0,0.001249,5.675999710496872,2019-04-26,2019-03-31,9.42073686311857,2.018811731224865,3.4759597496301087,0.9783180945009551,4.91022540767803
sh601985,2019-01-09,5.42,5.46,5.39,5.39,-0.005535,21693375.0,117843379.0,83897667700.0,83897667700.0,0.001394,5.644583052099272,2019-04-26,2019-03-31,9.368592563138208,2.0076374965501884,3.4567201200196096,0.9729030496974442,4.883047310046532
sh601985,2019-01-10,5.39,5.42,5.37,5.38,-0.001855,15515259.0,83661168.0,83742013400.0,83742013400.0,0.000997,5.634112350537627,2019-04-26,2019-03-31,9.351211129811421,2.0039127516586297,3.4503069101494437,0.9710980347629407,4.873989257286395
sh601985,2019-01-11,5.38,5.41,5.36,5.38,0.0,13260757.0,71312716.0,83742013400.0,83742013400.0,0.000852,5.634112350537627,2019-04-26,2019-03-31,9.351211129811421,2.0039127516586297,3.4503069101494437,0.9710980347629407,4.873989257286395
sh601985,2019-01-14,5.39,5.39,5.33,5.35,-0.005576,15388406.0,82402054.0,83275050500.0,83275050500.0,0.000989,5.60269654007103,2019-04-26,2019-03-31,9.299066829831062,1.9927385169839538,3.431067280538945,0.9656829899594299,4.846811893187766
sh601985,2019-01-15,5.35,5.38,5.34,5.38,0.005607,13636900.0,73098189.0,83742013400.0,83742013400.0,0.0008759999999999,5.634110859571208,2019-04-26,2019-03-31,9.351211129811421,2.0039127516586297,3.4503069101494437,0.9710980347629407,4.873987967472869
sh601985,2019-01-16,5.37,5.4,5.33,5.36,-0.003717,17710974.0,94778351.0,83430704800.0,83430704800.0,0.001138,5.613168869506182,2019-04-26,2019-03-31,9.316448263157849,1.9964632618755125,3.4374804904091114,0.9674880048939335,4.855871354197773
sh601985,2019-01-17,5.36,5.37,5.31,5.32,-0.0074629999999999,15608595.0,83222156.0,82808087600.0,82808087600.0,0.001003,5.571277790233057,2019-04-26,2019-03-31,9.2469225298507,1.9815642823092772,3.4118276509284464,0.9602679451559191,4.819631986281395
sh601985,2019-01-18,5.34,5.36,5.31,5.36,0.007519,18487787.0,98754573.0,83430704800.0,83430704800.0,0.001188,5.61316822793782,2019-04-26,2019-03-31,9.316448263157849,1.9964632618755125,3.4374804904091114,0.9674880048939335,4.8558707991862455
sh601985,2019-01-21,5.36,5.39,5.34,5.35,-0.001866,25547307.0,137044008.0,83275050500.0,83275050500.0,0.001641,5.602694056024488,2019-04-26,2019-03-31,9.299066829831062,1.9927385169839538,3.431067280538945,0.9656829899594299,4.846809744274964
sh601985,2019-01-22,5.34,5.35,5.3,5.32,-0.005607,20966296.0,111525956.0,82808087600.0,82808087600.0,0.001347,5.571279750452359,2019-04-26,2019-03-31,9.2469225298507,1.9815642823092772,3.4118276509284464,0.9602679451559191,4.8196336820388135
sh601985,2019-01-23,5.3,5.32,5.28,5.29,-0.005639,12740125.0,67463040.0,82341124700.0,82341124700.0,0.0008179999999999,5.539863303939558,2019-04-26,2019-03-31,9.194778229870339,1.9703900476346008,3.3925880213179473,0.9548529003524082,4.792455767705797
sh601985,2019-01-24,5.28,5.32,5.28,5.31,0.003781,15359628.0,81416753.0,82652433300.0,82652433300.0,0.000987,5.560809527091754,2019-04-26,2019-03-31,9.229541096523914,1.9778395374177185,3.40541444105828,0.9584629302214155,4.810576042963493
sh601985,2019-01-25,5.3,5.32,5.29,5.3,-0.001883,13915467.0,73801963.0,82496779000.0,82496779000.0,0.0008939999999999,5.550338522752241,2019-04-26,2019-03-31,9.212159663197125,1.9741147925261595,3.3990012311881137,0.9566579152869118,4.801517728274593
sh601985,2019-01-28,5.32,5.42,5.32,5.38,0.015094,38902604.0,209421099.0,83742013400.0,83742013400.0,0.002499,5.6341153324146624,2019-04-26,2019-03-31,9.351211129811421,2.0039127516586297,3.4503069101494437,0.9710980347629407,4.873991836865169
sh601985,2019-01-29,5.37,5.41,5.3,5.38,0.0,25635017.0,137342530.0,83742013400.0,83742013400.0,0.0016469999999999,5.6341153324146624,2019-04-26,2019-03-31,9.351211129811421,2.0039127516586297,3.4503069101494437,0.9710980347629407,4.873991836865169
sh601985,2019-01-30,5.38,5.38,5.34,5.38,0.0,16147099.0,86586372.0,83742013400.0,83742013400.0,0.001037,5.6341153324146624,2019-04-26,2019-03-31,9.351211129811421,2.0039127516586297,3.4503069101494437,0.9710980347629407,4.873991836865169
sh601985,2019-01-31,5.39,5.45,5.36,5.39,0.001859,36834690.0,199379795.0,83897667700.0,83897667700.0,0.002366,5.6445891528176215,2019-04-26,2019-03-31,9.368592563138208,2.0076374965501884,3.4567201200196096,0.9729030496974442,4.883052587689902
sh601985,2019-02-01,5.39,5.43,5.36,5.43,0.007421,25562746.0,137858783.0,84520284900.0,84520284900.0,0.001642,5.68647764892068,2019-04-26,2019-03-31,9.438118296445356,2.0225364761164237,3.4823729595002746,0.9801231094354587,4.919289720943148
sh601985,2019-02-11,5.43,5.5,5.41,5.49,0.01105,32879709.0,179579465.0,85454210700.0,85454210700.0,0.002112,5.749313226941253,2019-04-26,2019-03-31,9.54240689640608,2.0448849454657765,3.5208522187212727,0.9909531990424804,4.97364787235957
sh601985,2019-02-12,5.49,5.51,5.47,5.49,0.0,26459965.0,145195764.0,85454210700.0,85454210700.0,0.0017,5.749313226941253,2019-04-26,2019-03-31,9.54240689640608,2.0448849454657765,3.5208522187212727,0.9909531990424804,4.97364787235957
sh601985,2019-02-13,5.49,5.61,5.48,5.58,0.016393,47734686.0,264722122.0,86855099400.0,86855099400.0,0.003067,5.843561718670502,2019-04-26,2019-03-31,9.698839796347162,2.078407649489806,3.5785711075527686,1.0071983334530128,5.055180881931161
sh601985,2019-02-14,5.58,5.62,5.54,5.59,0.001792,35833946.0,199887842.0,87010753700.0,87010753700.0,0.002302,5.8540333812703595,2019-04-26,2019-03-31,9.71622122967395,2.0821323943813645,3.584984317422935,1.0090033483875165,5.064239766071581
sh601985,2019-02-15,5.58,5.59,5.53,5.54,-0.008945,32003873.0,177855341.0,86232482200.0,86232482200.0,0.0020559999999999,5.801669052674896,2019-04-26,2019-03-31,9.629314063040015,2.0635086699235705,3.5529182680721036,0.9999782737149984,5.018940141364071
sh601985,2019-02-18,5.54,5.66,5.54,5.64,0.0180509999999999,37968133.0,212893707.0,87789025200.0,87789025200.0,0.002439,5.90639498074473,2019-04-26,2019-03-31,9.803128396307883,2.100756118839158,3.617050366773766,1.0180284230600345,5.109537029855833
sh601985,2019-02-19,5.64,5.68,5.54,5.59,-0.008865,42320418.0,237608135.0,87010753700.0,87010753700.0,0.002719,5.854034789240427,2019-04-26,2019-03-31,9.71622122967395,2.0821323943813645,3.584984317422935,1.0090033483875165,5.06424098408616
sh601985,2019-02-20,5.58,5.61,5.52,5.57,-0.003578,30310159.0,168356279.0,86699445100.0,86699445100.0,0.001947,5.8330890527645245,2019-04-26,2019-03-31,9.681458363020376,2.074682904598247,3.5721578976826027,1.0053933185185093,5.0461211298451
sh601985,2019-02-21,5.57,5.58,5.5,5.52,-0.0089769999999999,44976531.0,249205479.0,85921173600.0,85921173600.0,0.0028899999999999,5.780725412337858,2019-04-26,2019-03-31,9.594551196386442,2.056059180140453,3.5400918483317714,0.9963682438459913,5.000822100462481
sh601985,2019-02-22,5.51,5.57,5.47,5.57,0.009058,42824190.0,235956335.0,86699445100.0,86699445100.0,0.002751,5.833087223122815,2019-04-26,2019-03-31,9.681458363020376,2.074682904598247,3.5721578976826027,1.0053933185185093,5.0461195470484705
sh601985,2019-02-25,5.6,6.11,5.6,6.0,0.077199,145748150.0,848281010.0,93392580000.0,93392580000.0,0.009364,6.283395723660673,2019-04-26,2019-03-31,10.428859996072218,2.234846934935275,3.8479259220997513,1.0830089607021642,5.435674929961066
sh601985,2019-02-26,6.05,6.25,5.94,6.08,0.013333,134018170.0,818662109.0,94637814400.0,94637814400.0,0.00861,6.367172238844241,2019-04-26,2019-03-31,10.567911462686514,2.2646448940677453,3.8992316010610812,1.0974490801781933,5.508148783802238
sh601985,2019-02-27,6.08,6.15,6.01,6.07,-0.001645,59088995.0,358590526.0,94482160100.0,94482160100.0,0.003796,6.356698240511343,2019-04-26,2019-03-31,10.550530029359727,2.2609201491761866,3.8928183911909153,1.0956440652436896,5.499087879052883
sh601985,2019-02-28,6.05,6.09,5.96,5.99,-0.01318,49197405.0,296454736.0,93236925700.0,93236925700.0,0.0031609999999999,6.272916957701404,2019-04-26,2019-03-31,10.411478562745431,2.2311221900437164,3.8415127122295853,1.0812039457676608,5.426609900806966
sh601985,2019-03-01,6.02,6.06,5.97,6.06,0.011686,53047189.0,318992137.0,94326505800.0,94326505800.0,0.003408,6.346222265269104,2019-04-26,2019-03-31,10.533148596032941,2.257195404284628,3.886405181320749,1.0938390503091862,5.490025264107797
sh601985,2019-03-04,6.1,6.2,6.06,6.09,0.00495,78058394.0,478799224.0,94793468700.0,94793468700.0,0.0050149999999999,6.377636065482186,2019-04-26,2019-03-31,10.585292896013302,2.268369638959304,3.9056448109312476,1.0992540951126968,5.517200889165131
sh601985,2019-03-05,6.06,6.18,6.04,6.17,0.013136,55469831.0,338943805.0,96038703100.0,96038703100.0,0.003564,6.46141269283836,2019-04-26,2019-03-31,10.724344362627598,2.298167598091774,3.9569504898925776,1.1136942145887256,5.5896748400452045
sh601985,2019-03-06,6.18,6.57,6.13,6.47,0.048622,136284730.0,869385578.0,100708332100.0,100708332100.0,0.008756,6.775579500789546,2019-04-26,2019-03-31,11.245787362431209,2.409909944838538,4.149346785997565,1.167844662623834,5.861456010117881
sh601985,2019-03-07,6.43,6.47,6.28,6.36,-0.017002,84746346.0,540849317.0,98996134800.0,98996134800.0,0.005445,6.6603810981171225,2019-04-26,2019-03-31,11.054591595836552,2.3689377510313916,4.078801477425737,1.1479894983442942,5.761799535033858
sh601985,2019-03-08,6.26,6.27,6.0,6.03,-0.051887,86118204.0,529158847.0,93859542900.0,93859542900.0,0.005533,6.314793904079119,2019-04-26,2019-03-31,10.48100429605258,2.2460211696099512,3.8671655517102503,1.0884240055056753,5.462837042559555
sh601985,2019-03-11,6.04,6.19,6.04,6.17,0.0232169999999999,52117785.0,318209630.0,96038703100.0,96038703100.0,0.003348,6.4614044741501235,2019-04-26,2019-03-31,10.724344362627598,2.298167598091774,3.9569504898925776,1.1136942145887256,5.58966773017666
sh601985,2019-03-12,6.19,6.32,6.15,6.2,0.004862,77134895.0,480159412.0,96505666000.0,96505666000.0,0.004956,6.492819822703441,2019-04-26,2019-03-31,10.776488662607958,2.3093418327664508,3.9761901195030767,1.1191092593922365,5.616844694680779
sh601985,2019-03-13,6.19,6.19,6.03,6.05,-0.024194,58330963.0,355188815.0,94170851500.0,94170851500.0,0.003747,6.335732539912954,2019-04-26,2019-03-31,10.515767162706153,2.2534706593930687,3.8799919714505826,1.0920340353746822,5.480950754137671
sh601985,2019-03-14,6.05,6.09,5.9,5.94,-0.018182,52935652.0,317122662.0,92458654200.0,92458654200.0,0.003401,6.220536250872256,2019-04-26,2019-03-31,10.324571396111496,2.212498465585922,3.8094466628787536,1.0721788710951425,5.381296107525941
sh601985,2019-03-15,5.96,6.05,5.96,6.01,0.0117849999999999,38082991.0,228626051.0,93548234300.0,93548234300.0,0.002447,6.293845270588785,2019-04-26,2019-03-31,10.446241429399004,2.238571679826834,3.8543391319699176,1.084813975636668,5.444714682153133
sh601985,2019-03-18,6.04,6.13,5.99,6.12,0.018303,50556814.0,306917275.0,95260431600.0,95260431600.0,0.0032479999999999,6.4090415205763716,2019-04-26,2019-03-31,10.637437195993662,2.2795438736339806,3.9248844405417467,1.1046691399162076,5.544369294980582
sh601985,2019-03-19,6.5,6.73,6.23,6.3,0.029412,232678988.0,1500559495.0,98062209000.0,98062209000.0,0.014948,6.597544249779564,2019-04-26,2019-03-31,10.950302995875829,2.346589281682039,4.0403222182047385,1.1371594087372725,5.707440284684551
sh601985,2019-03-20,6.23,6.27,6.15,6.22,-0.012698,88053172.0,546003115.0,96816974600.0,96816974600.0,0.005657,6.5137686328958635,2019-04-26,2019-03-31,10.811251529261533,2.316791322549568,3.989016539243409,1.1227192892612436,5.634967207949627
sh601985,2019-03-21,6.23,6.3,6.18,6.25,0.004823,80682313.0,502985723.0,97283937500.0,97283937500.0,0.005183,6.54518453901232,2019-04-26,2019-03-31,10.863395829241894,2.327965557224245,4.008256168853908,1.1281343340647545,5.662144654793568
sh601985,2019-03-22,6.25,6.25,6.16,6.23,-0.0032,46532490.0,288778641.0,96972628900.0,96972628900.0,0.002989,6.52423994848748,2019-04-26,2019-03-31,10.82863296258832,2.320516067441127,3.995429749113575,1.1245243041957471,5.644025791898229
sh601985,2019-03-25,6.15,6.27,6.12,6.17,-0.009631,60083597.0,372896525.0,96038703100.0,96038703100.0,0.00386,6.461404993543598,2019-04-26,2019-03-31,10.724344362627598,2.298167598091774,3.9569504898925776,1.1136942145887256,5.589668179496457
sh601985,2019-03-26,6.2,6.2,6.02,6.03,-0.02269,54988179.0,335262771.0,93859542900.0,93859542900.0,0.0035329999999999,6.314795714240094,2019-04-26,2019-03-31,10.48100429605258,2.2460211696099512,3.8671655517102503,1.0884240055056753,5.462838608503683
sh601985,2019-03-27,6.04,6.07,5.97,6.0,-0.004975,36282800.0,217710099.0,93392580000.0,93392580000.0,0.0023309999999999,6.28337960556175,2019-04-26,2019-03-31,10.428859996072218,2.234846934935275,3.8479259220997513,1.0830089607021642,5.435660986426377
sh601985,2019-03-28,5.98,6.01,5.91,5.91,-0.015,31804080.0,189253365.0,91991691300.0,91991691300.0,0.002043,6.189128911478324,2019-04-26,2019-03-31,10.272427096131135,2.2013242309112457,3.7902070332682554,1.066763826291632,5.354126071629982
sh601985,2019-03-29,5.91,6.05,5.91,6.05,0.0236889999999999,41410232.0,248184539.0,94170851500.0,94170851500.0,0.00266,6.3357431862623335,2019-04-26,2019-03-31,10.515767162706153,2.2534706593930687,3.8799919714505826,1.0920340353746822,5.4809599641408235
sh601985,2019-04-01,6.1,6.56,6.07,6.39,0.056198,145518440.0,921171872.0,99463097700.0,99463097700.0,0.009349,6.691799281843903,2019-04-26,2019-03-31,11.106735895816911,2.3801119857060677,4.098041107036235,1.153404543147805,5.788978952205609
sh601985,2019-04-02,6.44,6.56,6.34,6.41,0.00313,135283202.0,872508621.0,99774406300.0,99774406300.0,0.0086909999999999,6.712744613596075,2019-04-26,2019-03-31,11.141498762470487,2.3875614754891856,4.110867526776568,1.1570145730168122,5.807098456326013
sh601985,2019-04-03,6.35,6.42,6.32,6.39,-0.00312,72190009.0,459967048.0,99463097700.0,99463097700.0,0.004638,6.6918008504016555,2019-04-26,2019-03-31,11.106735895816911,2.3801119857060677,4.098041107036235,1.153404543147805,5.788980309142276
sh601985,2019-04-04,6.46,6.49,6.33,6.38,-0.001565,67560912.0,432680674.0,99307443400.0,99307443400.0,0.00434,6.681328182070777,2019-04-26,2019-03-31,11.089354462490125,2.376387240814509,4.0916278971660685,1.1515995282133014,5.779920554958468
sh601985,2019-04-08,6.42,6.49,6.31,6.34,-0.00627,78897294.0,505004402.0,98684826200.0,98684826200.0,0.005069,6.639436254369192,2019-04-26,2019-03-31,11.019828729182978,2.3614882612482737,4.065975057685404,1.144379468475287,5.743680453078879
sh601985,2019-04-09,6.35,6.37,6.27,6.36,0.003155,45789457.0,289501284.0,98996134800.0,98996134800.0,0.002942,6.660383675751728,2019-04-26,2019-03-31,11.054591595836552,2.3689377510313916,4.078801477425737,1.1479894983442942,5.761801764908342
sh601985,2019-04-10,6.32,6.36,6.27,6.33,-0.004717,42128137.0,265840217.0,98529171900.0,98529171900.0,0.002707,6.628966645953207,2019-04-26,2019-03-31,11.00244729585619,2.357763516356715,4.059561847815238,1.1425744535407834,5.73462334598327
sh601985,2019-04-11,6.44,6.48,6.3,6.33,0.0,69792560.0,445321047.0,98529171900.0,98529171900.0,0.004484,6.628966645953207,2019-04-26,2019-03-31,11.00244729585619,2.357763516356715,4.059561847815238,1.1425744535407834,5.73462334598327
sh601985,2019-04-12,6.33,6.39,6.3,6.36,0.004739,50833847.0,322421843.0,98996134800.0,98996134800.0,0.003266,6.66038131888838,2019-04-26,2019-03-31,11.054591595836552,2.3689377510313916,4.078801477425737,1.1479894983442942,5.761799726019885
sh601985,2019-04-15,6.36,6.39,6.24,6.25,-0.017296,68520245.0,434721638.0,97283937500.0,97283937500.0,0.004402,6.545183363596887,2019-04-26,2019-03-31,10.863395829241894,2.327965557224245,4.008256168853908,1.1281343340647545,5.662143637958645
sh601985,2019-04-16,6.22,6.3,6.11,6.3,0.008,54085338.0,335552361.0,98062209000.0,98062209000.0,0.003475,6.597544830505662,2019-04-26,2019-03-31,10.950302995875829,2.346589281682039,4.0403222182047385,1.1371594087372725,5.707440787062315
sh601985,2019-04-17,6.28,6.32,6.25,6.3,0.0,39264085.0,246904286.0,98062209000.0,98062209000.0,0.002523,6.597544830505662,2019-04-26,2019-03-31,10.950302995875829,2.346589281682039,4.0403222182047385,1.1371594087372725,5.707440787062315
sh601985,2019-04-18,6.29,6.37,6.23,6.34,0.006349,44775861.0,282647701.0,98684826200.0,98684826200.0,0.002877,6.639432642634541,2019-04-26,2019-03-31,11.019828729182978,2.3614882612482737,4.065975057685404,1.144379468475287,5.7436773286193725
sh601985,2019-04-19,6.33,6.34,6.24,6.31,-0.004732,32367859.0,203647691.0,98217863300.0,98217863300.0,0.002079,6.608014847369596,2019-04-26,2019-03-31,10.967684429202617,2.3503140265735976,4.046735428074905,1.1389644236717762,5.716498247500346
sh601985,2019-04-22,6.32,6.33,6.2,6.21,-0.0158479999999999,31412881.0,196700649.0,96661320300.0,96661320300.0,0.002018,6.5032910280684835,2019-04-26,2019-03-31,10.793870095934745,2.3130665776580095,3.9826033293732426,1.1209142743267402,5.625903183273961
sh601985,2019-04-23,6.21,6.24,6.11,6.11,-0.016103,32373190.0,199087180.0,95104777300.0,95104777300.0,0.00208,6.3985685326434965,2019-04-26,2019-03-31,10.620055762666876,2.275819128742422,3.9184712306715803,1.1028641249817042,5.535309264313701
sh601985,2019-04-24,6.13,6.15,6.08,6.12,0.001637,26898672.0,164585409.0,95260431600.0,95260431600.0,0.001728,6.409042989331435,2019-04-26,2019-03-31,10.637437195993662,2.2795438736339806,3.9248844405417467,1.1046691399162076,5.544370565579383
sh601985,2019-04-25,6.11,6.12,6.0,6.01,-0.017974,29093744.0,176311583.0,93548234300.0,93548234300.0,0.001869,6.2938468506411915,2019-04-26,2019-03-31,10.446241429399004,2.238571679826834,3.8543391319699176,1.084813975636668,5.4447160490336595
sh601985,2019-04-26,6.02,6.04,5.88,5.88,-0.021631,37579599.0,224412687.0,91524728400.0,91524728400.0,0.002414,6.157704649414972,2019-04-26,2019-03-31,10.220282796150773,2.1901499962365696,3.7709674036577563,1.061348781488121,5.326941396177013
sh601985,2019-04-29,5.92,5.94,5.82,5.85,-0.005102,27525511.0,162042654.0,91057765500.0,91057765500.0,0.001768,6.126288040293657,2019-10-30,2019-09-30,10.90830177631087,2.0218989093148827,3.2474480906711056,1.033644461930063,5.299763341173717
sh601985,2019-04-30,5.83,5.94,5.83,5.93,0.013675,21129663.0,124851264.0,92302999900.0,92302999900.0,0.001357,6.2100650292446735,2019-10-30,2019-09-30,11.057475133935633,2.0495488089294454,3.2918576372101973,1.047779770811158,5.372237604864269
sh601985,2019-05-06,5.85,5.85,5.52,5.64,-0.048904,55627052.0,315741713.0,87789025200.0,87789025200.0,0.003574,5.906368009054492,2019-10-30,2019-09-30,10.516721712545863,1.9493179228266564,3.1308730310059887,0.9965392761171891,5.109513697035986
sh601985,2019-05-07,5.66,5.7,5.59,5.7,0.010638,31911043.0,180611881.0,88722951000.0,88722951000.0,0.00205,5.969199951934813,2019-10-30,2019-09-30,10.628601730764437,1.9700553475375784,3.164180190910308,1.0071407577780103,5.163868703745055
sh601985,2019-05-08,5.63,5.71,5.59,5.62,-0.0140349999999999,23304816.0,131687138.0,87477716600.0,87477716600.0,0.001497,5.885422230609408,2019-10-30,2019-09-30,10.479428373139672,1.942405447923016,3.119770644371216,0.9930054488969153,5.091393806487994
sh601985,2019-05-09,5.58,5.64,5.56,5.59,-0.005338,16926305.0,94938293.0,87010753700.0,87010753700.0,0.0010869999999999,5.854005846742416,2019-10-30,2019-09-30,10.423488364030387,1.9320367355675547,3.1031170644190564,0.9877047080665048,5.064215946348961
sh601985,2019-05-10,5.62,5.7,5.54,5.69,0.017889,35423123.0,199908496.0,88567296700.0,88567296700.0,0.002276,5.958728157334791,2019-10-30,2019-09-30,10.609955061061342,1.9665991100857578,3.1586289975929214,1.0053738441678732,5.154809705413197
sh601985,2019-05-13,5.64,5.65,5.6,5.61,-0.01406,18481152.0,103914608.0,87322062300.0,87322062300.0,0.001187,5.874948439442664,2019-10-30,2019-09-30,10.460781703436579,1.9389492104711956,3.1142194510538297,0.9912385352867785,5.082333080955088
sh601985,2019-05-14,5.59,5.69,5.59,5.62,0.0017829999999999,22562381.0,127475193.0,87477716600.0,87477716600.0,0.00145,5.8854234725101895,2019-10-30,2019-09-30,10.479428373139672,1.942405447923016,3.119770644371216,0.9930054488969153,5.091394880838431
sh601985,2019-05-15,5.64,5.68,5.62,5.67,0.008897,22915332.0,129546473.0,88255988100.0,88255988100.0,0.001472,5.937786085145112,2019-10-30,2019-09-30,10.57266172165515,1.9596866351821174,3.1475266109581486,1.0018400169475996,5.136693021093249
sh601985,2019-05-16,5.65,5.74,5.65,5.71,0.007055,24174369.0,137824738.0,88878605300.0,88878605300.0,0.001553,5.9796771659758114,2019-10-30,2019-09-30,10.647248400467532,1.9735115849893987,3.1697313842276946,1.008907671388147,5.1729323903570625
sh601985,2019-05-17,5.71,5.72,5.54,5.55,-0.0280209999999999,27041141.0,151930430.0,86388136500.0,86388136500.0,0.001737,5.8121206321080034,2019-10-30,2019-09-30,10.348901685218005,1.9182117857602736,3.0809122911495104,0.9806370536259573,5.027981651846868
sh601985,2019-05-20,5.54,5.58,5.5,5.53,-0.003604,18806354.0,103896629.0,86076827900.0,86076827900.0,0.001208,5.791173749349886,2019-10-30,2019-09-30,10.311608345811814,1.9112993108566332,3.0698099045147376,0.9771032264056837,5.009860805973612
sh601985,2019-05-21,5.52,5.63,5.52,5.63,0.018083,21596859.0,120770435.0,87633370900.0,87633370900.0,0.001387,5.89589554425938,2019-10-30,2019-09-30,10.498075042842768,1.945861685374836,3.1253218376886025,0.9947723625070521,5.100454118928033
sh601985,2019-05-22,5.62,5.73,5.59,5.68,0.008881,29903677.0,169950217.0,88411642400.0,88411642400.0,0.001921,5.948256992587948,2019-10-30,2019-09-30,10.591308391358245,1.9631428726339375,3.1530778042755347,1.0036069305577364,5.145751251958233
sh601985,2019-05-23,5.64,5.72,5.62,5.65,-0.005282,16428861.0,93163132.0,87944679500.0,87944679500.0,0.001055,5.916838299153098,2019-10-30,2019-09-30,10.53536838224896,1.9527741602784765,3.1364242243233753,0.9983061897273259,5.118571393845389
sh601985,2019-05-24,5.65,5.69,5.61,5.62,-0.00531,12304300.0,69326518.0,87477716600.0,87477716600.0,0.00079,5.885419887784596,2019-10-30,2019-09-30,10.479428373139672,1.942405447923016,3.119770644371216,0.9930054488969153,5.09139177974407
sh601985,2019-05-27,5.63,5.72,5.61,5.71,0.0160139999999999,17162383.0,97497365.0,88878605300.0,88878605300.0,0.001103,5.979669001867578,2019-10-30,2019-09-30,10.647248400467532,1.9735115849893987,3.1697313842276946,1.008907671388147,5.172925327704892
sh601985,2019-05-28,5.7,5.7,5.62,5.7,-0.001751,47853316.0,271256187.0,88722951000.0,88722951000.0,0.003074,5.969198601445308,2019-10-30,2019-09-30,10.628601730764437,1.9700553475375784,3.164180190910308,1.0071407577780103,5.163867535456081
sh601985,2019-05-29,5.65,5.66,5.61,5.62,-0.0140349999999999,29370192.0,165330305.0,87477716600.0,87477716600.0,0.001887,5.885420899074024,2019-10-30,2019-09-30,10.479428373139672,1.942405447923016,3.119770644371216,0.9930054488969153,5.091392654595955
sh601985,2019-05-30,5.61,5.61,5.52,5.54,-0.014235,47763038.0,265075839.0,86232482200.0,86232482200.0,0.003069,5.801641932575705,2019-10-30,2019-09-30,10.33025501551491,1.9147555483084533,3.075361097832124,0.9788701400158205,5.018916680157782
sh601985,2019-05-31,5.54,5.56,5.5,5.52,-0.00361,35420176.0,195807270.0,85921173600.0,85921173600.0,0.002276,5.780698005199107,2019-10-30,2019-09-30,10.29296167610872,1.9078430734048129,3.064258711197351,0.9753363127955467,5.000798390942412
sh601985,2019-06-03,5.53,5.54,5.44,5.48,-0.0072459999999999,40634526.0,222724322.0,85298556400.0,85298556400.0,0.002611,5.738811067453435,2019-10-30,2019-09-30,10.218374997296337,1.8940181235975313,3.042053937927805,0.9682686583549992,4.964562605801644
sh601985,2019-06-04,5.47,5.47,5.36,5.4,-0.014599,39478614.0,213095567.0,84053322000.0,84053322000.0,0.002536,5.655030164679682,2019-10-30,2019-09-30,10.069201639671572,1.8663682239829689,2.9976443913887127,0.9541333494739044,4.892084956319546
sh601985,2019-06-05,5.41,5.44,5.37,5.42,0.003704,33543499.0,181396850.0,84364630600.0,84364630600.0,0.002155,5.675976396409656,2019-10-30,2019-09-30,10.106494979077763,1.8732806988866095,3.008746778023486,0.9576671766941781,4.9102052389977535
sh601985,2019-06-06,5.41,5.52,5.37,5.44,0.0036899999999999,41917674.0,227814417.0,84675939200.0,84675939200.0,0.002693,5.696920749312407,2019-10-30,2019-09-30,10.143788318483955,1.88019317379025,3.019849164658259,0.9612010039144518,4.928323896329655
sh601985,2019-06-10,5.43,5.45,5.37,5.42,-0.003676,28639113.0,154890611.0,84364630600.0,84364630600.0,0.0018399999999999,5.675978868637935,2019-10-30,2019-09-30,10.106494979077763,1.8732806988866095,3.008746778023486,0.9576671766941781,4.910207377686747
sh601985,2019-06-11,5.42,5.54,5.42,5.54,0.02214,49417800.0,271638713.0,86232482200.0,86232482200.0,0.003175,5.8016450407895785,2019-10-30,2019-09-30,10.33025501551491,1.9147555483084533,3.075361097832124,0.9788701400158205,5.018919369028732
sh601985,2019-06-12,5.53,5.54,5.47,5.5,-0.00722,30373539.0,167093788.0,85609865000.0,85609865000.0,0.001951,5.759757163595078,2019-10-30,2019-09-30,10.255668336702527,1.900930598501172,3.053156324562578,0.971802485575273,4.982682771184344
sh601985,2019-06-13,5.48,5.54,5.45,5.49,-0.001818,22625248.0,124177281.0,85454210700.0,85454210700.0,0.001454,5.749285925071662,2019-10-30,2019-09-30,10.237021666999432,1.8974743610493519,3.0476051312451915,0.9700355719651362,4.973624253906332
sh601985,2019-06-14,5.5,5.53,5.45,5.45,-0.007286,18440550.0,101082794.0,84831593500.0,84831593500.0,0.001185,5.70739662782159,2019-10-30,2019-09-30,10.16243498818705,1.8836494112420705,3.0254003579756454,0.9629679175245888,4.9373864275923705
sh601985,2019-06-17,5.45,5.49,5.42,5.46,0.001835,15393652.0,84051388.0,84987247800.0,84987247800.0,0.000989,5.717869700633643,2019-10-30,2019-09-30,10.181081657890145,1.8871056486938909,3.030951551293032,0.9647348311347256,4.946446531687003
sh601985,2019-06-18,5.47,5.47,5.43,5.47,0.001832,13215550.0,72103730.0,85142902100.0,85142902100.0,0.000849,5.728344837925205,2019-10-30,2019-09-30,10.19972832759324,1.890561886145711,3.0365027446104182,0.9665017447448624,4.955508421733054
sh601985,2019-06-19,5.54,5.56,5.5,5.51,0.0073129999999999,31462654.0,173971662.0,85765519300.0,85765519300.0,0.002021,5.770236223724951,2019-10-30,2019-09-30,10.274315006405622,1.9043868359529923,3.0587075178799643,0.9735693991854099,4.991748054821187
sh601985,2019-06-20,5.51,5.6,5.5,5.57,0.010889,38090124.0,211716189.0,86699445100.0,86699445100.0,0.002447,5.833068325965091,2019-10-30,2019-09-30,10.386195024624197,1.9251242606639143,3.0920146777842836,0.984170880846231,5.046103199390134
sh601985,2019-06-21,5.6,5.61,5.57,5.59,0.0035909999999999,38553018.0,215518396.0,87010753700.0,87010753700.0,0.002477,5.8540148743236315,2019-10-30,2019-09-30,10.423488364030387,1.9320367355675547,3.1031170644190564,0.9877047080665048,5.064223755979143
sh601985,2019-06-24,5.6,5.61,5.57,5.59,0.0,19382202.0,108355024.0,87010753700.0,87010753700.0,0.001245,5.8540148743236315,2019-10-30,2019-09-30,10.423488364030387,1.9320367355675547,3.1031170644190564,0.9877047080665048,5.064223755979143
sh601985,2019-06-25,5.6,5.6,5.51,5.53,-0.010733,25247681.0,139690795.0,86076827900.0,86076827900.0,0.001622,5.791183732677516,2019-10-30,2019-09-30,10.311608345811814,1.9112993108566332,3.0698099045147376,0.9771032264056837,5.009869442406219
sh601985,2019-06-26,5.52,5.57,5.51,5.56,0.005425,14243542.0,79001664.0,86543790800.0,86543790800.0,0.000915,5.822600904427292,2019-10-30,2019-09-30,10.367548354921102,1.9216680232120942,3.086463484466897,0.9824039672360941,5.037047984131273
sh601985,2019-06-27,5.57,5.6,5.55,5.57,0.0017989999999999,19861661.0,110738905.0,86699445100.0,86699445100.0,0.001276,5.833075763454355,2019-10-30,2019-09-30,10.386195024624197,1.9251242606639143,3.0920146777842836,0.984170880846231,5.046109633454725
sh601985,2019-06-28,5.58,5.6,5.54,5.56,-0.001795,23628661.0,131530106.0,86543790800.0,86543790800.0,0.001518,5.8226053924589545,2019-10-30,2019-09-30,10.367548354921102,1.9216680232120942,3.086463484466897,0.9824039672360941,5.037051866662673
sh601985,2019-07-01,5.61,5.64,5.59,5.64,0.014388,33082992.0,186048342.0,87789025200.0,87789025200.0,0.002125,5.906381038845654,2019-10-30,2019-09-30,10.516721712545863,1.9493179228266564,3.1308730310059887,0.9965392761171891,5.1095249689202165
sh601985,2019-07-02,5.63,5.65,5.61,5.63,-0.001773,23335903.0,131285166.0,87633370900.0,87633370900.0,0.001499,5.895909025263781,2019-10-30,2019-09-30,10.498075042842768,1.945861685374836,3.1253218376886025,0.9947723625070521,5.10046578115032
sh601985,2019-07-03,5.63,5.63,5.58,5.62,-0.001776,22091005.0,123658384.0,87477716600.0,87477716600.0,0.001419,5.885437890834913,2019-10-30,2019-09-30,10.479428373139672,1.942405447923016,3.119770644371216,0.9930054488969153,5.091407353922998
sh601985,2019-07-04,5.62,5.65,5.6,5.64,0.003559,20769104.0,116925421.0,87789025200.0,87789025200.0,0.001334,5.9063841642883945,2019-10-30,2019-09-30,10.516721712545863,1.9493179228266564,3.1308730310059887,0.9965392761171891,5.109527672695609
sh601985,2019-07-05,5.63,5.63,5.61,5.63,-0.001773,14492897.0,81489744.0,87633370900.0,87633370900.0,0.000931,5.895912145165111,2019-10-30,2019-09-30,10.498075042842768,1.945861685374836,3.1253218376886025,0.9947723625070521,5.10046848013192
sh601985,2019-07-08,5.62,5.62,5.51,5.52,-0.019538,24827885.0,137727080.0,85921173600.0,85921173600.0,0.0015949999999999,5.780717813672874,2019-10-30,2019-09-30,10.29296167610872,1.9078430734048129,3.064258711197351,0.9753363127955467,5.000815526967102
sh601985,2019-07-09,5.53,5.55,5.49,5.5,-0.0036229999999999,15340261.0,84476727.0,85609865000.0,85609865000.0,0.000986,5.759774273033938,2019-10-30,2019-09-30,10.255668336702527,1.900930598501172,3.053156324562578,0.971802485575273,4.9826975723129
sh601985,2019-07-10,5.51,5.53,5.48,5.49,-0.001818,11038323.0,60649037.0,85454210700.0,85454210700.0,0.000709,5.749303003405561,2019-10-30,2019-09-30,10.237021666999432,1.8974743610493519,3.0476051312451915,0.9700355719651362,4.973639028126436
sh601985,2019-07-11,5.51,5.53,5.45,5.48,-0.001821,11659219.0,64042481.0,85298556400.0,85298556400.0,0.000749,5.73883352263636,2019-10-30,2019-09-30,10.218374997296337,1.8940181235975313,3.042053937927805,0.9682686583549992,4.964582031456217
sh601985,2019-07-12,5.49,5.53,5.47,5.49,0.001825,11499040.0,63308724.0,85454210700.0,85454210700.0,0.000739,5.749306893815171,2019-10-30,2019-09-30,10.237021666999432,1.8974743610493519,3.0476051312451915,0.9700355719651362,4.973642393663625
sh601985,2019-07-15,5.49,5.57,5.46,5.56,0.01275,23184661.0,128198861.0,86543790800.0,86543790800.0,0.001489,5.822610556711315,2019-10-30,2019-09-30,10.367548354921102,1.9216680232120942,3.086463484466897,0.9824039672360941,5.037056334182836
sh601985,2019-07-16,5.58,5.59,5.56,5.58,0.003597,10733323.0,59795751.0,86855099400.0,86855099400.0,0.00069,5.843554486883806,2019-10-30,2019-09-30,10.404841694327292,1.9285804981157346,3.09756587110167,0.985937794456368,5.055174625816893
sh601985,2019-07-17,5.6,5.6,5.55,5.56,-0.003584,11359669.0,63270759.0,86543790800.0,86543790800.0,0.00073,5.822611187602814,2019-10-30,2019-09-30,10.367548354921102,1.9216680232120942,3.086463484466897,0.9824039672360941,5.037056879957964
sh601985,2019-07-18,5.56,5.56,5.52,5.53,-0.005396,14643525.0,81027052.0,86076827900.0,86076827900.0,0.000941,5.79119237763451,2019-10-30,2019-09-30,10.311608345811814,1.9112993108566332,3.0698099045147376,0.9771032264056837,5.009876921033712
sh601985,2019-07-19,5.44,5.51,5.41,5.48,0.0129389999999999,29568430.0,161967700.0,85298556400.0,85298556400.0,0.0019,5.8661246158087215,2019-10-30,2019-09-30,10.218374997296337,1.8940181235975313,3.042053937927805,0.9682686583549992,5.074699718514966
sh601985,2019-07-22,5.48,5.5,5.41,5.42,-0.0109489999999999,17745465.0,96552184.0,84364630600.0,84364630600.0,0.00114,5.801896417390233,2019-10-30,2019-09-30,10.106494979077763,1.8732806988866095,3.008746778023486,0.9576671766941781,5.019136831296946
sh601985,2019-07-23,5.43,5.5,5.41,5.48,0.01107,19564419.0,107213892.0,85298556400.0,85298556400.0,0.001257,5.866123410730742,2019-10-30,2019-09-30,10.218374997296337,1.8940181235975313,3.042053937927805,0.9682686583549992,5.074698676019403
sh601985,2019-07-24,5.5,5.55,5.48,5.54,0.0109489999999999,21961491.0,121394045.0,86232482200.0,86232482200.0,0.001411,5.930351595954832,2019-10-30,2019-09-30,10.33025501551491,1.9147555483084533,3.075361097832124,0.9788701400158205,5.130261551823139
sh601985,2019-07-25,5.55,5.55,5.51,5.54,0.0,12425546.0,68701393.0,86232482200.0,86232482200.0,0.000798,5.930351595954832,2019-10-30,2019-09-30,10.33025501551491,1.9147555483084533,3.075361097832124,0.9788701400158205,5.130261551823139
sh601985,2019-07-26,5.54,5.6,5.52,5.59,0.009025,23116366.0,128658974.0,87010753700.0,87010753700.0,0.001485,5.983873019108325,2019-10-30,2019-09-30,10.423488364030387,1.9320367355675547,3.1031170644190564,0.9877047080665048,5.176562162328342
sh601985,2019-07-29,5.62,5.67,5.61,5.64,0.008945,32463985.0,183187853.0,87789025200.0,87789025200.0,0.0020859999999999,6.037398763264249,2019-10-30,2019-09-30,10.516721712545863,1.9493179228266564,3.1308730310059887,0.9965392761171891,5.222866510870369
sh601985,2019-07-30,5.65,5.65,5.61,5.62,-0.003546,18635329.0,104852038.0,87477716600.0,87477716600.0,0.001197,6.015990147249713,2019-10-30,2019-09-30,10.479428373139672,1.942405447923016,3.119770644371216,0.9930054488969153,5.204346226222823
sh601985,2019-07-31,5.61,5.63,5.56,5.63,0.001779,23133443.0,129350659.0,87633370900.0,87633370900.0,0.001486,6.026692593721671,2019-10-30,2019-09-30,10.498075042842768,1.945861685374836,3.1253218376886025,0.9947723625070521,5.213604758159273
sh601985,2019-08-01,5.6,5.65,5.58,5.61,-0.003552,17156439.0,96220047.0,87322062300.0,87322062300.0,0.001102,6.005285781628772,2019-10-30,2019-09-30,10.460781703436579,1.9389492104711956,3.1142194510538297,0.9912385352867785,5.195086034058292
sh601985,2019-08-02,5.55,5.57,5.51,5.54,-0.012478,23897834.0,132143584.0,86232482200.0,86232482200.0,0.001535,5.930351825645608,2019-10-30,2019-09-30,10.33025501551491,1.9147555483084533,3.075361097832124,0.9788701400158205,5.130261750525313
sh601985,2019-08-05,5.52,5.56,5.43,5.44,-0.0180509999999999,23402584.0,128773934.0,84675939200.0,84675939200.0,0.001503,5.82330304484088,2019-10-30,2019-09-30,10.143788318483955,1.88019317379025,3.019849164658259,0.9612010039144518,5.03765539566658
sh601985,2019-08-06,5.36,5.39,5.28,5.36,-0.014706,32068681.0,171109589.0,83430704800.0,83430704800.0,0.00206,5.73766555026345,2019-10-30,2019-09-30,9.99461496085919,1.8525432741756878,2.975439618119167,0.947065695033357,4.9635716354179085
sh601985,2019-08-07,5.37,5.39,5.34,5.35,-0.001866,12898775.0,69173373.0,83275050500.0,83275050500.0,0.0008289999999999,5.726959066346658,2019-10-30,2019-09-30,9.975968291156097,1.8490870367238674,2.9698884248017805,0.9452987814232201,4.954309610746218
sh601985,2019-08-08,5.36,5.38,5.33,5.36,0.001869,15339700.0,82110000.0,83431000000.0,83431000000.0,0.000985,5.7376627528416595,2019-10-30,2019-09-30,9.994650324462357,1.8525498289659876,2.97545014601507,0.9470690460034087,4.963569215408702
sh601985,2019-08-09,5.36,5.37,5.29,5.3,-0.0111939999999999,14100700.0,75200000.0,82497000000.0,82497000000.0,0.000906,5.673435355986351,2019-10-30,2019-09-30,9.882761417424833,1.831810756675661,2.942140339871334,0.9364667220594648,4.908007021611418
sh601985,2019-08-12,5.32,5.4,5.3,5.38,0.015094,14925500.0,79870000.0,83742000000.0,83742000000.0,0.000959,5.759070189249608,2019-10-30,2019-09-30,10.031906695006972,1.8594554515380342,2.9865415268616458,0.9505993701432014,4.982088479595621
sh601985,2019-08-13,5.35,5.36,5.33,5.36,-0.003717,10211500.0,54580000.0,83431000000.0,83431000000.0,0.000656,5.7376637253561675,2019-10-30,2019-09-30,9.994650324462357,1.8525498289659876,2.97545014601507,0.9470690460034087,4.963570056716964
sh601985,2019-08-14,5.39,5.41,5.35,5.36,0.0,12144900.0,65310000.0,83431000000.0,83431000000.0,0.00078,5.7376637253561675,2019-10-30,2019-09-30,9.994650324462357,1.8525498289659876,2.97545014601507,0.9470690460034087,4.963570056716964
sh601985,2019-08-15,5.28,5.36,5.25,5.35,-0.001866,15506800.0,82300000.0,83275000000.0,83275000000.0,0.000996,5.7269572448446535,2019-10-30,2019-09-30,9.97596224148821,1.8490859153928711,2.9698866237897783,0.9452982081712296,4.95430803499113
sh601985,2019-08-16,5.35,5.39,5.35,5.37,0.003738,11875900.0,63780000.0,83586000000.0,83586000000.0,0.000763,5.748364611025883,2019-10-30,2019-09-30,10.013218612032825,1.8559915379649174,2.9809780046363534,0.9488285323110223,4.972827238425927
sh601985,2019-08-19,5.38,5.47,5.38,5.47,0.018622,19915200.0,108200000.0,85143000000.0,85143000000.0,0.001279,5.855410656812406,2019-10-30,2019-09-30,10.199740055563261,1.890564059973524,3.036506236077251,0.9665028560591173,5.065431227259894
sh601985,2019-08-20,5.46,5.49,5.44,5.45,-0.003656,12339700.0,67440000.0,84832000000.0,84832000000.0,0.000793,5.8340032754511,2019-10-30,2019-09-30,10.162483685018646,1.883658437401477,3.0254148552306743,0.9629725319193244,5.046912010693032
sh601985,2019-08-21,5.47,5.47,5.43,5.44,-0.001835,11691200.0,63700000.0,84676000000.0,84676000000.0,0.0007509999999999,5.823297879440647,2019-10-30,2019-09-30,10.143795602044499,1.8801945238283606,3.0198513330053824,0.9612016940871454,5.03765092715341
sh601985,2019-08-22,5.47,5.52,5.42,5.5,0.011029,21918300.0,119900000.0,85610000000.0,85610000000.0,0.001408,5.887523031752997,2019-10-30,2019-09-30,10.255684509082025,1.9009335961186873,3.053161139149119,0.9718040180310894,5.093211179228985
sh601985,2019-08-23,5.5,5.51,5.46,5.5,0.0,14630000.0,80260000.0,85610000000.0,85610000000.0,0.00094,5.887523031752997,2019-10-30,2019-09-30,10.255684509082025,1.9009335961186873,3.053161139149119,0.9718040180310894,5.093211179228985
sh601985,2019-08-26,5.41,5.45,5.37,5.4,-0.018182,21883100.0,118360000.0,84053000000.0,84053000000.0,0.001406,5.780476087989664,2019-10-30,2019-09-30,10.069163065551589,1.8663610741100807,2.997632907708222,0.9541296942829944,5.000606413568243
sh601985,2019-08-27,5.43,5.56,5.42,5.56,0.02963,40763400.0,223940000.0,86544000000.0,86544000000.0,0.002619,5.951751594476798,2019-10-30,2019-09-30,10.367573416119551,1.9216726684090137,3.0864709452928554,0.9824063419750333,5.14877438160227
sh601985,2019-08-28,5.53,5.54,5.47,5.48,-0.014388,22619000.0,124430000.0,85299000000.0,85299000000.0,0.0014529999999999,5.866117792535466,2019-10-30,2019-09-30,10.218428138537409,1.8940279735466403,3.0420697583025427,0.9682736938912964,5.074693815799777
sh601985,2019-08-29,5.49,5.5,5.45,5.47,-0.001825,11941400.0,65240000.0,85143000000.0,85143000000.0,0.000767,5.855412127564089,2019-10-30,2019-09-30,10.199740055563261,1.890564059973524,3.036506236077251,0.9665028560591173,5.065432499585942
sh601985,2019-08-30,5.48,5.48,5.37,5.39,-0.014625,19511800.0,105800000.0,83898000000.0,83898000000.0,0.001254,5.769776725198464,2019-10-30,2019-09-30,10.05059477798112,1.8629193651111509,2.9921050490869385,0.9523702079753806,4.991350549279498
sh601985,2019-09-02,5.39,5.45,5.38,5.44,0.009276,20327000.0,110170000.0,84676000000.0,84676000000.0,0.001306,5.8232971741014055,2019-10-30,2019-09-30,10.143795602044499,1.8801945238283606,3.0198513330053824,0.9612016940871454,5.037650316974615
sh601985,2019-09-03,5.43,5.51,5.41,5.44,0.0,24032000.0,131050000.0,84676000000.0,84676000000.0,0.001544,5.8232971741014055,2019-10-30,2019-09-30,10.143795602044499,1.8801945238283606,3.0198513330053824,0.9612016940871454,5.037650316974615
sh601985,2019-09-04,5.45,5.49,5.44,5.48,0.007353,22961600.0,125570000.0,85299000000.0,85299000000.0,0.001475,5.866115878222573,2019-10-30,2019-09-30,10.218428138537409,1.8940279735466403,3.0420697583025427,0.9682736938912964,5.074692159755329
sh601985,2019-09-05,5.5,5.55,5.49,5.52,0.0072989999999999,37215400.0,205660000.0,85921000000.0,85921000000.0,0.002391,5.908932658017719,2019-10-30,2019-09-30,10.29294087962664,1.9078392186907338,3.0642525199956947,0.9753343421708821,5.111732337829382
sh601985,2019-09-06,5.53,5.53,5.47,5.51,-0.001812,20680000.0,113720000.0,85766000000.0,85766000000.0,0.0013289999999999,5.898225672041391,2019-10-30,2019-09-30,10.274372592056173,1.904397509691804,3.058724661374411,0.9735748558632683,5.102469878833236
sh601985,2019-09-09,5.55,5.55,5.5,5.53,0.0036299999999999,24497500.0,135200000.0,86077000000.0,86077000000.0,0.001574,5.919636231230899,2019-10-30,2019-09-30,10.311628962600787,1.9113031322638505,3.0698160422209875,0.9771051800030612,5.120991844493399
sh601985,2019-09-10,5.52,5.53,5.48,5.51,-0.003617,19274800.0,105990000.0,85766000000.0,85766000000.0,0.001238,5.898224906982537,2019-10-30,2019-09-30,10.274372592056173,1.904397509691804,3.058724661374411,0.9735748558632683,5.102469216991866
sh601985,2019-09-11,5.52,5.52,5.49,5.51,0.0,18151000.0,99950000.0,85766000000.0,85766000000.0,0.001166,5.898224906982537,2019-10-30,2019-09-30,10.274372592056173,1.904397509691804,3.058724661374411,0.9735748558632683,5.102469216991866
sh601985,2019-09-12,5.5,5.53,5.48,5.52,0.0018149999999999,20627100.0,113460000.0,85921000000.0,85921000000.0,0.001325,5.9089301851887095,2019-10-30,2019-09-30,10.29294087962664,1.9078392186907338,3.0642525199956947,0.9753343421708821,5.111730198620706
sh601985,2019-09-16,5.53,5.54,5.5,5.52,0.0,16608900.0,91650000.0,85921000000.0,85921000000.0,0.001067,5.9089301851887095,2019-10-30,2019-09-30,10.29294087962664,1.9078392186907338,3.0642525199956947,0.9753343421708821,5.111730198620706
sh601985,2019-09-17,5.52,5.53,5.41,5.42,-0.018116,20485900.0,111760000.0,84365000000.0,84365000000.0,0.001316,5.8018840059538315,2019-10-30,2019-09-30,10.106539231499882,1.873288901256314,3.0087599521588064,0.9576713699473525,5.019126094342494
sh601985,2019-09-18,5.43,5.44,5.38,5.39,-0.005535,16087600.0,87020000.0,83898000000.0,83898000000.0,0.001034,5.769770577980877,2019-10-30,2019-09-30,10.05059477798112,1.8629193651111509,2.9921050490869385,0.9523702079753806,4.991345231410308
sh601985,2019-09-19,5.4,5.41,5.38,5.41,0.003711,11830600.0,63830000.0,84209000000.0,84209000000.0,0.0007599999999999,5.791182196595764,2019-10-30,2019-09-30,10.087851148525736,1.8698249876831976,3.003196429933514,0.9559005321151735,5.009868113564072
sh601985,2019-09-20,5.42,5.45,5.4,5.43,0.0036969999999999,21964200.0,119140000.0,84520000000.0,84520000000.0,0.001411,5.812592197176578,2019-10-30,2019-09-30,10.12510751907035,1.876730610255244,3.01428781078009,0.9594308562549663,5.028389595979917
sh601985,2019-09-23,5.42,5.42,5.36,5.41,-0.0036829999999999,16879600.0,90920000.0,84209000000.0,84209000000.0,0.001084,5.791184420114377,2019-10-30,2019-09-30,10.087851148525736,1.8698249876831976,3.003196429933514,0.9559005321151735,5.009870037097924
sh601985,2019-09-24,5.4,5.47,5.39,5.4,-0.001848,14064400.0,76410000.0,84053000000.0,84053000000.0,0.000904,5.780482311306006,2019-10-30,2019-09-30,10.069163065551589,1.8663610741100807,2.997632907708222,0.9541296942829944,5.000611797269367
sh601985,2019-09-25,5.39,5.39,5.34,5.36,-0.0074069999999999,15637800.0,83830000.0,83431000000.0,83431000000.0,0.001005,5.737666278826162,2019-10-30,2019-09-30,9.994650324462357,1.8525498289659876,2.97545014601507,0.9470690460034087,4.9635722656869925
sh601985,2019-09-26,5.37,5.38,5.32,5.33,-0.0055969999999999,15031400.0,80370000.0,82964000000.0,82964000000.0,0.000966,5.705552560663573,2019-10-30,2019-09-30,9.938705870943595,1.8421802928208242,2.958795242943202,0.9417678840314366,4.935791151715944
sh601985,2019-09-27,5.33,5.35,5.31,5.33,0.0,11228400.0,59890000.0,82964000000.0,82964000000.0,0.000721,5.705552560663573,2019-10-30,2019-09-30,9.938705870943595,1.8421802928208242,2.958795242943202,0.9417678840314366,4.935791151715944
sh601985,2019-09-30,5.32,5.34,5.29,5.29,-0.0075049999999999,12259900.0,65100000.0,82341000000.0,82341000000.0,0.000788,5.662732388695794,2019-10-30,2019-09-30,9.864073334450685,1.8283468431025445,2.9365768176460416,0.9346958842272857,4.898748039122316
sh601985,2019-10-08,5.29,5.34,5.29,5.31,0.003781,9953200.0,52910000.0,82652000000.0,82652000000.0,0.0006389999999999,5.684143179857453,2019-10-30,2019-09-30,9.901329704995298,1.835252465674591,2.9476681984926176,0.9382262083670786,4.917270205458237
sh601985,2019-10-09,5.3,5.34,5.28,5.33,0.003766,6887300.0,36590000.0,82964000000.0,82964000000.0,0.000442,5.705549663072796,2019-10-30,2019-09-30,9.938705870943595,1.8421802928208242,2.958795242943202,0.9417678840314366,4.935788645051993
sh601985,2019-10-10,5.35,5.36,5.33,5.35,0.003752,9108900.0,48680000.0,83275000000.0,83275000000.0,0.000585,5.726956885408645,2019-10-30,2019-09-30,9.97596224148821,1.8490859153928711,2.9698866237897783,0.9452982081712296,4.9543077240482285
sh601985,2019-10-11,5.37,5.39,5.34,5.38,0.005607,13591900.0,72960000.0,83742000000.0,83742000000.0,0.000873,5.759067932665131,2019-10-30,2019-09-30,10.031906695006972,1.8594554515380342,2.9865415268616458,0.9505993701432014,4.982086527456966
sh601985,2019-10-14,5.4,5.42,5.37,5.38,0.0,20121800.0,108600000.0,83742000000.0,83742000000.0,0.0012929999999999,5.759067932665131,2019-10-30,2019-09-30,10.031906695006972,1.8594554515380342,2.9865415268616458,0.9505993701432014,4.982086527456966
sh601985,2019-10-15,5.38,5.38,5.34,5.36,-0.003717,10496700.0,56180000.0,83431000000.0,83431000000.0,0.000674,5.737661477159414,2019-10-30,2019-09-30,9.994650324462357,1.8525498289659876,2.97545014601507,0.9470690460034087,4.963568111834409
sh601985,2019-10-16,5.36,5.37,5.33,5.33,-0.0055969999999999,13651500.0,73080000.0,82964000000.0,82964000000.0,0.000877,5.7055477858717545,2019-10-30,2019-09-30,9.938705870943595,1.8421802928208242,2.958795242943202,0.9417678840314366,4.935787021112472
sh601985,2019-10-17,5.34,5.36,5.28,5.3,-0.005629,21305600.0,113160000.0,82497000000.0,82497000000.0,0.001369,5.673431257385082,2019-10-30,2019-09-30,9.882761417424833,1.831810756675661,2.942140339871334,0.9364667220594648,4.90800347597063
sh601985,2019-10-18,5.31,5.31,5.23,5.25,-0.009434,24631800.0,129710000.0,81719000000.0,81719000000.0,0.001582,5.619908106902911,2019-10-30,2019-09-30,9.789560593361452,1.814535597958451,2.914394055952889,0.9276352359476999,4.861701371178323
sh601985,2019-10-21,5.24,5.27,5.23,5.27,0.00381,14995900.0,78700000.0,82030000000.0,82030000000.0,0.000963,5.641319956790212,2019-10-30,2019-09-30,9.826816963906069,1.8214412205304977,2.925485436799465,0.9311655600874927,4.880224453402513
sh601985,2019-10-22,5.27,5.27,5.23,5.26,-0.001898,12640000.0,66350000.0,81874000000.0,81874000000.0,0.0008119999999999,5.630612731512224,2019-10-30,2019-09-30,9.80812888093192,1.817977306957381,2.919921914574173,0.9293947222553136,4.870961787389955
sh601985,2019-10-23,5.26,5.27,5.2,5.22,-0.007605,19305700.0,101000000.0,81252000000.0,81252000000.0,0.00124,5.587791921689074,2019-10-30,2019-09-30,9.73361613984269,1.804166061813288,2.897739152881021,0.9223340739757279,4.833918122996855
sh601985,2019-10-24,5.22,5.24,5.2,5.22,0.0,16726700.0,87210000.0,81252000000.0,81252000000.0,0.001075,5.587791921689074,2019-10-30,2019-09-30,9.73361613984269,1.804166061813288,2.897739152881021,0.9223340739757279,4.833918122996855
sh601985,2019-10-25,5.22,5.22,5.17,5.2,-0.003831,20151900.0,104590000.0,80940000000.0,80940000000.0,0.001295,5.566385090837083,2019-10-30,2019-09-30,9.696239973894395,1.7972382346670546,2.8866121084304366,0.9187923983113698,4.815399382667653
sh601985,2019-10-28,5.2,5.22,5.19,5.21,0.001923,18139900.0,94400000.0,81096000000.0,81096000000.0,0.001165,5.577089249366762,2019-10-30,2019-09-30,9.714928056868542,1.800702148240171,2.892175630655729,0.9205632361435487,4.824659395680523
sh601985,2019-10-29,5.21,5.25,5.2,5.22,0.001919,16832300.0,87810000.0,81252000000.0,81252000000.0,0.001081,5.587791683636296,2019-10-30,2019-09-30,9.73361613984269,1.804166061813288,2.897739152881021,0.9223340739757279,4.833917917060834
sh601985,2019-10-30,5.2,5.21,5.13,5.14,-0.015326,21200100.0,109530000.0,80006000000.0,80006000000.0,0.001362,5.502153188292887,2019-10-30,2019-09-30,9.584351066856868,1.776499162376728,2.8533023022867003,0.9081900743674259,4.75983329106396
sh601985,2019-10-31,5.14,5.15,5.05,5.06,-0.0155639999999999,30987000.0,158040000.0,78761000000.0,78761000000.0,0.001991,5.416517676070297,2020-04-24,2020-03-31,10.182299810791793,1.7139051442225288,2.977283756756818,0.8534604179127142,4.685751245721841
sh601985,2019-11-01,5.05,5.09,5.0,5.08,0.003953,24950200.0,125830000.0,79072000000.0,79072000000.0,0.001603,5.4379291704438035,2020-04-24,2020-03-31,10.222506197723856,1.7206727639817143,2.989040022527331,0.8568304384808997,4.70427402039618
sh601985,2019-11-04,5.07,5.09,5.04,5.05,-0.005906,18871800.0,95450000.0,78605000000.0,78605000000.0,0.001212,5.405812760763162,2020-04-24,2020-03-31,10.1621319768323,1.7105104539253169,2.971386723122734,0.8517699895891228,4.67649057803172
sh601985,2019-11-05,5.06,5.1,5.03,5.08,0.0059409999999999,16080800.0,81520000.0,79072000000.0,79072000000.0,0.001033,5.437928694374857,2020-04-24,2020-03-31,10.222506197723856,1.7206727639817143,2.989040022527331,0.8568304384808997,4.704273608555806
sh601985,2019-11-06,5.08,5.09,5.04,5.05,-0.005906,10351000.0,52380000.0,78605000000.0,78605000000.0,0.000665,5.405812287505879,2020-04-24,2020-03-31,10.1621319768323,1.7105104539253169,2.971386723122734,0.8517699895891228,4.676490168623676
sh601985,2019-11-07,5.07,5.11,5.06,5.08,0.0059409999999999,14377300.0,73040000.0,79072000000.0,79072000000.0,0.000924,5.4379282183059505,2020-04-24,2020-03-31,10.222506197723856,1.7206727639817143,2.989040022527331,0.8568304384808997,4.7042731967154685
sh601985,2019-11-08,5.09,5.09,5.02,5.03,-0.009843,17730400.0,89470000.0,78294000000.0,78294000000.0,0.001139,5.384402690853165,2020-04-24,2020-03-31,10.121925589900236,1.7037428341661314,2.9596304573522207,0.8483999690209373,4.657969035640198
sh601985,2019-11-11,5.01,5.02,4.88,4.9,-0.025845,36301200.0,178750000.0,76271000000.0,76271000000.0,0.002332,5.245242803308065,2020-04-24,2020-03-31,9.860390153361445,1.6597206644785678,2.883158027597405,0.8264785812092357,4.537583825914077
sh601985,2019-11-12,4.9,4.9,4.81,4.86,-0.008163,19365300.0,93970000.0,75648000000.0,75648000000.0,0.0012439999999999,5.202425886304661,2020-04-24,2020-03-31,9.7798480985104,1.6461636641249584,2.8596076945587248,0.8197277039938675,4.50054352914314
sh601985,2019-11-13,4.85,4.85,4.75,4.78,-0.016461,24290000.0,116570000.0,74403000000.0,74403000000.0,0.0015609999999999,5.1167887537902,2020-04-24,2020-03-31,9.618893269795226,1.6190714242529782,2.812544829979019,0.8062367856421284,4.426460082109915
sh601985,2019-11-14,4.77,4.83,4.77,4.8,0.004184,14328300.0,68860000.0,74714000000.0,74714000000.0,0.000921,5.138197397936057,2020-04-24,2020-03-31,9.659099656727289,1.6258390440121635,2.824301095749532,0.8096068062103139,4.444980391093463
sh601985,2019-11-15,4.8,4.81,4.72,4.73,-0.014583,17744900.0,84130000.0,73624000000.0,73624000000.0,0.00114,5.063267065281956,2020-04-24,2020-03-31,9.518183380984686,1.6021197336021569,2.783097463306255,0.7977954801031687,4.380159242050147
sh601985,2019-11-18,4.74,4.75,4.69,4.75,0.004228,11910600.0,56370000.0,73936000000.0,73936000000.0,0.000765,5.084674558433968,2020-04-24,2020-03-31,9.558519048903669,1.6089091141965806,2.794891530574422,0.8011763367503515,4.398678555325534
sh601985,2019-11-19,4.75,4.81,4.74,4.8,0.010526,13880700.0,66330000.0,74714000000.0,74714000000.0,0.000892,5.138195842836044,2020-04-24,2020-03-31,9.659099656727289,1.6258390440121635,2.824301095749532,0.8096068062103139,4.444979045798892
sh601985,2019-11-20,4.8,4.8,4.76,4.76,-0.008333,9454400.0,45150000.0,74091000000.0,74091000000.0,0.000607,5.095379256877691,2020-04-24,2020-03-31,9.578557601876243,1.6122820436585543,2.8007507627108517,0.8028559289949456,4.407939035410249
sh601985,2019-11-21,4.75,4.78,4.73,4.77,0.002101,10450200.0,49720000.0,74247000000.0,74247000000.0,0.000671,5.106084648696391,2020-04-24,2020-03-31,9.598725435835734,1.615676733955766,2.806647796344935,0.8045463573185369,4.417200115323646
sh601985,2019-11-22,4.78,4.81,4.76,4.8,0.006289,15412100.0,73780000.0,74714000000.0,74714000000.0,0.00099,5.1381968150520425,2020-04-24,2020-03-31,9.659099656727289,1.6258390440121635,2.824301095749532,0.8096068062103139,4.444979886848916
sh601985,2019-11-25,4.8,4.93,4.8,4.87,0.014583,32051000.0,156220000.0,75804000000.0,75804000000.0,0.002059,5.213127139205946,2020-04-24,2020-03-31,9.80001593246989,1.6495583544221704,2.8655047281928083,0.8214181323174589,4.509801028538834
sh601985,2019-11-26,4.9,4.95,4.87,4.95,0.016427,41360900.0,203690000.0,77049000000.0,77049000000.0,0.002657,5.298763178721683,2020-04-24,2020-03-31,9.960970761185063,1.676650594294151,2.9125675927725148,0.834909050669198,4.583883530034641
sh601985,2019-11-27,4.91,4.92,4.87,4.88,-0.0141409999999999,15746100.0,77090000.0,75959000000.0,75959000000.0,0.0010119999999999,5.22383336861138,2020-04-24,2020-03-31,9.820054485442462,1.6529312838841441,2.871363960329238,0.823097724562053,4.519062833036422
sh601985,2019-11-28,4.86,4.9,4.84,4.84,-0.008197,9908400.0,48170000.0,75337000000.0,75337000000.0,0.000637,5.1810136064888725,2020-04-24,2020-03-31,9.739641711578335,1.6393960443657731,2.847851428788212,0.816357683425682,4.482020074994022
sh601985,2019-11-29,4.84,4.86,4.83,4.86,0.004132,9498900.0,46050000.0,75648000000.0,75648000000.0,0.00061,5.2024215547108845,2020-04-24,2020-03-31,9.7798480985104,1.6461636641249584,2.8596076945587248,0.8197277039938675,4.500539781943898
sh601985,2019-12-02,4.86,4.86,4.8,4.8,-0.012346,13354000.0,64440000.0,74714000000.0,74714000000.0,0.000858,5.138192458196424,2020-04-24,2020-03-31,9.659099656727289,1.6258390440121635,2.824301095749532,0.8096068062103139,4.444976117796019
sh601985,2019-12-03,4.81,4.84,4.78,4.82,0.004167,10360300.0,49870000.0,75025000000.0,75025000000.0,0.000666,5.159603306169728,2020-04-24,2020-03-31,9.699306043659352,1.6326066637713492,2.8360573615200444,0.8129768267784991,4.463498333278874
sh601985,2019-12-04,4.82,4.89,4.81,4.88,0.012448,14096300.0,68640000.0,75959000000.0,75959000000.0,0.000906,5.223830048124929,2020-04-24,2020-03-31,9.820054485442462,1.6529312838841441,2.871363960329238,0.823097724562053,4.51905996053153
sh601985,2019-12-05,4.91,4.91,4.84,4.87,-0.002049,11771200.0,57390000.0,75804000000.0,75804000000.0,0.0007559999999999,5.213126420356322,2020-04-24,2020-03-31,9.80001593246989,1.6495583544221704,2.8655047281928083,0.8214181323174589,4.509800406672401
sh601985,2019-12-06,4.87,4.91,4.86,4.9,0.00616,9449900.0,46160000.0,76271000000.0,76271000000.0,0.000607,5.245239279105717,2020-04-24,2020-03-31,9.860390153361445,1.6597206644785678,2.883158027597405,0.8264785812092357,4.537580777177503
sh601985,2019-12-09,4.89,4.94,4.86,4.93,0.006122,14207200.0,69580000.0,76738000000.0,76738000000.0,0.000913,5.277350633972401,2020-04-24,2020-03-31,9.920764374253,1.6698829745349655,2.900811327002002,0.8315390301010126,4.565359846695383
sh601985,2019-12-10,4.91,4.92,4.89,4.91,-0.004057,9022100.0,44290000.0,76426000000.0,76426000000.0,0.00058,5.255940422450375,2020-04-24,2020-03-31,9.880428706334017,1.6630935939405413,2.8890172597338344,0.8281581734538298,4.54683818179734
sh601985,2019-12-11,4.92,4.95,4.9,4.94,0.00611,14252200.0,70270000.0,76893000000.0,76893000000.0,0.000916,5.288054218431547,2020-04-24,2020-03-31,9.940802927225572,1.673255903996939,2.9066705591384316,0.8332186223456067,4.5746193630881224
sh601985,2019-12-12,4.92,4.98,4.92,4.96,0.004049,15835900.0,78440000.0,77205000000.0,77205000000.0,0.001017,5.309465549961977,2020-04-24,2020-03-31,9.981138595144555,1.680045284591363,2.9184646264065988,0.8365994789927895,4.5931419968892655
sh601985,2019-12-13,4.97,5.07,4.96,5.02,0.012097,41014300.0,206150000.0,78138000000.0,78138000000.0,0.002635,5.373694154719867,2020-04-24,2020-03-31,10.101757755940746,1.7003481438689194,2.953733423718137,0.8467095406973458,4.648705235625635
sh601985,2019-12-16,5.05,5.11,5.03,5.09,0.013944,25428900.0,129090000.0,79228000000.0,79228000000.0,0.001634,5.44862494601328,2020-04-24,2020-03-31,10.242674031683347,1.7240674542789265,2.9949370561614144,0.8585208668044911,4.713526781431199
sh601985,2019-12-17,5.1,5.18,5.09,5.14,0.009823,29179500.0,149980000.0,80006000000.0,80006000000.0,0.001875,5.502146788857968,2020-04-24,2020-03-31,10.343254639506965,1.7409973840945092,3.024346621336524,0.8669513362644534,4.7598277550051975
sh601985,2019-12-18,5.17,5.19,5.11,5.14,0.0,29108600.0,149950000.0,80006000000.0,80006000000.0,0.00187,5.502146788857968,2020-04-24,2020-03-31,10.343254639506965,1.7409973840945092,3.024346621336524,0.8669513362644534,4.7598277550051975
sh601985,2019-12-19,5.15,5.18,5.11,5.13,-0.001946,19311800.0,99170000.0,79851000000.0,79851000000.0,0.001241,5.49143961120685,2020-04-24,2020-03-31,10.323216086534394,1.7376244546325357,3.0184873892000943,0.8652717440198593,4.750565130193957
sh601985,2019-12-20,5.13,5.16,5.12,5.12,-0.0019489999999999,16508700.0,84720000.0,79695000000.0,79695000000.0,0.0010609999999999,5.480736795404609,2020-04-24,2020-03-31,10.303048252574902,1.7342297643353237,3.012590355566011,0.863581315696268,4.74130627875521
sh601985,2019-12-23,5.1,5.12,5.04,5.06,-0.011719,19556100.0,99390000.0,78761000000.0,78761000000.0,0.001256,5.416508040899262,2020-04-24,2020-03-31,10.182299810791793,1.7139051442225288,2.977283756756818,0.8534604179127142,4.685742910474477
sh601985,2019-12-24,5.06,5.08,5.04,5.07,0.001976,11926600.0,60400000.0,78917000000.0,78917000000.0,0.000766,5.427211060788079,2020-04-24,2020-03-31,10.202467644751284,1.7172998345197408,2.9831807903909016,0.8551508462363056,4.695001938465575
sh601985,2019-12-25,5.07,5.07,4.97,4.98,-0.017751,34667900.0,173150000.0,77516000000.0,77516000000.0,0.002227,5.330872637248031,2020-04-24,2020-03-31,10.021344982076618,1.6868129043505486,2.9302208921771116,0.839969499560975,4.611660959055873
sh601985,2019-12-26,4.98,5.02,4.96,4.99,0.002008,15378000.0,76690000.0,77671000000.0,77671000000.0,0.000988,5.3415770295036245,2020-04-24,2020-03-31,10.04138353504919,1.690185833812522,2.936080124313541,0.8416490918055691,4.620921174261657
sh601985,2019-12-27,5.0,5.05,4.99,5.01,0.0040079999999999,20889200.0,104900000.0,77983000000.0,77983000000.0,0.001342,5.3629860702378735,2020-04-24,2020-03-31,10.081719202968173,1.6969752144069459,2.947874191581708,0.8450299484527518,4.639441826328096
sh601985,2019-12-30,5.0,5.04,4.98,5.01,0.0,32892400.0,164490000.0,77983000000.0,77983000000.0,0.002113,5.3629860702378735,2020-04-24,2020-03-31,10.081719202968173,1.6969752144069459,2.947874191581708,0.8450299484527518,4.639441826328096
sh601985,2019-12-31,5.02,5.03,4.99,5.0,-0.001996,26872600.0,134440000.0,77827000000.0,77827000000.0,0.001726,5.3522815500416785,2020-04-24,2020-03-31,10.061551369008683,1.693580524109734,2.941977157947625,0.8433395201291604,4.630181500442745
sh601985,2020-01-02,5.03,5.1,5.02,5.09,0.018,30741100.0,156010000.0,79228000000.0,79228000000.0,0.001975,5.448622617942429,2020-04-24,2020-03-31,10.242674031683347,1.7240674542789265,2.9949370561614144,0.8585208668044911,4.713524767450715
sh601985,2020-01-03,5.09,5.12,5.08,5.09,0.0,20997100.0,107040000.0,79228000000.0,79228000000.0,0.001349,5.448622617942429,2020-04-24,2020-03-31,10.242674031683347,1.7240674542789265,2.9949370561614144,0.8585208668044911,4.713524767450715
sh601985,2020-01-06,5.09,5.15,5.07,5.13,0.007859,31548900.0,161430000.0,79851000000.0,79851000000.0,0.002027,5.491443343096839,2020-04-24,2020-03-31,10.323216086534394,1.7376244546325357,3.0184873892000943,0.8652717440198593,4.750568358598111
sh601985,2020-01-07,5.14,5.17,5.12,5.14,0.0019489999999999,21146300.0,108810000.0,80006000000.0,80006000000.0,0.001359,5.502146166172535,2020-04-24,2020-03-31,10.343254639506965,1.7409973840945092,3.024346621336524,0.8669513362644534,4.759827216329018
sh601985,2020-01-08,5.12,5.13,5.05,5.07,-0.013619,22304100.0,113500000.0,78917000000.0,78917000000.0,0.001433,5.427212437535431,2020-04-24,2020-03-31,10.202467644751284,1.7172998345197408,2.9831807903909016,0.8551508462363056,4.695003129469833
sh601985,2020-01-09,5.09,5.15,5.08,5.12,0.009862,25956000.0,132620000.0,79695000000.0,79695000000.0,0.001668,5.480735606594405,2020-04-24,2020-03-31,10.303048252574902,1.7342297643353237,3.012590355566011,0.863581315696268,4.7413052503326645
sh601985,2020-01-10,5.12,5.12,5.06,5.08,-0.007812,17264800.0,87760000.0,79072000000.0,79072000000.0,0.001109,5.43792010003569,2020-04-24,2020-03-31,10.222506197723856,1.7206727639817143,2.989040022527331,0.8568304384808997,4.704266173717066
sh601985,2020-01-13,5.07,5.07,5.02,5.06,-0.0039369999999999,17643200.0,89030000.0,78761000000.0,78761000000.0,0.001133,5.41651100860185,2020-04-24,2020-03-31,10.182299810791793,1.7139051442225288,2.977283756756818,0.8534604179127142,4.6857454777911425
sh601985,2020-01-14,5.06,5.09,5.05,5.07,0.001976,19729700.0,100020000.0,78917000000.0,78917000000.0,0.001268,5.427214034354847,2020-04-24,2020-03-31,10.202467644751284,1.7172998345197408,2.9831807903909016,0.8551508462363056,4.695004510855258
sh601985,2020-01-15,5.07,5.07,5.02,5.03,-0.00789,12936900.0,65150000.0,78294000000.0,78294000000.0,0.000831,5.384393315623787,2020-04-24,2020-03-31,10.121925589900236,1.7037428341661314,2.9596304573522207,0.8483999690209373,4.65796092526461
sh601985,2020-01-16,5.03,5.04,4.99,5.0,-0.005964,16216900.0,81250000.0,77827000000.0,77827000000.0,0.001042,5.352280793889407,2020-04-24,2020-03-31,10.061551369008683,1.693580524109734,2.941977157947625,0.8433395201291604,4.630180846306331
sh601985,2020-01-17,5.01,5.02,4.98,4.99,-0.002,14023300.0,70080000.0,77672000000.0,77672000000.0,0.000901,5.3415762323016285,2020-04-24,2020-03-31,10.04151281603611,1.6902075946477604,2.936117925811195,0.8416599278845663,4.620920484613719
sh601985,2020-01-20,4.99,5.0,4.96,5.0,0.0020039999999999,18948700.0,94390000.0,77827000000.0,77827000000.0,0.001217,5.35228075107116,2020-04-24,2020-03-31,10.061551369008683,1.693580524109734,2.941977157947625,0.8433395201291604,4.630180809264884
sh601985,2020-01-21,5.0,5.0,4.94,4.94,-0.012,19229600.0,95410000.0,76893000000.0,76893000000.0,0.001235,5.288053382058306,2020-04-24,2020-03-31,9.940802927225572,1.673255903996939,2.9066705591384316,0.8332186223456067,4.574618639553706
sh601985,2020-01-22,4.94,4.94,4.87,4.92,-0.004049,19581600.0,95980000.0,76582000000.0,76582000000.0,0.001258,5.266642053914352,2020-04-24,2020-03-31,9.900596540293508,1.6664882842377533,2.894914293367918,0.8298486017774213,4.556096008682153
sh601985,2020-01-23,4.9,4.91,4.82,4.85,-0.014228,26289500.0,127790000.0,75492000000.0,75492000000.0,0.001689,5.191708270771259,2020-04-24,2020-03-31,9.759680264550907,1.6427689738277467,2.853710660924641,0.8180372756702762,4.491271874670623
sh601985,2020-02-03,4.38,4.55,4.37,4.43,-0.086598,80923200.0,356020000.0,68955000000.0,68955000000.0,0.005199,4.74211671793901,2020-04-24,2020-03-31,8.914570453056056,1.5005183938734206,2.6066022707579433,0.7472018272643974,4.1023367128678965
sh601985,2020-02-04,4.39,4.56,4.39,4.53,0.022573,45023400.0,203060000.0,70511000000.0,70511000000.0,0.002893,4.849160518613046,2020-04-24,2020-03-31,9.115731668703294,1.5343782535045865,2.6654214011081625,0.7640627661843221,4.194938759487464
sh601985,2020-02-05,4.52,4.61,4.49,4.55,0.004415,33857100.0,154240000.0,70823000000.0,70823000000.0,0.002175,4.870569562302723,2020-04-24,2020-03-31,9.156067336622277,1.5411676340990104,2.6772154683763296,0.7674436228315049,4.2134594141106
sh601985,2020-02-06,4.55,4.59,4.49,4.58,0.006593,30154400.0,136830000.0,71290000000.0,71290000000.0,0.001937,4.902681227426985,2020-04-24,2020-03-31,9.21644155751383,1.5513299441554078,2.694868767780926,0.7725040717232817,4.241238752027832
sh601985,2020-02-07,4.55,4.64,4.51,4.6,0.004367,24918700.0,113180000.0,71601000000.0,71601000000.0,0.001601,4.924091236347159,2020-04-24,2020-03-31,9.256647944445893,1.5580975639145933,2.7066250335514392,0.7758740922914672,4.259760241657938
sh601985,2020-02-10,4.57,4.61,4.54,4.61,0.0021739999999999,24124600.0,110560000.0,71757000000.0,71757000000.0,0.00155,4.934796210694977,2020-04-24,2020-03-31,9.276815778405386,1.5614922542118053,2.712522067185523,0.7775645206150585,4.269020960423302
sh601985,2020-02-11,4.61,4.65,4.58,4.61,0.0,21634700.0,99890000.0,71757000000.0,71757000000.0,0.00139,4.934796210694977,2020-04-24,2020-03-31,9.276815778405386,1.5614922542118053,2.712522067185523,0.7775645206150585,4.269020960423302
sh601985,2020-02-12,4.59,4.62,4.58,4.62,0.002169,17515100.0,80560000.0,71912000000.0,71912000000.0,0.001125,4.945499783675975,2020-04-24,2020-03-31,9.296854331377958,1.564865183673779,2.718381299321952,0.7792441128596527,4.27828046688646
sh601985,2020-02-13,4.62,4.62,4.57,4.59,-0.006494,21263800.0,97670000.0,71445000000.0,71445000000.0,0.001366,4.913383708080783,2020-04-24,2020-03-31,9.236480110486404,1.5547028736173814,2.7007279999173557,0.7741836639678759,4.250497313534499
sh601985,2020-02-14,4.57,4.6,4.55,4.58,-0.002179,16376200.0,74920000.0,71290000000.0,71290000000.0,0.001052,4.902677444980875,2020-04-24,2020-03-31,9.21644155751383,1.5513299441554078,2.694868767780926,0.7725040717232817,4.241235479888307
sh601985,2020-02-17,4.57,4.69,4.56,4.68,0.021834,32507000.0,150910000.0,72846000000.0,72846000000.0,0.002088,5.0097225043145865,2020-04-24,2020-03-31,9.417602773161068,1.5851898037865737,2.7536878981311457,0.7893650106432064,4.333838615356188
sh601985,2020-02-18,4.68,4.83,4.68,4.8,0.025641,43738600.0,208920000.0,74714000000.0,74714000000.0,0.00281,5.138176799047717,2020-04-24,2020-03-31,9.659099656727289,1.6258390440121635,2.824301095749532,0.8096068062103139,4.444962571292536
sh601985,2020-02-19,4.78,4.79,4.75,4.76,-0.008333,22462800.0,107080000.0,74092000000.0,74092000000.0,0.001443,5.095360371781252,2020-04-24,2020-03-31,9.578686882863162,1.6123038044937927,2.800788564208506,0.802866765073943,4.407922698185955
sh601985,2020-02-20,4.77,4.8,4.73,4.8,0.008403,23702200.0,112970000.0,74714000000.0,74714000000.0,0.001523,5.13817668498533,2020-04-24,2020-03-31,9.659099656727289,1.6258390440121635,2.824301095749532,0.8096068062103139,4.444962472618812
sh601985,2020-02-21,4.81,4.81,4.76,4.78,-0.004167,28031100.0,133960000.0,74403000000.0,74403000000.0,0.001801,5.1167659027389965,2020-04-24,2020-03-31,9.618893269795226,1.6190714242529782,2.812544829979019,0.8062367856421284,4.42644031399541
sh601985,2020-02-24,4.78,4.78,4.69,4.72,-0.0125519999999999,30395600.0,143720000.0,73469000000.0,73469000000.0,0.001953,5.052540257127817,2020-04-24,2020-03-31,9.498144828012114,1.598746804140183,2.7772382311698256,0.7961158878585746,4.37087963517414
sh601985,2020-02-25,4.68,4.68,4.58,4.64,-0.016949,37255900.0,172610000.0,72224000000.0,72224000000.0,0.002393,4.966904752309758,2020-04-24,2020-03-31,9.33718999929694,1.5716545642682027,2.730175366590119,0.7826249695068354,4.296797596237574
sh601985,2020-02-26,4.6,4.79,4.57,4.71,0.015086,53604900.0,251560000.0,73313000000.0,73313000000.0,0.0034439999999999,5.041835477403103,2020-04-24,2020-03-31,9.477976994052623,1.5953521138429714,2.771341197535742,0.7944254595349833,4.361619084774413
sh601985,2020-02-27,4.7,4.73,4.66,4.68,-0.006369,32614400.0,152970000.0,72846000000.0,72846000000.0,0.002095,5.009724027247523,2020-04-24,2020-03-31,9.417602773161068,1.5851898037865737,2.7536878981311457,0.7893650106432064,4.333839932823485
sh601985,2020-02-28,4.59,4.64,4.58,4.59,-0.019231,46954800.0,216310000.0,71445000000.0,71445000000.0,0.003017,4.913382024479525,2020-04-24,2020-03-31,9.236480110486404,1.5547028736173814,2.7007279999173557,0.7741836639678759,4.250495857075357
sh601985,2020-03-02,4.57,4.79,4.57,4.77,0.039216,55402800.0,260940000.0,74247000000.0,74247000000.0,0.003559,5.106065213951515,2020-04-24,2020-03-31,9.598725435835734,1.615676733955766,2.806647796344935,0.8045463573185369,4.417183302606424
sh601985,2020-03-03,4.8,4.83,4.73,4.77,0.0,48335800.0,230660000.0,74247000000.0,74247000000.0,0.003105,5.106065213951515,2020-04-24,2020-03-31,9.598725435835734,1.615676733955766,2.806647796344935,0.8045463573185369,4.417183302606424
sh601985,2020-03-04,4.78,4.84,4.76,4.8,0.006289,41608300.0,199780000.0,74714000000.0,74714000000.0,0.002673,5.138177258082056,2020-04-24,2020-03-31,9.659099656727289,1.6258390440121635,2.824301095749532,0.8096068062103139,4.444962968396516
sh601985,2020-03-05,4.85,4.96,4.8,4.9,0.020833,70239800.0,343670000.0,76271000000.0,76271000000.0,0.004513,5.24522090489968,2020-04-24,2020-03-31,9.860390153361445,1.6597206644785678,2.883158027597405,0.8264785812092357,4.537564881917121
sh601985,2020-03-06,4.87,4.88,4.8,4.81,-0.0183669999999999,44302100.0,214120000.0,74870000000.0,74870000000.0,0.002846,5.148881932539388,2020-04-24,2020-03-31,9.67926749068678,1.6292337343093757,2.8301981293836156,0.8112972345339052,4.45422342773095
sh601985,2020-03-09,4.75,4.77,4.69,4.69,-0.0249479999999999,36352100.0,171530000.0,73002000000.0,73002000000.0,0.002335,5.020427626086396,2020-04-24,2020-03-31,9.437770607120559,1.5885844940837857,2.7595849317652292,0.7910554389667978,4.343099461655918
sh601985,2020-03-10,4.65,4.74,4.62,4.74,0.010661,36136800.0,169770000.0,73780000000.0,73780000000.0,0.002322,5.0739504050081035,2020-04-24,2020-03-31,9.538351214944178,1.6055144238993686,2.7889944969403384,0.79948590842676,4.389401245016632
sh601985,2020-03-11,4.74,4.77,4.68,4.68,-0.0126579999999999,28370700.0,133910000.0,72846000000.0,72846000000.0,0.001823,5.009724340781511,2020-04-24,2020-03-31,9.417602773161068,1.5851898037865737,2.7536878981311457,0.7893650106432064,4.333840204057212
sh601985,2020-03-12,4.65,4.67,4.62,4.62,-0.012821,24392800.0,113020000.0,71912000000.0,71912000000.0,0.001567,4.9454946650083516,2020-04-24,2020-03-31,9.296854331377958,1.564865183673779,2.718381299321952,0.7792441128596527,4.278276038800994
sh601985,2020-03-13,4.55,4.58,4.47,4.55,-0.015152,42870700.0,193870000.0,70823000000.0,70823000000.0,0.002754,4.870560529844144,2020-04-24,2020-03-31,9.156067336622277,1.5411676340990104,2.6772154683763296,0.7674436228315049,4.213451600261082
sh601985,2020-03-16,4.58,4.6,4.46,4.48,-0.015385,34948500.0,158490000.0,69733000000.0,69733000000.0,0.002245,4.795626956092492,2020-04-24,2020-03-31,9.015151060879674,1.5174483236890035,2.636011835933053,0.7556322967243598,4.148627647391065
sh601985,2020-03-17,4.47,4.53,4.44,4.52,0.008929,30440400.0,136480000.0,70356000000.0,70356000000.0,0.001956,4.838447109183441,2020-04-24,2020-03-31,9.095693115730722,1.5310053240426131,2.6595621689717333,0.7623831739397281,4.18567074365462
sh601985,2020-03-18,4.51,4.54,4.47,4.47,-0.011062,33391900.0,150640000.0,69578000000.0,69578000000.0,0.0021449999999999,4.784924207261654,2020-04-24,2020-03-31,8.995112507907102,1.51407539422703,2.6301526037966236,0.7539527044797657,4.139368853888311
sh601985,2020-03-19,4.45,4.48,4.37,4.43,-0.0089489999999999,42242900.0,186880000.0,68955000000.0,68955000000.0,0.002714,4.74210392053087,2020-04-24,2020-03-31,8.914570453056056,1.5005183938734206,2.6066022707579433,0.7472018272643974,4.102325642014866
sh601985,2020-03-20,4.45,4.48,4.4,4.44,0.002257,29609400.0,131360000.0,69111000000.0,69111000000.0,0.001902,4.752806849079509,2020-04-24,2020-03-31,8.934738287015547,1.5039130841706325,2.612499304392027,0.7488922555879888,4.111584590988893
sh601985,2020-03-23,4.4,4.4,4.33,4.34,-0.0225229999999999,28134400.0,122680000.0,67554000000.0,67554000000.0,0.001807,4.645759380417691,2020-04-24,2020-03-31,8.73344779038139,1.4700314637042282,2.5536423725441533,0.7320204805890669,4.018979371246051
sh601985,2020-03-24,4.36,4.4,4.32,4.4,0.013825,25446400.0,111260000.0,68488000000.0,68488000000.0,0.001635,4.709987003851966,2020-04-24,2020-03-31,8.854196232164501,1.4903560838170231,2.5889489713533465,0.7421413783726205,4.074541761053528
sh601985,2020-03-25,4.45,4.47,4.42,4.46,0.013636,21943900.0,97570000.0,69422000000.0,69422000000.0,0.00141,4.774212386636491,2020-04-24,2020-03-31,8.974944673947611,1.510680703929818,2.6242555701625396,0.7522622761561742,4.1301022125072535
sh601985,2020-03-26,4.44,4.46,4.42,4.43,-0.006726,16269300.0,72160000.0,68955000000.0,68955000000.0,0.001045,4.742101034123974,2020-04-24,2020-03-31,8.914570453056056,1.5005183938734206,2.6066022707579433,0.7472018272643974,4.102323145025929
sh601985,2020-03-27,4.46,4.49,4.44,4.46,0.006772,17159500.0,76630000.0,69422000000.0,69422000000.0,0.001102,4.774214542327061,2020-04-24,2020-03-31,8.974944673947611,1.510680703929818,2.6242555701625396,0.7522622761561742,4.130104077364045
sh601985,2020-03-30,4.42,4.43,4.37,4.38,-0.017937,19128900.0,84060000.0,68177000000.0,68177000000.0,0.0012289999999999,4.688579456081341,2020-04-24,2020-03-31,8.813989845232438,1.4835884640578376,2.5771927055828336,0.7387713578044351,4.0560224005283665
sh601985,2020-03-31,4.42,4.44,4.38,4.4,0.004566,12903000.0,56900000.0,68488000000.0,68488000000.0,0.0008289999999999,4.709987509877808,2020-04-24,2020-03-31,8.854196232164501,1.4903560838170231,2.5889489713533465,0.7421413783726205,4.074542198809179
sh601985,2020-04-01,4.39,4.44,4.37,4.37,-0.006818,13243500.0,58300000.0,68021000000.0,68021000000.0,0.000851,4.677874815035461,2020-04-24,2020-03-31,8.793822011272946,1.4801937737606254,2.57129567194875,0.7370809294808436,4.046761970097698
sh601985,2020-04-02,4.35,4.41,4.35,4.41,0.009153,12746600.0,55860000.0,68644000000.000015,68644000000.000015,0.000819,4.720691403217481,2020-04-24,2020-03-31,8.874364066123995,1.4937507741142355,2.594846004987431,0.7438318066962121,4.0838019824100025
sh601985,2020-04-03,4.42,4.42,4.38,4.39,-0.004535,8341100.0,36660000.0,68332000000.000015,68332000000.000015,0.000536,4.69928306770389,2020-04-24,2020-03-31,8.834028398205012,1.4869613935198116,2.583051937719264,0.7404509500490293,4.065281940419773
sh601985,2020-04-07,4.43,4.49,4.43,4.48,0.020501,24517400.0,109410000.0,69733000000.0,69733000000.0,0.001575,4.795623069874888,2020-04-24,2020-03-31,9.015151060879674,1.5174483236890035,2.636011835933053,0.7556322967243598,4.148624285480319
sh601985,2020-04-08,4.48,4.5,4.45,4.49,0.002232,18070300.0,80880000.0,69889000000.0,69889000000.0,0.001161,4.806326900566849,2020-04-24,2020-03-31,9.035318894839167,1.5208430139862155,2.6419088695671364,0.7573227250479511,4.157884014885512
sh601985,2020-04-09,4.49,4.52,4.47,4.47,-0.004454,12069100.0,54260000.0,69578000000.0,69578000000.0,0.000775,4.784919520551724,2020-04-24,2020-03-31,8.995112507907102,1.51407539422703,2.6301526037966236,0.7539527044797657,4.139364799483212
sh601985,2020-04-10,4.49,4.49,4.43,4.44,-0.006711,12081000.0,53870000.0,69111000000.0,69111000000.0,0.000776,4.752807925649302,2020-04-24,2020-03-31,8.934738287015547,1.5039130841706325,2.612499304392027,0.7488922555879888,4.11158552231388
sh601985,2020-04-13,4.42,4.47,4.41,4.45,0.002252,10478200.0,46550000.0,69266000000.0,69266000000.0,0.000673,4.7635112490978635,2020-04-24,2020-03-31,8.954776839988119,1.507286013632606,2.618358536528456,0.7505718478325828,4.12084481291013
sh601985,2020-04-14,4.44,4.48,4.43,4.47,0.004494,13914700.0,62030000.0,69578000000.0,69578000000.0,0.0008939999999999,4.784918468651309,2020-04-24,2020-03-31,8.995112507907102,1.51407539422703,2.6301526037966236,0.7539527044797657,4.139363889499348
sh601985,2020-04-15,4.48,4.51,4.45,4.45,-0.004474,19252400.0,86320000.0,69266000000.0,69266000000.0,0.0012369999999999,4.763510743422564,2020-04-24,2020-03-31,8.954776839988119,1.507286013632606,2.618358536528456,0.7505718478325828,4.120844375457728
sh601985,2020-04-16,4.45,4.48,4.43,4.47,0.004494,11843700.0,52800000.0,69578000000.0,69578000000.0,0.000761,4.784917960703504,2020-04-24,2020-03-31,8.995112507907102,1.51407539422703,2.6301526037966236,0.7539527044797657,4.139363450081035
sh601985,2020-04-17,4.47,4.48,4.45,4.45,-0.004474,13592600.0,60700000.0,69266000000.0,69266000000.0,0.000873,4.763510237747317,2020-04-24,2020-03-31,8.954776839988119,1.507286013632606,2.618358536528456,0.7505718478325828,4.120843938005373
sh601985,2020-04-20,4.45,4.49,4.43,4.48,0.006742,18835600.0,84130000.0,69733000000.0,69733000000.0,0.00121,4.79562582377021,2020-04-24,2020-03-31,9.015151060879674,1.5174483236890035,2.636011835933053,0.7556322967243598,4.148626667835405
sh601985,2020-04-21,4.48,4.5,4.43,4.49,0.002232,22862300.0,102300000.0,69889000000.0,69889000000.0,0.001469,4.806329660608864,2020-04-24,2020-03-31,9.035318894839167,1.5208430139862155,2.6419088695671364,0.7573227250479511,4.157886402558014
sh601985,2020-04-22,4.48,4.49,4.45,4.46,-0.006682,13564200.0,60530000.0,69422000000.0,69422000000.0,0.000871,4.774213765816677,2020-04-24,2020-03-31,8.974944673947611,1.510680703929818,2.6242555701625396,0.7522622761561742,4.130103405616121
sh601985,2020-04-23,4.46,4.48,4.39,4.41,-0.011211,22882000.0,101410000.0,68644000000.000015,68644000000.000015,0.00147,4.720690055288106,2020-04-24,2020-03-31,8.874364066123995,1.4937507741142355,2.594846004987431,0.7438318066962121,4.083800816335759
sh601985,2020-04-24,4.4,4.41,4.32,4.34,-0.0158729999999999,23797900.0,103450000.0,67554000000.0,67554000000.0,0.001529,4.645758542040518,2020-04-24,2020-03-31,8.73344779038139,1.4700314637042282,2.5536423725441533,0.7320204805890669,4.018978645978062
sh601985,2020-04-27,4.34,4.36,4.32,4.34,0.0,17748000.0,77020000.0,67554000000.0,67554000000.0,0.00114,4.645758542040518,2020-08-21,2020-06-30,7.65792027133718,1.4278178484533361,2.881180991152265,0.7459864566370323,4.018978645978062
sh601985,2020-04-28,4.33,4.35,4.22,4.25,-0.020737,23182900.0,98930000.0,66153000000.0,66153000000.0,0.001489,4.549419447154224,2020-08-21,2020-06-30,7.4991029355740375,1.3982063849473538,2.821428281192761,0.7305154700818545,3.9356370857964147
sh601985,2020-04-29,4.25,4.28,4.23,4.26,0.002353,11344100.0,48320000.0,66309000000.0,66309000000.0,0.000729,4.560124231113378,2020-08-21,2020-06-30,7.516787092875285,1.4015035928752149,2.828081687869194,0.7322381495269706,3.9448976398592936
sh601985,2020-04-30,4.27,4.34,4.26,4.33,0.016432,19333400.0,83230000.0,67398000000.0,67398000000.0,0.001242,4.635056192479033,2020-08-21,2020-06-30,7.64023611403593,1.4245206405254751,2.874527584475832,0.744263777191916,4.009720197877462
sh601985,2020-05-06,4.31,4.36,4.28,4.35,0.004619,21328100.0,92250000.0,67710000000.0,67710000000.0,0.00137,4.656465517032093,2020-08-21,2020-06-30,7.67560442863843,1.4311150563811974,2.8878343978286978,0.7477091360821485,4.028241095471458
sh601985,2020-05-07,4.35,4.35,4.3,4.31,-0.009195,17301200.0,74740000.0,67087000000.0,67087000000.0,0.001112,4.6136493166029835,2020-08-21,2020-06-30,7.604981159416132,1.4179473606180089,2.8612634211657633,0.7408294611186397,3.991201418598598
sh601985,2020-05-08,4.32,4.36,4.28,4.34,0.006961,29808700.0,128930000.0,67554000000.0,67554000000.0,0.0019149999999999,4.645764929495857,2020-08-21,2020-06-30,7.65792027133718,1.4278178484533361,2.881180991152265,0.7459864566370323,4.018984171673463
sh601985,2020-05-11,4.34,4.36,4.31,4.32,-0.004608,22647600.0,98270000.0,67242999999.99999,67242999999.99999,0.001455,4.62435724470074,2020-08-21,2020-06-30,7.622665316717381,1.4212445685458694,2.8679168278421963,0.7425521405637557,4.000464692610391
sh601985,2020-05-12,4.32,4.34,4.29,4.3,-0.00463,16699700.0,71980000.0,66930999999.99999,66930999999.99999,0.001073,4.602946470657776,2020-08-21,2020-06-30,7.587297002114882,1.4146501526901476,2.85461001448933,0.7391067816735234,3.981942541083605
sh601985,2020-05-13,4.28,4.3,4.27,4.29,-0.002326,17204900.0,73660000.0,66776000000.0,66776000000.0,0.001105,4.5922400171670255,2020-08-21,2020-06-30,7.569726204796334,1.4113740807105424,2.847999257855695,0.7373951450453633,3.9726805427330447
sh601985,2020-05-14,4.27,4.28,4.23,4.24,-0.011655,17214100.0,73180000.0,65998000000.0,65998000000.0,0.001106,4.538717459766945,2020-08-21,2020-06-30,7.481532138255487,1.3949303129677484,2.8148175245591256,0.7288038334536941,3.9263789510074916
sh601985,2020-05-15,4.25,4.28,4.24,4.24,0.0,10849100.0,46130000.0,65998000000.0,65998000000.0,0.000697,4.538717459766945,2020-08-21,2020-06-30,7.481532138255487,1.3949303129677484,2.8148175245591256,0.7288038334536941,3.9263789510074916
sh601985,2020-05-18,4.24,4.27,4.22,4.24,0.0,15126800.0,64230000.0,65998000000.0,65998000000.0,0.000972,4.538717459766945,2020-08-21,2020-06-30,7.481532138255487,1.3949303129677484,2.8148175245591256,0.7288038334536941,3.9263789510074916
sh601985,2020-05-19,4.25,4.27,4.24,4.25,0.002358,11404400.0,48500000.0,66153000000.0,66153000000.0,0.000733,4.549419755537075,2020-08-21,2020-06-30,7.4991029355740375,1.3982063849473538,2.821428281192761,0.7305154700818545,3.9356373525739676
sh601985,2020-05-20,4.25,4.25,4.22,4.23,-0.004706,11420600.0,48330000.0,65841999999.99999,65841999999.99999,0.000734,4.528010186167518,2020-08-21,2020-06-30,7.463847980954236,1.3916331050398874,2.808164117882692,0.727081154008578,3.9171162431927544
sh601985,2020-05-21,4.24,4.24,4.18,4.18,-0.01182,20794500.0,87470000.0,65064000000.0,65064000000.0,0.001336,4.4744891057670175,2020-08-21,2020-06-30,7.375653914413392,1.3751893372970938,2.774982384586123,0.7184898424169089,3.8708159291982156
sh601985,2020-05-22,4.18,4.19,4.08,4.1,-0.019139,29522300.0,121760000.0,63817999999.99999,63817999999.99999,0.0018969999999999,4.388851858771742,2020-08-21,2020-06-30,7.234407375968797,1.348853945770717,2.7218404312602544,0.7047304924898914,3.796732383129291
sh601985,2020-05-25,4.1,4.12,4.08,4.09,-0.002439,12834600.0,52560000.0,63663000000.0,63663000000.0,0.000825,4.378147449088198,2020-08-21,2020-06-30,7.216836578650249,1.3455778737911115,2.7152296746266193,0.7030188558617312,3.7874721528468385
sh601985,2020-05-26,4.09,4.11,4.08,4.1,0.002445,19546500.0,80020000.0,63817999999.99999,63817999999.99999,0.001256,4.388852019601218,2020-08-21,2020-06-30,7.234407375968797,1.348853945770717,2.7218404312602544,0.7047304924898914,3.7967325222605495
sh601985,2020-05-27,4.09,4.1,4.07,4.07,-0.007317,15589800.0,63640000.0,63351000000.0,63351000000.0,0.0010019999999999,4.3567387893737965,2020-08-21,2020-06-30,7.18146826404775,1.3389834579353894,2.7019228612737534,0.6995734969714987,3.7689518303951686
sh601985,2020-05-28,4.08,4.1,4.06,4.08,0.002457,17175100.0,70070000.0,63507000000.000015,63507000000.000015,0.001103,4.367443296579288,2020-08-21,2020-06-30,7.199152421349002,1.342280665863251,2.7085762679501872,0.7012961764166152,3.7782121450424495
sh601985,2020-05-29,4.08,4.08,4.03,4.03,-0.012255,30931100.0,124990000.0,62729000000.0,62729000000.0,0.001987,4.313920278979708,2020-08-21,2020-06-30,7.110958354808153,1.3258368981204567,2.6753945346536168,0.692704864824946,3.7319101552049543
sh601985,2020-06-01,4.03,4.11,4.02,4.11,0.019851,30295400.0,123500000.0,63974000000.0,63974000000.0,0.001946,4.399555910437735,2020-08-21,2020-06-30,7.252091533270046,1.3521511536985777,2.7284938379366874,0.7064531719350076,3.805992303695928
sh601985,2020-06-02,4.1,4.18,4.09,4.16,0.012165,31844000.0,131840000.0,64752000000.0,64752000000.0,0.002046,4.45307650808821,2020-08-21,2020-06-30,7.340285599810892,1.3685949214413717,2.761675571233257,0.7150444835266767,3.852292200070389
sh601985,2020-06-03,4.16,4.17,4.12,4.13,-0.007212,19467500.0,80620000.0,64285000000.0,64285000000.0,0.001251,4.420960920311877,2020-08-21,2020-06-30,7.287346487889844,1.3587244336060444,2.741758001246756,0.709887488008284,3.8245094687234813
sh601985,2020-06-04,4.14,4.14,4.08,4.09,-0.009685,16863300.0,69240000.0,63663000000.0,63663000000.0,0.001083,4.378143913798657,2020-08-21,2020-06-30,7.216836578650249,1.3455778737911115,2.7152296746266193,0.7030188558617312,3.7874690945188942
sh601985,2020-06-05,4.1,4.13,4.07,4.12,0.0073349999999999,16004800.0,65570000.0,64129999999.99999,64129999999.99999,0.0010279999999999,4.41025759940637,2020-08-21,2020-06-30,7.2697756905712945,1.3554483616264386,2.73514724461312,0.7081758513801236,3.8152501803271903
sh601985,2020-06-08,4.12,4.14,4.11,4.12,0.0,15721800.0,64890000.0,64129999999.99999,64129999999.99999,0.00101,4.41025759940637,2020-08-21,2020-06-30,7.2697756905712945,1.3554483616264386,2.73514724461312,0.7081758513801236,3.8152501803271903
sh601985,2020-06-09,4.13,4.14,4.11,4.14,0.004854,14581900.0,60210000.0,64441000000.0,64441000000.0,0.0009369999999999,4.431664989793888,2020-08-21,2020-06-30,7.305030645191094,1.3620216415339053,2.7484114079231885,0.7116101674534001,3.833769404702498
sh601985,2020-06-10,4.14,4.14,4.09,4.11,-0.0072459999999999,18082200.0,74290000.0,63974000000.0,63974000000.0,0.0011619999999999,4.399553145277842,2020-08-21,2020-06-30,7.252091533270046,1.3521511536985777,2.7284938379366874,0.7064531719350076,3.8059899115960243
sh601985,2020-06-11,4.11,4.14,4.07,4.08,-0.0072989999999999,20103800.0,82450000.0,63507000000.000015,63507000000.000015,0.001292,4.3674408068704595,2020-08-21,2020-06-30,7.199152421349002,1.342280665863251,2.7085762679501872,0.7012961764166152,3.778209991231285
sh601985,2020-06-12,4.04,4.08,4.03,4.07,-0.002451,29488600.0,119470000.0,63351000000.0,63351000000.0,0.001895,4.35673620945282,2020-08-21,2020-06-30,7.18146826404775,1.3389834579353894,2.7019228612737534,0.6995734969714987,3.768949598542777
sh601985,2020-06-15,4.05,4.08,4.04,4.04,-0.0073709999999999,23426300.0,95080000.0,62884000000.0,62884000000.0,0.001505,4.324622706852944,2020-08-21,2020-06-30,7.128529152126701,1.329112970100062,2.682005291287252,0.6944165014531063,3.7411686710519185
sh601985,2020-06-16,4.06,4.08,4.05,4.08,0.009901,13947200.0,56690000.0,63507000000.000015,63507000000.000015,0.000896,4.3674407962734945,2020-08-21,2020-06-30,7.199152421349002,1.342280665863251,2.7085762679501872,0.7012961764166152,3.7782099820640034
sh601985,2020-06-17,4.08,4.1,4.06,4.09,0.002451,16590600.0,67740000.0,63663000000.0,63663000000.0,0.001066,4.378145393665161,2020-08-21,2020-06-30,7.216836578650249,1.3455778737911115,2.7152296746266193,0.7030188558617312,3.7874703747300424
sh601985,2020-06-18,4.09,4.16,4.09,4.14,0.012225,29095700.0,120270000.0,64441000000.0,64441000000.0,0.001869,4.431668221102717,2020-08-21,2020-06-30,7.305030645191094,1.3620216415339053,2.7484114079231885,0.7116101674534001,3.8337722000611167
sh601985,2020-06-19,4.14,4.16,4.12,4.14,0.0,25397500.0,105200000.0,64441000000.0,64441000000.0,0.001632,4.431668221102717,2020-08-21,2020-06-30,7.305030645191094,1.3620216415339053,2.7484114079231885,0.7116101674534001,3.8337722000611167
sh601985,2020-06-22,4.14,4.16,4.12,4.12,-0.004831,20498600.0,84820000.0,64129999999.99999,64129999999.99999,0.001317,4.410258831926569,2020-08-21,2020-06-30,7.2697756905712945,1.3554483616264386,2.73514724461312,0.7081758513801236,3.8152512465626214
sh601985,2020-06-23,4.12,4.13,4.09,4.09,-0.0072819999999999,16607500.0,68120000.0,63663000000.0,63663000000.0,0.001067,4.378143327112481,2020-08-21,2020-06-30,7.216836578650249,1.3455778737911115,2.7152296746266193,0.7030188558617312,3.787468586985153
sh601985,2020-06-24,4.1,4.12,4.09,4.12,0.0073349999999999,14807300.0,60790000.0,64129999999.99999,64129999999.99999,0.000951,4.410257008416851,2020-08-21,2020-06-30,7.2697756905712945,1.3554483616264386,2.73514724461312,0.7081758513801236,3.8152496690706887
sh601985,2020-06-29,4.11,4.12,4.07,4.09,-0.0072819999999999,16042700.0,65630000.0,63663000000.0,63663000000.0,0.001031,4.378141516881559,2020-08-21,2020-06-30,7.216836578650249,1.3455778737911115,2.7152296746266193,0.7030188558617312,3.7874670209805164
sh601985,2020-06-30,4.09,4.11,4.08,4.09,0.0,17343100.0,70990000.0,63663000000.0,63663000000.0,0.001114,4.378141516881559,2020-08-21,2020-06-30,7.216836578650249,1.3455778737911115,2.7152296746266193,0.7030188558617312,3.7874670209805164
sh601985,2020-07-01,4.09,4.15,4.08,4.15,0.0146699999999999,31975800.0,131680000.0,64597000000.0,64597000000.0,0.002054,4.442368852934212,2020-08-21,2020-06-30,7.322714802492345,1.3653188494617663,2.7550648145996215,0.7133328468985164,3.8430291621783006
sh601985,2020-07-02,4.14,4.24,4.13,4.22,0.016867,53353800.0,223570000.0,65686000000.0,65686000000.0,0.003428,4.517298288376653,2020-08-21,2020-06-30,7.446163823652989,1.3883358971120265,2.8015107112062596,0.7253584745634618,3.9078495350567617
sh601985,2020-07-03,4.25,4.37,4.25,4.33,0.026066,74131400.0,319170000.0,67398000000.0,67398000000.0,0.004763,4.635046185561479,2020-08-21,2020-06-30,7.64023611403593,1.4245206405254751,2.874527584475832,0.744263777191916,4.009711541037551
sh601985,2020-07-06,4.35,4.55,4.33,4.53,0.046189,136569800.0,608630000.0,70511000000.0,70511000000.0,0.0087739999999999,4.8491343338263775,2020-08-21,2020-06-30,7.993125740182015,1.490316847444906,3.007297167704908,0.7786400663755482,4.194916107406534
sh601985,2020-07-07,4.58,4.66,4.47,4.47,-0.0132449999999999,111918800.0,507740000.0,69578000000.0,69578000000.0,0.00719,4.784907549574847,2020-08-21,2020-06-30,7.887360876322621,1.4705970077225068,2.967504677774703,0.7683371181557188,4.139354443563935
sh601985,2020-07-08,4.45,4.57,4.43,4.55,0.017897,94179700.0,423640000.0,70823000000.0,70823000000.0,0.006051,4.870543039989589,2020-08-21,2020-06-30,8.028494054784515,1.496911263300628,3.0206039810577736,0.7820854252657805,4.213436470040398
sh601985,2020-07-09,4.55,4.68,4.53,4.65,0.021978,96192600.0,442790000.0,72379000000.0,72379000000.0,0.00618,4.97758783492248,2020-08-21,2020-06-30,8.204882187866207,1.5297987987862156,3.0869674476509124,0.7992680484491186,4.306039376778947
sh601985,2020-07-10,4.65,4.66,4.53,4.53,-0.025806,76467500.0,351160000.0,70511000000.0,70511000000.0,0.004913,4.849136203254471,2020-08-21,2020-06-30,7.993125740182015,1.490316847444906,3.007297167704908,0.7786400663755482,4.1949177246217895
sh601985,2020-07-13,4.53,4.63,4.53,4.61,0.01766,66642500.0,305730000.0,71757000000.0,71757000000.0,0.004281,4.934771948603945,2020-08-21,2020-06-30,8.134372278626609,1.5166522389712829,3.060439121030776,0.7923994163025657,4.2689999716386104
sh601985,2020-07-14,4.61,4.68,4.57,4.66,0.010846,88440100.0,409170000.0,72535000000.0,72535000000.0,0.005682,4.9882944851585025,2020-08-21,2020-06-30,8.222566345167456,1.5330960067140769,3.093620854327346,0.8009907278942346,4.315301545331002
sh601985,2020-07-15,4.65,4.67,4.54,4.57,-0.019313,59127900.0,271670000.0,71134000000.0,71134000000.0,0.003799,4.891955553766636,2020-08-21,2020-06-30,8.063749009404312,1.5034845432080945,3.033868144367842,0.7855197413390569,4.231960126586024
sh601985,2020-07-16,4.56,4.64,4.45,4.45,-0.026258,66577200.0,303330000.0,69266000000.0,69266000000.0,0.004277,4.763502584835832,2020-08-21,2020-06-30,7.851992561720121,1.464002591866785,2.954197864421837,0.7648917592654865,4.120837317582129
sh601985,2020-07-17,4.35,4.37,4.28,4.31,-0.004619,43974000.0,190190000.0,67087000000.0,67087000000.0,0.002825,4.741499966396475,2020-08-21,2020-06-30,7.604981159416132,1.4179473606180089,2.8612634211657633,0.7408294611186397,4.101803170012217
sh601985,2020-07-20,4.32,4.49,4.32,4.48,0.039443,56717200.0,251560000.0,69733000000.0,69733000000.0,0.0036439999999999,4.928518949571051,2020-08-21,2020-06-30,7.904931673641169,1.4738730797021122,2.9741154344083385,0.7700487547838791,4.263590592447008
sh601985,2020-07-21,4.5,4.51,4.42,4.44,-0.008929,38189300.0,170350000.0,69111000000.0,69111000000.0,0.002453,4.884512203870331,2020-08-21,2020-06-30,7.834421764401572,1.4607265198871795,2.9475871077882014,0.7631801226373263,4.2255209920470485
sh601985,2020-07-22,4.45,4.49,4.4,4.44,0.0,37776300.0,168190000.0,69111000000.0,69111000000.0,0.002427,4.884512203870331,2020-08-21,2020-06-30,7.834421764401572,1.4607265198871795,2.9475871077882014,0.7631801226373263,4.2255209920470485
sh601985,2020-07-23,4.42,4.45,4.33,4.42,-0.0045049999999999,49845400.0,218730000.0,68799000000.0,68799000000.0,0.003202,4.862507476391896,2020-08-21,2020-06-30,7.799053449799073,1.4541321040314574,2.9342802944353354,0.7597347637470939,4.206485019977877
sh601985,2020-07-24,4.4,4.42,4.28,4.31,-0.024887,45233800.0,196260000.0,67087000000.0,67087000000.0,0.0029059999999999,4.74149425282693,2020-08-21,2020-06-30,7.604981159416132,1.4179473606180089,2.8612634211657633,0.7408294611186397,4.101798227285688
sh601985,2020-07-27,4.29,4.37,4.28,4.31,0.0,29679500.0,128070000.0,67087000000.0,67087000000.0,0.001907,4.74149425282693,2020-08-21,2020-06-30,7.604981159416132,1.4179473606180089,2.8612634211657633,0.7408294611186397,4.101798227285688
sh601985,2020-07-28,4.32,4.35,4.28,4.29,-0.00464,23202800.0,100060000.0,66776000000.0,66776000000.0,0.001491,4.719493719493813,2020-08-21,2020-06-30,7.569726204796334,1.4113740807105424,2.847999257855695,0.7373951450453633,4.082765883511082
sh601985,2020-07-29,4.3,4.36,4.27,4.35,0.013986,30138600.0,130610000.0,67710000000.0,67710000000.0,0.001936,4.785500558654654,2020-08-21,2020-06-30,7.67560442863843,1.4311150563811974,2.8878343978286978,0.7477091360821485,4.139867447157868
sh601985,2020-07-30,4.36,4.38,4.33,4.35,0.0,23304500.0,101260000.0,67710000000.0,67710000000.0,0.001497,4.785500558654654,2020-08-21,2020-06-30,7.67560442863843,1.4311150563811974,2.8878343978286978,0.7477091360821485,4.139867447157868
sh601985,2020-07-31,4.35,4.39,4.32,4.34,-0.002299,32046600.0,139510000.0,67554000000.0,67554000000.0,0.002059,4.774498692870306,2020-08-21,2020-06-30,7.65792027133718,1.4278178484533361,2.881180991152265,0.7459864566370323,4.130349891896852
sh601985,2020-08-03,4.36,4.43,4.34,4.42,0.018433,45563700.0,200390000.0,68799000000.0,68799000000.0,0.002927,4.862507027275984,2020-08-21,2020-06-30,7.799053449799073,1.4541321040314574,2.9342802944353354,0.7597347637470939,4.2064846314541855
sh601985,2020-08-04,4.44,4.45,4.39,4.42,0.0,37772200.0,166850000.0,68799000000.0,68799000000.0,0.002427,4.862507027275984,2020-08-21,2020-06-30,7.799053449799073,1.4541321040314574,2.9342802944353354,0.7597347637470939,4.2064846314541855
sh601985,2020-08-05,4.42,4.43,4.37,4.38,-0.00905,32968500.0,144670000.0,68177000000.0,68177000000.0,0.002118,4.818501338679136,2020-08-21,2020-06-30,7.7285435405594765,1.4409855442165247,2.9077519678151993,0.752866131600541,4.168415945539525
sh601985,2020-08-06,4.38,4.4,4.31,4.38,0.0,41851100.0,182120000.0,68177000000.0,68177000000.0,0.002689,4.818501338679136,2020-08-21,2020-06-30,7.7285435405594765,1.4409855442165247,2.9077519678151993,0.752866131600541,4.168415945539525
sh601985,2020-08-07,4.37,4.37,4.3,4.33,-0.0114159999999999,31777300.0,137450000.0,67398000000.0,67398000000.0,0.002042,4.763493327396776,2020-08-21,2020-06-30,7.64023611403593,1.4245206405254751,2.874527584475832,0.744263777191916,4.120829309105247
sh601985,2020-08-10,4.33,4.5,4.31,4.46,0.030023,72564100.0,321260000.0,69422000000.0,69422000000.0,0.0046619999999999,4.906507687565209,2020-08-21,2020-06-30,7.869676719021371,1.4672997997946458,2.96085127109827,0.7666144387106028,4.244548967452514
sh601985,2020-08-11,4.49,4.79,4.46,4.58,0.026906,157676700.0,732380000.0,71290000000.0,71290000000.0,0.01013,5.038522183406839,2020-08-21,2020-06-30,8.081433166705562,1.5067817511359554,3.040521551044275,0.7872424207841731,4.358752801970791
sh601985,2020-08-12,4.56,4.73,4.51,4.68,0.021834,128680100.0,596670000.0,72846000000.0,72846000000.0,0.008267,5.148533276759343,2020-08-21,2020-06-30,8.257821299787254,1.5396692866215433,3.1068850176374143,0.8044250439675114,4.453921810649021
sh601985,2020-08-13,4.66,4.66,4.54,4.58,-0.021368,74082400.0,339860000.0,71290000000.0,71290000000.0,0.004759,5.038519417701549,2020-08-21,2020-06-30,8.081433166705562,1.5067817511359554,3.040521551044275,0.7872424207841731,4.358750409399072
sh601985,2020-08-14,4.55,4.55,4.48,4.54,-0.008734,53049800.0,239330000.0,70667000000.0,70667000000.0,0.003408,4.994512989107343,2020-08-21,2020-06-30,8.010809897483265,1.493614055372767,3.0139505743813406,0.7803627458206642,4.320681083323381
sh601985,2020-08-17,4.55,4.59,4.51,4.58,0.008811,46684000.0,212910000.0,71290000000.0,71290000000.0,0.002999,5.038519643054368,2020-08-21,2020-06-30,8.081433166705562,1.5067817511359554,3.040521551044275,0.7872424207841731,4.3587506043485424
sh601985,2020-08-18,4.59,4.67,4.56,4.61,0.00655,53164000.0,244750000.0,71757000000.0,71757000000.0,0.0034159999999999,5.071521946716374,2020-08-21,2020-06-30,8.134372278626609,1.5166522389712829,3.060439121030776,0.7923994163025657,4.387300420807025
sh601985,2020-08-19,4.6,4.7,4.54,4.62,0.002169,74639500.0,345430000.0,71912000000.0,71912000000.0,0.004795,5.082522077818803,2020-08-21,2020-06-30,8.151943075945159,1.5199283109508883,3.0670498776644117,0.794111052930726,4.396816475419756
sh601985,2020-08-20,4.59,4.62,4.51,4.53,-0.019481,43590400.0,198770000.0,70512000000.0,70512000000.0,0.0028,4.983509465220815,2020-08-21,2020-06-30,7.993239100164716,1.4903379833931616,3.0073398177477055,0.778651109192504,4.311162093662104
sh601985,2020-08-21,4.67,4.75,4.63,4.7,0.037528,112582600.0,527880000.0,73158000000.0,73158000000.0,0.007233,5.170530608431622,2020-08-21,2020-06-30,8.293189614389751,1.546263702477265,3.12019183099028,0.8078704028577436,4.472951384713056
sh601985,2020-08-24,4.68,4.82,4.66,4.74,0.008511,71719500.0,340620000.0,73780000000.0,73780000000.0,0.004608,5.214536994439983,2020-10-29,2020-09-30,7.101976906813022,1.5019425509252897,2.9266637607296224,0.7397347596724865,4.511020673948348
sh601985,2020-08-25,4.78,4.78,4.63,4.64,-0.021097,50194700.0,234880000.0,72224000000.0,72224000000.0,0.003225,5.1045259074682825,2020-10-29,2020-09-30,6.952198158276818,1.4702669937385218,2.864941223298133,0.7241339561207057,4.41585167079006
sh601985,2020-08-26,4.64,4.66,4.55,4.57,-0.015086,41515400.0,190890000.0,71134000000.0,71134000000.0,0.002667,5.027519029628215,2020-10-29,2020-09-30,6.8472760272328195,1.448077818074269,2.821703713143683,0.7132053726557692,4.349234132484521
sh601985,2020-08-27,4.58,4.63,4.53,4.6,0.006565,29157900.0,134140000.0,71601000000.0,71601000000.0,0.001873,5.060524692057725,2020-10-29,2020-09-30,6.892228903560845,1.457584556638678,2.8402284078612317,0.717887618965976,4.377786854564282
sh601985,2020-08-28,4.6,4.62,4.54,4.61,0.0021739999999999,35340100.0,161880000.0,71757000000.0,71757000000.0,0.00227,5.071526272738257,2020-10-29,2020-09-30,6.907245281948794,1.4607602551741123,2.8464165285805842,0.719451709810499,4.387304163186104
sh601985,2020-08-31,4.6,4.72,4.59,4.66,0.010846,51909900.0,241560000.0,72535000000.0,72535000000.0,0.003335,5.126532046692376,2020-10-29,2020-09-30,6.982134656216895,1.4765980337674964,2.8772777972963293,0.7272521115863895,4.43488886414002
sh601985,2020-09-01,4.65,4.71,4.61,4.67,0.002146,32736800.0,152680000.0,72691000000.0,72691000000.0,0.002103,5.137533584464578,2020-10-29,2020-09-30,6.997151034604844,1.4797737323029307,2.8834659180156814,0.7288162024309124,4.444406135642464
sh601985,2020-09-02,4.68,4.71,4.6,4.66,-0.002141,34667900.0,161000000.0,72535000000.0,72535000000.0,0.002227,5.12653412506024,2020-10-29,2020-09-30,6.982134656216895,1.4765980337674964,2.8772777972963293,0.7272521115863895,4.434890662106055
sh601985,2020-09-03,4.73,4.97,4.73,4.83,0.036481,154811800.0,750770000.0,75181000000.0,75181000000.0,0.009946,5.313555216476563,2020-10-29,2020-09-30,7.236835535797097,1.5304627666185173,2.982237844882268,0.7537814986031067,4.596679908350345
sh601985,2020-09-04,4.7,4.77,4.65,4.73,-0.020704,74715900.0,351590000.0,73625000000.0,73625000000.0,0.0048,5.203543369274631,2020-10-29,2020-09-30,7.087056787260893,1.4987872094317494,2.920515307450779,0.7381806950513259,4.501510247527859
sh601985,2020-09-07,4.77,4.79,4.63,4.63,-0.0211419999999999,59994800.0,282250000.0,72068000000.0,72068000000.0,0.003854,5.093530055361428,2020-10-29,2020-09-30,6.937181779888871,1.4670912952030875,2.8587531025787807,0.7225698652761827,4.406339317874626
sh601985,2020-09-08,4.65,4.69,4.58,4.68,0.010799,42631300.0,197910000.0,72846000000.0,72846000000.0,0.002739,5.148535086429276,2020-10-29,2020-09-30,7.012071154156972,1.4829290737964715,2.8896143712945253,0.7303702670520731,4.453923376168355
sh601985,2020-09-09,4.63,4.73,4.61,4.65,-0.0064099999999999,41491400.0,194280000.0,72379000000.0,72379000000.0,0.002666,5.115532976525265,2020-10-29,2020-09-30,6.967118277828947,1.4734223352320623,2.8710896765769762,0.7256880207418664,4.425373727327115
sh601985,2020-09-10,4.68,4.69,4.56,4.57,-0.017204,44155300.0,203310000.0,71134000000.0,71134000000.0,0.002837,5.027525347197124,2020-10-29,2020-09-30,6.8472760272328195,1.448077818074269,2.821703713143683,0.7132053726557692,4.34923959772218
sh601985,2020-09-11,4.55,4.57,4.48,4.54,-0.006565,30863500.0,139560000.0,70667000000.0,70667000000.0,0.001983,4.994519643292775,2020-10-29,2020-09-30,6.802323150904795,1.4385710795098599,2.8031790184261345,0.7085231263455626,4.320686839763133
sh601985,2020-09-14,4.55,4.59,4.54,4.57,0.006608,22183700.0,101190000.0,71134000000.0,71134000000.0,0.001425,5.027523429095654,2020-10-29,2020-09-30,6.8472760272328195,1.448077818074269,2.821703713143683,0.7132053726557692,4.349237938400288
sh601985,2020-09-15,4.58,4.59,4.52,4.55,-0.004376,18006500.0,81950000.0,70823000000.0,70823000000.0,0.001157,5.00552298656993,2020-10-29,2020-09-30,6.817339529292744,1.4417467780452942,2.809367139145487,0.7100872171900857,4.330205673181848
sh601985,2020-09-16,4.53,4.6,4.49,4.56,0.002198,24402100.0,111100000.0,70979000000.0,70979000000.0,0.001568,5.01652512609441,2020-10-29,2020-09-30,6.832355907680692,1.4449224765807285,2.8155552598648397,0.7116513080346086,4.3397234652515015
sh601985,2020-09-17,4.56,4.57,4.51,4.53,-0.006579,17189100.0,77970000.0,70512000000.0,70512000000.0,0.001104,4.983521407289835,2020-10-29,2020-09-30,6.787403031352667,1.4354157380163193,2.7970305651472906,0.7069690617244019,4.311172424573612
sh601985,2020-09-18,4.53,4.61,4.52,4.61,0.01766,27406500.0,125510000.0,71757000000.0,71757000000.0,0.001761,5.071530395342574,2020-10-29,2020-09-30,6.907245281948794,1.4607602551741123,2.8464165285805842,0.719451709810499,4.387307729591582
sh601985,2020-09-21,4.61,4.62,4.57,4.58,-0.006508,19428200.0,89150000.0,71290000000.0,71290000000.0,0.001248,5.038524875529685,2020-10-29,2020-09-30,6.862292405620769,1.4512535166097034,2.8278918338630357,0.7147694635002924,4.3587551308874
sh601985,2020-09-22,4.55,4.57,4.51,4.51,-0.015284,23685900.0,107490000.0,70200000000.0,70200000000.0,0.001522,4.961516061332089,2020-10-29,2020-09-30,6.75737027457677,1.4290643409454507,2.784654323708586,0.7038408800353558,4.292135917466918
sh601985,2020-09-23,4.53,4.54,4.44,4.46,-0.011086,28350000.0,127160000.0,69422000000.0,69422000000.0,0.001821,4.906512694276162,2020-10-29,2020-09-30,6.6824809003086685,1.4132265623520663,2.7537930549928413,0.6960404782594655,4.244553298685879
sh601985,2020-09-24,4.45,4.46,4.37,4.39,-0.0156949999999999,30141300.0,132530000.0,68332000000.000015,68332000000.000015,0.001936,4.829504977539498,2020-10-29,2020-09-30,6.577558769264672,1.3910373866878143,2.710555544838393,0.6851118947945292,4.177935034663005
sh601985,2020-09-25,4.4,4.41,4.36,4.38,-0.002278,18948300.0,83050000.0,68177000000.0,68177000000.0,0.001217,4.818503365200663,2020-10-29,2020-09-30,6.562638649712543,1.3878820451942735,2.7044070915595486,0.6835578301733684,4.168417698654042
sh601985,2020-09-28,4.38,4.43,4.37,4.41,0.0068489999999999,21086500.0,93040000.0,68644000000.000015,68644000000.000015,0.001355,4.851505294748923,2020-10-29,2020-09-30,6.6075915260405695,1.397388783758683,2.7229317862770976,0.6882400764835752,4.196967191472123
sh601985,2020-09-29,4.42,4.44,4.41,4.42,0.002268,15274400.0,67540000.0,68799000000.0,68799000000.0,0.000981,4.862508508757412,2020-10-29,2020-09-30,6.622511645592695,1.4005441252522228,2.7290802395559406,0.6897941411047357,4.206485913062382
sh601985,2020-09-30,4.43,4.44,4.35,4.39,-0.006787,17894400.0,78580000.0,68332000000.000015,68332000000.000015,0.00115,4.829506663508476,2020-10-29,2020-09-30,6.577558769264672,1.3910373866878143,2.710555544838393,0.6851118947945292,4.177936493170428
sh601985,2020-10-09,4.43,4.48,4.42,4.46,0.0159449999999999,18933800.0,84390000.0,69422000000.0,69422000000.0,0.001216,4.906513147258118,2020-10-29,2020-09-30,6.6824809003086685,1.4132265623520663,2.7537930549928413,0.6960404782594655,4.24455369055403
sh601985,2020-10-12,4.48,4.56,4.47,4.55,0.020179,26839000.0,121650000.0,70823000000.0,70823000000.0,0.0017239999999999,5.00552167605664,2020-10-29,2020-09-30,6.817339529292744,1.4417467780452942,2.809367139145487,0.7100872171900857,4.330204539475719
sh601985,2020-10-13,4.55,4.55,4.5,4.52,-0.006593,17240500.0,77890000.0,70356000000.0,70356000000.0,0.001108,4.972520271646399,2020-10-29,2020-09-30,6.77238665296472,1.432240039480885,2.7908424444279385,0.705404970879879,4.301655500946956
sh601985,2020-10-14,4.53,4.63,4.48,4.6,0.017699,43309400.0,197820000.0,71601000000.0,71601000000.0,0.002782,5.060528907934268,2020-10-29,2020-09-30,6.892228903560845,1.457584556638678,2.8402284078612317,0.717887618965976,4.377790501658216
sh601985,2020-10-15,4.58,4.59,4.55,4.56,-0.0086959999999999,20297900.0,92750000.0,70979000000.0,70979000000.0,0.0013039999999999,5.0165225485508715,2020-10-29,2020-09-30,6.832355907680692,1.4449224765807285,2.8155552598648397,0.7116513080346086,4.339721235455797
sh601985,2020-10-16,4.56,4.6,4.55,4.59,0.006579,25998700.0,119070000.0,71445000000.0,71445000000.0,0.0016699999999999,5.049526250397787,2020-10-29,2020-09-30,6.877212525172897,1.454408858103244,2.8340402871418795,0.7163235281214531,4.36827226146386
sh601985,2020-10-19,4.57,4.61,4.5,4.5,-0.019608,37833600.0,171770000.0,70045000000.0,70045000000.0,0.002431,4.950515139679988,2020-10-29,2020-09-30,6.742450155024642,1.42590899945191,2.778505870429742,0.7022868154141952,4.282619178961077
sh601985,2020-10-20,4.49,4.55,4.49,4.54,0.008889,18060800.0,81590000.0,70667000000.0,70667000000.0,0.00116,4.994520268756603,2020-10-29,2020-09-30,6.802323150904795,1.4385710795098599,2.8031790184261345,0.7085231263455626,4.320687380842862
sh601985,2020-10-21,4.53,4.54,4.49,4.53,-0.002203,15104000.0,68090000.0,70512000000.0,70512000000.0,0.0009699999999999,4.983517340604533,2020-10-29,2020-09-30,6.787403031352667,1.4354157380163193,2.7970305651472906,0.7069690617244019,4.311168906542865
sh601985,2020-10-22,4.52,4.52,4.47,4.49,-0.00883,15928300.0,71470000.0,69889000000.0,69889000000.0,0.001023,4.939512882486995,2020-10-29,2020-09-30,6.727433776636694,1.4227333009164758,2.77231774971039,0.7007227245696721,4.273101285098092
sh601985,2020-10-23,4.49,4.51,4.45,4.47,-0.004454,19611400.0,87750000.0,69578000000.0,69578000000.0,0.00126,4.917512292108398,2020-10-29,2020-09-30,6.697497278696618,1.4164022608875009,2.759981175712194,0.6976045691039885,4.254068891974265
sh601985,2020-10-26,4.48,4.48,4.44,4.46,-0.002237,14235900.0,63390000.0,69422000000.0,69422000000.0,0.000915,4.906511817110951,2020-10-29,2020-09-30,6.6824809003086685,1.4132265623520663,2.7537930549928413,0.6960404782594655,4.2445525398629185
sh601985,2020-10-27,4.45,4.48,4.42,4.44,-0.004484,17370700.0,77150000.0,69111000000.0,69111000000.0,0.001116,4.884511018123026,2020-10-29,2020-09-30,6.652544402368592,1.406895522323092,2.741456480994645,0.6929223227937817,4.225519966274173
sh601985,2020-10-28,4.44,4.45,4.39,4.45,0.002252,18016900.0,79690000.0,69266000000.0,69266000000.0,0.001157,4.895510936935838,2020-10-29,2020-09-30,6.667464521920721,1.4100508638166322,2.747604934273489,0.6944763874149424,4.235035837238223
sh601985,2020-10-29,4.44,4.53,4.43,4.5,0.011236,43188700.0,194270000.0,70045000000.0,70045000000.0,0.002775,4.95051689782325,2020-10-29,2020-09-30,6.742450155024642,1.42590899945191,2.778505870429742,0.7022868154141952,4.282620699905431
sh601985,2020-10-30,4.5,4.54,4.41,4.43,-0.015556,34503500.0,154640000.0,68955000000.0,68955000000.0,0.002217,4.8735066569607115,2021-04-27,2021-03-31,5.58649229623388,1.2447444786296085,2.2011145508109027,0.5799931950455964,4.216000252297702
sh601985,2020-11-02,4.45,4.61,4.44,4.61,0.040632,78391200.0,357940000.0,71757000000.0,71757000000.0,0.005036,5.071526979446339,2021-04-27,2021-03-31,5.81350051049024,1.2953249155684838,2.290557273911071,0.6035613327080974,4.3873047745490625
sh601985,2020-11-03,4.62,4.63,4.57,4.61,0.0,38933800.0,178940000.0,71757000000.0,71757000000.0,0.002501,5.071526979446339,2021-04-27,2021-03-31,5.81350051049024,1.2953249155684838,2.290557273911071,0.6035613327080974,4.3873047745490625
sh601985,2020-11-04,4.61,4.62,4.57,4.6,-0.002169,23501200.0,107830000.0,71601000000.0,71601000000.0,0.00151,5.06052683742792,2021-04-27,2021-03-31,5.800861937533783,1.2925088741115016,2.2855775933958586,0.6022491879988361,4.377788710493066
sh601985,2020-11-05,4.61,4.64,4.57,4.64,0.0086959999999999,36446000.0,168100000.0,72224000000.0,72224000000.0,0.002341,5.104533178806192,2021-04-27,2021-03-31,5.851335212866299,1.3037549883916297,2.3054643944277657,0.6074893556518476,4.415857961119513
sh601985,2020-11-06,4.62,4.66,4.59,4.66,0.00431,36925700.0,170800000.0,72535000000.0,72535000000.0,0.002372,5.126533716806848,2021-04-27,2021-03-31,5.876531342285903,1.3093690197577934,2.315391834429248,0.6101052338863365,4.434890308931938
sh601985,2020-11-09,4.66,4.71,4.65,4.7,0.008584,45817600.0,214820000.0,73158000000.0,73158000000.0,0.002944,5.1705398822319175,2021-04-27,2021-03-31,5.92700461761842,1.3206151340379217,2.3352786354611554,0.6153454015393479,4.47295940734381
sh601985,2020-11-10,4.71,4.75,4.63,4.67,-0.006383,33547600.0,157290000.0,72691000000.0,72691000000.0,0.002155,5.137536326163631,2021-04-27,2021-03-31,5.88916991524236,1.3121850612147758,2.3203715149444606,0.6114173785955977,4.4444085074467345
sh601985,2020-11-11,4.66,4.72,4.64,4.67,0.0,32881300.0,154000000.0,72691000000.0,72691000000.0,0.002112,5.137536326163631,2021-04-27,2021-03-31,5.88916991524236,1.3121850612147758,2.3203715149444606,0.6114173785955977,4.4444085074467345
sh601985,2020-11-12,4.66,4.7,4.61,4.62,-0.010707,25562300.0,118690000.0,71912000000.0,71912000000.0,0.001642,5.082528724719397,2021-04-27,2021-03-31,5.8260580669533875,1.2981229054776653,2.295505033397341,0.604865066233325,4.396822225557502
sh601985,2020-11-13,4.6,4.62,4.54,4.57,-0.010823,24030100.0,109720000.0,71134000000.0,71134000000.0,0.001544,5.027520516331759,2021-04-27,2021-03-31,5.763027235157723,1.2840788012883555,2.270670472879164,0.5983211650550859,4.349235418610293
sh601985,2020-11-16,4.59,4.73,4.58,4.73,0.035011,48058300.0,225020000.0,73625000000.0,73625000000.0,0.003087,5.20353903712905,2021-04-27,2021-03-31,5.964839319994481,1.3290452068610676,2.3501857559778507,0.6192734244830982,4.501506499851258
sh601985,2020-11-17,4.72,4.72,4.67,4.71,-0.004228,27384100.0,128610000.0,73313000000.0,73313000000.0,0.001759,5.181538474080068,2021-04-27,2021-03-31,5.9395621740815665,1.323413123947103,2.3402263949474253,0.6166491350645755,4.482474130369887
sh601985,2020-11-18,4.7,4.72,4.67,4.7,-0.002123,29116900.0,136690000.0,73158000000.0,73158000000.0,0.001871,5.170538067899596,2021-04-27,2021-03-31,5.92700461761842,1.3206151340379217,2.3352786354611554,0.6153454015393479,4.472957837791111
sh601985,2020-11-19,4.68,4.71,4.66,4.68,-0.004255,22168600.0,103820000.0,72846000000.0,72846000000.0,0.001424,5.148537428420683,2021-04-27,2021-03-31,5.901727471705507,1.3149830511239569,2.32531927443073,0.6127211121208255,4.45392540219131
sh601985,2020-11-20,4.67,4.72,4.65,4.68,0.0,29014400.0,135690000.0,72846000000.0,72846000000.0,0.001864,5.148537428420683,2021-04-27,2021-03-31,5.901727471705507,1.3149830511239569,2.32531927443073,0.6127211121208255,4.45392540219131
sh601985,2020-11-23,4.67,4.76,4.64,4.73,0.010684,54805300.0,258150000.0,73625000000.0,73625000000.0,0.003521,5.203544402305929,2021-04-27,2021-03-31,5.964839319994481,1.3290452068610676,2.3501857559778507,0.6192734244830982,4.501511141188322
sh601985,2020-11-24,4.72,4.77,4.71,4.73,0.0,36731400.0,174000000.0,73625000000.0,73625000000.0,0.00236,5.203544402305929,2021-04-27,2021-03-31,5.964839319994481,1.3290452068610676,2.3501857559778507,0.6192734244830982,4.501511141188322
sh601985,2020-11-25,4.74,4.76,4.68,4.69,-0.008457,40659800.0,192450000.0,73002000000.0,73002000000.0,0.002612,5.159538027295628,2021-04-27,2021-03-31,5.914366044661964,1.3177990925809393,2.330298954945943,0.6140332568300867,4.463441861467292
sh601985,2020-11-26,4.69,4.81,4.68,4.79,0.021322,65492800.0,312360000.0,74559000000.0,74559000000.0,0.004208,5.269549697113626,2021-04-27,2021-03-31,6.0405087247466005,1.3459053525073594,2.3799999970112404,0.6271294703705985,4.558611368837498
sh601985,2020-11-27,4.8,4.96,4.77,4.85,0.012526,96162400.0,467550000.0,75492000000.0,75492000000.0,0.006178,5.335556076619672,2021-04-27,2021-03-31,6.11609711300541,1.3627474466058502,2.409782317015686,0.6349771050740651,4.615712534843557
sh601985,2020-11-30,4.85,5.03,4.82,4.91,0.012371,119687000.0,591680000.0,76426000000.0,76426000000.0,0.007689,5.401562240843533,2021-04-27,2021-03-31,6.1917665177575305,1.379607592252142,2.4395965580490757,0.6428331509615655,4.672813514612106
sh601985,2020-12-01,4.9,4.92,4.83,4.92,0.002037,61330100.0,299440000.0,76582000000.0,76582000000.0,0.00394,5.412565223128131,2021-04-27,2021-03-31,6.204405090713987,1.3824236337091242,2.4445762385642884,0.6441452956708268,4.682332035741371
sh601985,2020-12-02,4.94,4.97,4.88,4.91,-0.0020329999999999,49936600.0,245420000.0,76426000000.0,76426000000.0,0.003208,5.401561478029512,2021-04-27,2021-03-31,6.1917665177575305,1.379607592252142,2.4395965580490757,0.6428331509615655,4.672812854712709
sh601985,2020-12-03,4.89,4.9,4.82,4.84,-0.0142569999999999,47570600.0,230310000.0,75337000000.0,75337000000.0,0.0030559999999999,5.324551416037246,2021-04-27,2021-03-31,6.103539556542263,1.359949456696669,2.404834557529417,0.6336733715488375,4.606192561843071
sh601985,2020-12-04,4.83,4.84,4.76,4.83,-0.002066,33635800.0,161310000.0,75181000000.0,75181000000.0,0.0021609999999999,5.313550892811713,2021-04-27,2021-03-31,6.090900983585807,1.3571334152396866,2.399854877014204,0.6323612268395762,4.596676168010303
sh601985,2020-12-07,4.83,4.85,4.74,4.74,-0.018634,36022400.0,172120000.0,73780000000.0,73780000000.0,0.002314,5.214538185475059,2021-04-27,2021-03-31,5.977396876457626,1.3318431967702489,2.3551335154641193,0.6205771580083257,4.511021704295599
sh601985,2020-12-08,4.73,4.77,4.73,4.74,0.0,30218200.0,143480000.0,73780000000.0,73780000000.0,0.001941,5.214538185475059,2021-04-27,2021-03-31,5.977396876457626,1.3318431967702489,2.3551335154641193,0.6205771580083257,4.511021704295599
sh601985,2020-12-09,4.74,4.79,4.69,4.69,-0.010549,28990400.0,137600000.0,73002000000.0,73002000000.0,0.001862,5.159530022156483,2021-04-27,2021-03-31,5.914366044661964,1.3177990925809393,2.330298954945943,0.6140332568300867,4.463434936336984
sh601985,2020-12-10,4.7,4.71,4.65,4.67,-0.004264,27560800.0,128730000.0,72691000000.0,72691000000.0,0.001771,5.137529786142008,2021-04-27,2021-03-31,5.88916991524236,1.3121850612147758,2.3203715149444606,0.6114173785955977,4.444402849768443
sh601985,2020-12-11,4.67,4.71,4.61,4.67,0.0,37559900.0,174760000.0,72691000000.0,72691000000.0,0.0024129999999999,5.137529786142008,2021-04-27,2021-03-31,5.88916991524236,1.3121850612147758,2.3203715149444606,0.6114173785955977,4.444402849768443
sh601985,2020-12-14,4.69,4.71,4.64,4.65,-0.0042829999999999,23298200.0,108830000.0,72379000000.0,72379000000.0,0.001497,5.115525746067962,2021-04-27,2021-03-31,5.863892769329446,1.3065529783008112,2.3104121539140348,0.6087930891770752,4.425367472362885
sh601985,2020-12-15,4.65,4.7,4.61,4.67,0.004301,24088200.0,111880000.0,72691000000.0,72691000000.0,0.001548,5.137527622301801,2021-04-27,2021-03-31,5.88916991524236,1.3121850612147758,2.3203715149444606,0.6114173785955977,4.444400977861519
sh601985,2020-12-16,4.69,4.7,4.62,4.63,-0.008565,20037000.0,93490000.0,72068000000.0,72068000000.0,0.001287,5.093524698216785,2021-04-27,2021-03-31,5.838696639909844,1.3009389469346475,2.3004847139125535,0.6061772109425864,4.4063346834861346
sh601985,2020-12-17,4.64,4.74,4.62,4.74,0.023758,32182600.0,151030000.0,73780000000.0,73780000000.0,0.002068,5.214536657997019,2021-04-27,2021-03-31,5.977396876457626,1.3318431967702489,2.3551335154641193,0.6205771580083257,4.511020382896398
sh601985,2020-12-18,4.75,4.92,4.75,4.85,0.023207,81578300.0,395870000.0,75492000000.0,75492000000.0,0.005241,5.335550410219156,2021-04-27,2021-03-31,6.11609711300541,1.3627474466058502,2.409782317015686,0.6349771050740651,4.615707632922274
sh601985,2020-12-21,4.85,4.89,4.8,4.82,-0.006186,49884400.0,241660000.0,75026000000.0,75026000000.0,0.0032049999999999,5.30254469538154,2021-04-27,2021-03-31,6.07834342712266,1.3543354253305055,2.3949071175279353,0.6310574933143487,4.587154865505017
sh601985,2020-12-22,4.82,4.89,4.74,4.76,-0.012448,49440900.0,238430000.0,74092000000.0,74092000000.0,0.003176,5.236538619013431,2021-04-27,2021-03-31,6.002674022370541,1.3374752796842135,2.365092876494545,0.6232014474268484,4.530053961739211
sh601985,2020-12-23,4.75,4.99,4.75,4.93,0.0357139999999999,82402100.0,403770000.0,76738000000.0,76738000000.0,0.005294,5.423556359252875,2021-04-27,2021-03-31,6.217043663670443,1.3852396751661067,2.449555919079501,0.645457440380088,4.6918403089287635
sh601985,2020-12-24,4.92,4.97,4.82,4.91,-0.004057,54262100.0,265540000.0,76426000000.0,76426000000.0,0.003486,5.401552991103387,2021-04-27,2021-03-31,6.1917665177575305,1.379607592252142,2.4395965580490757,0.6428331509615655,4.67280551279544
sh601985,2020-12-25,4.88,5.09,4.86,5.05,0.028513,120409800.0,602630000.0,78606000000.0,78606000000.0,0.007736,5.555567471538718,2021-04-27,2021-03-31,6.368382473174685,1.4189599664586905,2.509184401146281,0.6611695321550888,4.806041216381777
sh601985,2020-12-28,5.05,5.13,4.96,5.03,-0.00396,97516600.0,491250000.0,78294000000.0,78294000000.0,0.006265,5.533567424351425,2021-04-27,2021-03-31,6.34310532726177,1.4133278835447256,2.499225040115855,0.6585452427365662,4.787009293164905
sh601985,2020-12-29,5.03,5.03,4.87,4.9,-0.025845,76417800.0,376340000.0,76271000000.0,76271000000.0,0.004909,5.390552374269062,2021-04-27,2021-03-31,6.179208961294384,1.3768096023429608,2.4346487985628067,0.6415294174363378,4.663289037983058
sh601985,2020-12-30,4.89,4.95,4.83,4.86,-0.008163,56332600.0,275390000.0,75648000000.0,75648000000.0,0.003619,5.346549295237904,2021-04-27,2021-03-31,6.128735685961867,1.3655634880628325,2.414761997530899,0.6362892497833265,4.625222609566002
sh601985,2020-12-31,4.87,4.98,4.87,4.92,0.012346,50331900.0,247610000.0,76582000000.0,76582000000.0,0.003234,5.41255779283691,2021-04-27,2021-03-31,6.204405090713987,1.3824236337091242,2.4445762385642884,0.6441452956708268,4.682325607903704
sh601985,2021-01-04,4.92,4.95,4.85,4.95,0.0060979999999999,59586800.0,292190000.0,77049000000.0,86407000000.0,0.003828,5.4455635702576295,2021-04-27,2021-03-31,7.00039213749084,1.5597800908556096,2.758200347935866,0.7267851788021876,4.7108784294607
sh601985,2021-01-05,4.87,4.89,4.75,4.86,-0.018182,89455100.0,432080000.0,75648000000.0,84836000000.0,0.0057469999999999,5.346552333423205,2021-04-27,2021-03-31,6.873115226499855,1.5314211092599734,2.7080524114653577,0.7135712086852036,4.625225237856245
sh601985,2021-01-06,4.85,5.04,4.81,5.01,0.030864,101471300.0,502200000.0,77983000000.0,87455000000.0,0.006519,5.511568324641979,2021-04-27,2021-03-31,7.085297422480371,1.578698112951235,2.7916535862688345,0.7356000996695329,4.76797818959744
sh601985,2021-01-07,4.97,5.08,4.92,5.02,0.001996,83411300.0,417080000.0,78139000000.0,87629000000.0,0.005359,5.522569415017965,2021-04-27,2021-03-31,7.099394292316419,1.5818390822686383,2.7972078453050333,0.7370636456914011,4.777495074063878
sh601985,2021-01-08,5.04,5.08,4.96,5.02,0.0,72844900.0,364680000.0,78139000000.0,87629000000.0,0.00468,5.522569415017965,2021-04-27,2021-03-31,7.099394292316419,1.5818390822686383,2.7972078453050333,0.7370636456914011,4.777495074063878
sh601985,2021-01-11,4.99,4.99,4.84,4.85,-0.033865,69394900.0,340560000.0,75493000000.0,84662000000.0,0.004458,5.335547601778381,2021-04-27,2021-03-31,6.859018356663806,1.5282801399425698,2.7024981524291585,0.7121076626633353,4.6157052033807044
sh601985,2021-01-12,4.83,4.91,4.81,4.89,0.0082469999999999,58988900.0,286070000.0,76115000000.0,85360000000.0,0.00379,5.379549862850246,2021-04-27,2021-03-31,6.91556786899462,1.540880120307786,2.724779030631842,0.7179786691188762,4.653770924192984
sh601985,2021-01-13,4.85,5.35,4.82,5.25,0.07362,221119200.0,1133880000.0,81719000000.0,91644000000.0,0.014206,5.775592323753282,2021-04-27,2021-03-31,7.424675512958562,1.6543160466903317,2.9253707765138763,0.7708345495868122,4.996381539632071
sh601985,2021-01-14,5.19,5.68,5.16,5.41,0.030476,245891800.0,1334560000.0,84209000000.0,94437000000.0,0.015797,5.951609275411986,2021-04-27,2021-03-31,7.650954578775126,1.7047340196989966,3.014526210353552,0.7943269865930096,5.148651263433898
sh601985,2021-01-15,5.37,5.37,5.17,5.2,-0.038817,132533400.0,696250000.0,80940000000.0,90771000000.0,0.008515,5.720585658168319,2021-04-27,2021-03-31,7.35394811429839,1.6385570454599112,2.8975037182460506,0.763491585925369,4.948796067341185
sh601985,2021-01-18,5.18,5.27,5.16,5.22,0.003846,85172200.0,444550000.0,81252000000.0,91120000000.0,0.005472,5.742587030609634,2021-04-27,2021-03-31,7.3822228704637975,1.6448570356425192,2.9086441573473922,0.7664270891531396,4.967829137016179
sh601985,2021-01-19,5.21,5.22,5.08,5.1,-0.022989,81925000.0,420040000.0,79384000000.0,89026000000.0,0.005263,5.61057069736295,2021-04-27,2021-03-31,7.212574333471357,1.6070570945468714,2.8418015227393427,0.7488140697865169,4.853623712985313
sh601985,2021-01-20,5.09,5.14,5.06,5.1,0.0,49283800.0,250990000.0,79384000000.0,89026000000.0,0.003166,5.61057069736295,2021-04-27,2021-03-31,7.212574333471357,1.6070570945468714,2.8418015227393427,0.7488140697865169,4.853623712985313
sh601985,2021-01-21,5.08,5.16,5.06,5.13,0.005882,60790900.0,310770000.0,79851000000.0,89549000000.0,0.0039049999999999,5.643572074204838,2021-04-27,2021-03-31,7.254945959472812,1.6164980540468827,2.858496220876883,0.7532131190361556,4.882172727665092
sh601985,2021-01-22,5.11,5.11,4.97,4.98,-0.02924,67854800.0,340690000.0,77516000000.0,86931000000.0,0.004359,5.478554026755089,2021-04-27,2021-03-31,7.0428447799856055,1.5692391019034222,2.77492696710235,0.7311926392358601,4.739417997108165
sh601985,2021-01-25,4.95,5.07,4.92,5.05,0.014056,63727800.0,318330000.0,78606000000.0,88153000000.0,0.0040939999999999,5.555560582155158,2021-04-27,2021-03-31,7.141846934811184,1.5912980933164507,2.813934464471517,0.7414711061250737,4.806035256475518
sh601985,2021-01-26,5.0,5.11,5.0,5.04,-0.00198,61353700.0,310840000.0,78450000000.0,87978000000.0,0.003942,5.544560572202491,2021-04-27,2021-03-31,7.127669048481826,1.5881390724512463,2.8083482844063745,0.7399991489191716,4.7965193066676965
sh601985,2021-01-27,5.03,5.09,4.99,5.03,-0.001984,54434600.0,274070000.0,78294000000.0,87804000000.0,0.0034969999999999,5.533560164027241,2021-04-27,2021-03-31,7.113572178645777,1.5849981031338427,2.8027940253701753,0.7385356028973031,4.787003012363268
sh601985,2021-01-28,4.98,5.2,4.95,5.09,0.011928,92571100.0,473540000.0,79228000000.0,88851000000.0,0.005947,5.599564469663758,2021-04-27,2021-03-31,7.198396447141998,1.6038980736816668,2.8362153426742003,0.7473421125806147,4.844102384294737
sh601985,2021-01-29,5.11,5.23,5.03,5.15,0.011788,94121700.0,483300000.0,80162000000.0,89898000000.0,0.006047,5.665572135632154,2021-04-27,2021-03-31,7.283220715638219,1.622798044229491,2.8696366599782253,0.7561486222639262,4.901204663200803
sh601985,2021-02-01,5.23,5.32,5.1,5.19,0.007767,110271200.0,573750000.0,80785000000.0,90597000000.0,0.007084,5.7095766344096095,2021-04-27,2021-03-31,7.339851244462343,1.635416076142508,2.8919494592098522,0.7620280399035008,4.939272319819883
sh601985,2021-02-02,5.15,5.19,5.06,5.09,-0.019268,66758300.0,342110000.0,79228000000.0,88851000000.0,0.004289,5.599564511817805,2021-04-27,2021-03-31,7.198396447141998,1.6038980736816668,2.8362153426742003,0.7473421125806147,4.844102420761595
sh601985,2021-02-03,5.08,5.08,4.95,4.95,-0.027505,69878700.0,350550000.0,77049000000.0,86407000000.0,0.004489,5.445548489920257,2021-04-27,2021-03-31,7.00039213749084,1.5597800908556096,2.758200347935866,0.7267851788021876,4.710865383678547
sh601985,2021-02-04,4.92,4.94,4.59,4.72,-0.046465,125632100.0,597740000.0,73469000000.0,82392000000.0,0.008071,5.192521079336112,2021-04-27,2021-03-31,6.675110916848696,1.4873031264339163,2.630037416727023,0.6930142749067766,4.4919750236259235
sh601985,2021-02-05,4.71,4.74,4.63,4.7,-0.0042369999999999,47809900.0,223790000.0,73158000000.0,82043000000.0,0.003072,5.170520367522966,2021-04-27,2021-03-31,6.646836160683289,1.4810031362513083,2.618896977625681,0.690078771679006,4.472942525450821
sh601985,2021-02-08,4.69,4.77,4.66,4.76,0.012766,34039100.0,160990000.0,74092000000.0,83091000000.0,0.002187,5.236527230534764,2021-04-27,2021-03-31,6.73174144567282,1.4999211583469336,2.65235021595865,0.6988936925463514,4.530044109730727
sh601985,2021-02-09,4.77,4.84,4.76,4.83,0.014706,38916500.0,186670000.0,75181000000.0,84313000000.0,0.0025,5.313535599987009,2021-04-27,2021-03-31,6.8307436004983995,1.5219801497599619,2.691357713327817,0.7091721594355648,4.596662938408427
sh601985,2021-02-10,4.82,4.86,4.8,4.82,-0.00207,30718800.0,148120000.0,75026000000.0,84138000000.0,0.001974,5.302536581295036,2021-04-27,2021-03-31,6.816565714169041,1.5188211288947573,2.6857715332626744,0.7077002022296627,4.587147846125922
sh601985,2021-02-18,4.88,4.94,4.84,4.91,0.018672,48144300.0,235100000.0,76426000000.0,85709000000.0,0.003093,5.401545544340977,2021-04-27,2021-03-31,6.943842625160027,1.547180110490394,2.735919469733183,0.7209141723466467,4.672799070708785
sh601985,2021-02-19,4.89,5.03,4.88,5.03,0.02444,48869100.0,243040000.0,78294000000.0,87804000000.0,0.00314,5.533559317444671,2021-04-27,2021-03-31,7.113572178645777,1.5849981031338427,2.8027940253701753,0.7385356028973031,4.787002279996908
sh601985,2021-02-22,5.03,5.26,5.03,5.19,0.031809,105409000.0,545080000.0,80785000000.0,90597000000.0,0.006772,5.709576305773268,2021-04-27,2021-03-31,7.339851244462343,1.635416076142508,2.8919494592098522,0.7620280399035008,4.939272035521329
sh601985,2021-02-23,5.18,5.24,5.09,5.12,-0.013487,63359400.0,326250000.0,79695000000.0,89375000000.0,0.004071,5.632571250137303,2021-04-27,2021-03-31,7.240849089636763,1.6133570847294796,2.8529419618406844,0.7517495730142872,4.872656073578253
sh601985,2021-02-24,5.11,5.22,5.11,5.18,0.011719,70799100.0,365600000.0,80629000000.0,90422000000.0,0.004548,5.698579352617663,2021-04-27,2021-03-31,7.325673358132984,1.6322570552773032,2.8863632791447094,0.7605560826975987,4.929758730104516
sh601985,2021-02-25,5.2,5.32,5.17,5.27,0.017375,81502600.0,428570000.0,82030000000.0,91993000000.0,0.005236,5.797592168869395,2021-04-27,2021-03-31,7.45295026912397,1.66061603687294,2.936511215615218,0.7737700528145827,5.015413288040082
sh601985,2021-02-26,5.2,5.24,5.08,5.17,-0.018975,67629900.0,348660000.0,80473000000.0,90248000000.0,0.004345,5.687582857465098,2021-04-27,2021-03-31,7.311576488296935,1.6291160859598999,2.88080902010851,0.7590925366757302,4.920245820899522
sh601985,2021-03-01,5.17,5.18,5.05,5.11,-0.0116049999999999,64273900.0,328280000.0,79540000000.0,89200000000.0,0.004129,5.621578458404215,2021-04-27,2021-03-31,7.226671203307405,1.610198063864275,2.8473557817755424,0.7502776158083853,4.863146368147983
sh601985,2021-03-02,5.13,5.3,5.1,5.17,0.011742,74116900.0,385330000.0,80473000000.0,90248000000.0,0.004762,5.6875870326627975,2021-04-27,2021-03-31,7.311576488296935,1.6291160859598999,2.88080902010851,0.7590925366757302,4.920249432802776
sh601985,2021-03-03,5.18,5.28,5.13,5.26,0.017408,58846700.0,306680000.0,81874000000.0,91819000000.0,0.003781,5.786596547727392,2021-04-27,2021-03-31,7.43885339928792,1.6574750675555363,2.9309569565790183,0.7723065067927142,5.005901134929007
sh601985,2021-03-04,5.22,5.34,5.18,5.23,-0.005703,65531000.0,344290000.0,81407000000.0,91295000000.0,0.00421,5.7535955876157026,2021-04-27,2021-03-31,7.396400756793155,1.6480160565077238,2.9142303374125342,0.7678990463590416,4.977352480756507
sh601985,2021-03-05,5.23,5.29,5.13,5.22,-0.001912,54908100.0,286030000.0,81252000000.0,91120000000.0,0.003528,5.742594712852181,2021-04-27,2021-03-31,7.3822228704637975,1.6448570356425192,2.9086441573473922,0.7664270891531396,4.967835782813301
sh601985,2021-03-08,5.37,5.58,5.37,5.43,0.04023,178582200.0,977850000.0,84520000000.0,94786000000.0,0.011473,5.973619298150225,2021-04-27,2021-03-31,7.679229334940534,1.7110340098816048,3.025666649454894,0.7972624898207802,5.167691816355879
sh601985,2021-03-09,5.4,5.5,5.2,5.32,-0.020258,128848700.0,689620000.0,82808000000.0,92866000000.0,0.008278,5.852605718408297,2021-04-27,2021-03-31,7.523677667784141,1.6763750381033602,2.9643782738830433,0.7811130164760257,5.063004715540142
sh601985,2021-03-10,5.35,5.42,5.24,5.28,-0.007519,78784700.0,418860000.0,82186000000.0,92168000000.0,0.0050609999999999,5.8085999760115845,2021-04-27,2021-03-31,7.467128155453327,1.6637750577381443,2.9420973956803604,0.7752420100204848,5.024935983083996
sh601985,2021-03-11,5.26,5.36,5.2,5.33,0.00947,75361100.0,398680000.0,82964000000.0,93041000000.0,0.004842,5.863607417784415,2021-04-27,2021-03-31,7.5378555541134995,1.679534058968565,2.969964453948186,0.7825849736819278,5.072522126843801
sh601985,2021-03-12,5.32,5.77,5.27,5.6,0.050657,225113400.0,1249930000.0,87167000000.0,97754000000.0,0.014462,6.16064017874712,2021-04-27,2021-03-31,7.919686287086458,1.7646110037554745,3.120408263359712,0.8222268840328798,5.329480880223328
sh601985,2021-03-15,5.57,5.77,5.5,5.64,0.007143,164077400.0,922650000.0,87789000000.0,98452000000.0,0.010541,6.20464563154391,2021-04-27,2021-03-31,7.97623579941727,1.7772109841206905,3.142689141562395,0.8280978904884208,5.367549362150762
sh601985,2021-03-16,5.67,5.74,5.52,5.66,0.003546,138083600.0,778090000.0,88101000000.0,98801000000.0,0.0088709999999999,6.226647304953365,2021-04-27,2021-03-31,8.004510555582678,1.7835109743032986,3.1538295806637366,0.8310333937161913,5.3865826921889495
sh601985,2021-03-17,5.61,5.61,5.43,5.46,-0.035336,111644100.0,612730000.0,84987000000.0,95310000000.0,0.007173,6.006622495785532,2021-04-27,2021-03-31,7.721681977435299,1.7204930209294174,3.0423932686213777,0.8016699502544529,5.19624240617776
sh601985,2021-03-18,5.46,5.58,5.43,5.48,0.003663,88748800.0,488540000.0,85299000000.0,95659000000.0,0.005702,6.028624753987594,2021-04-27,2021-03-31,7.749956733600707,1.7267930111120253,3.0535337077227194,0.8046054534822232,5.215276242111589
sh601985,2021-03-19,5.43,5.57,5.38,5.49,0.001825,97910900.0,536940000.0,85454000000.0,95834000000.0,0.00629,6.039626994163621,2021-04-27,2021-03-31,7.764134619930065,1.7299520319772301,3.059119887787862,0.8060774106881253,5.224794121253442
sh601985,2021-03-22,5.55,5.73,5.51,5.71,0.040073,143713400.0,814110000.0,88879000000.0,99674000000.0,0.009233,6.281652966700739,2021-04-27,2021-03-31,8.07523795424285,1.799269975533719,3.1816966389315624,0.8383763573776344,5.434167296074431
sh601985,2021-03-23,5.73,5.74,5.5,5.52,-0.033275,109976900.0,613550000.0,85921000000.0,96357000000.0,0.007065,6.072630964233773,2021-04-27,2021-03-31,7.80650624593152,1.7393929914772417,3.0758145859254022,0.8104764599377642,5.253345379297555
sh601985,2021-03-24,5.48,5.69,5.46,5.65,0.023551,108865200.0,608950000.0,87945000000.0,98626000000.0,0.0069939999999999,6.215647496072443,2021-04-27,2021-03-31,7.99033266925332,1.7803519534380938,3.148243400598594,0.8295614365102891,5.377066916325392
sh601985,2021-03-25,5.61,5.62,5.36,5.37,-0.049558,115001300.0,625570000.0,83587000000.0,93739000000.0,0.007388,5.9076124374620855,2021-04-27,2021-03-31,7.594405066444313,1.692134039333781,2.9922453321508686,0.7884559801374688,5.110590234086138
sh601985,2021-03-26,5.37,5.52,5.35,5.48,0.020484,79557200.0,434900000.0,85299000000.0,95659000000.0,0.005111,6.028623970631059,2021-04-27,2021-03-31,7.749956733600707,1.7267930111120253,3.0535337077227194,0.8046054534822232,5.215275564441159
sh601985,2021-03-29,5.44,5.58,5.43,5.5,0.00365,63904400.0,352040000.0,85610000000.0,96008000000.0,0.004106,6.050628448123861,2021-04-27,2021-03-31,7.778231489766113,1.7330930012946333,3.064674146824061,0.8075409567099937,5.2343113202513685
sh601985,2021-03-30,5.47,5.48,5.33,5.39,-0.02,74622600.0,400790000.0,83898000000.0,94088000000.0,0.004794,5.929615879161384,2021-04-27,2021-03-31,7.62267982260972,1.6984340295163887,3.0033857712522103,0.7913914833652391,5.129625093846341
sh601985,2021-03-31,5.38,5.57,5.34,5.5,0.020408,91005400.0,500230000.0,85610000000.0,96008000000.0,0.005847,6.0506274800233095,2021-04-27,2021-03-31,7.778231489766113,1.7330930012946333,3.064674146824061,0.8075409567099937,5.234310482761558
sh601985,2021-04-01,5.48,5.54,5.42,5.45,-0.009091,53354700.0,291310000.0,84832000000.0,95135000000.0,0.003428,5.995621225602418,2021-04-27,2021-03-31,7.70750409110594,1.717334000064213,3.0368070885562353,0.8001979930485507,5.186725366162772
sh601985,2021-04-02,5.49,5.5,5.31,5.32,-0.023853,78850900.0,424190000.0,82808000000.0,92866000000.0,0.0050659999999999,5.852607672508123,2021-04-27,2021-03-31,7.523677667784141,1.6763750381033602,2.9643782738830433,0.7811130164760257,5.063006406003692
sh601985,2021-04-06,5.32,5.36,5.26,5.34,0.003759,42022700.0,223550000.0,83120000000.0,93215000000.0,0.0027,5.874607624749082,2021-04-27,2021-03-31,7.5519524239495475,1.6826750282859684,2.975518712984385,0.7840485197037962,5.08203824708386
sh601985,2021-04-07,5.34,5.44,5.33,5.4,0.011236,53431300.0,288110000.0,84054000000.0,94262000000.0,0.003433,5.940614716020762,2021-04-27,2021-03-31,7.6367766924457685,1.7015749988337925,3.00894003028841,0.7928550293871076,5.139140028828094
sh601985,2021-04-08,5.38,5.39,5.32,5.34,-0.011111,39060200.0,208640000.0,83120000000.0,93215000000.0,0.002509,5.874608545911055,2021-04-27,2021-03-31,7.5519524239495475,1.6826750282859684,2.975518712984385,0.7840485197037962,5.082039043967785
sh601985,2021-04-09,5.31,5.35,5.27,5.28,-0.011236,47049400.0,249600000.0,82186000000.0,92168000000.0,0.003023,5.808601444289199,2021-04-27,2021-03-31,7.467128155453327,1.6637750577381443,2.9420973956803604,0.7752420100204848,5.024937253269763
sh601985,2021-04-12,5.26,5.34,5.24,5.29,0.001894,43388200.0,229930000.0,82341000000.0,92342000000.0,0.002787,5.819602935424682,2021-04-27,2021-03-31,7.481225025289376,1.666916027055548,2.9476516547165597,0.7767055560423531,5.034454484427456
sh601985,2021-04-13,5.27,5.3,5.22,5.25,-0.007561,34585300.0,181370000.0,81719000000.0,91644000000.0,0.002222,5.775600917629936,2021-04-27,2021-03-31,7.424675512958562,1.6543160466903317,2.9253707765138763,0.7708345495868122,4.996388974070699
sh601985,2021-04-14,5.24,5.44,5.23,5.41,0.030476,77900100.0,416750000.0,84209000000.0,94437000000.0,0.005005,5.951618131195626,2021-04-27,2021-03-31,7.650954578775126,1.7047340196989966,3.014526210353552,0.7943269865930096,5.148658924444478
sh601985,2021-04-15,5.36,5.37,5.24,5.26,-0.027726,57257100.0,302140000.0,81874000000.0,91819000000.0,0.003678,5.786603566890095,2021-04-27,2021-03-31,7.43885339928792,1.6574750675555363,2.9309569565790183,0.7723065067927142,5.00590720710533
sh601985,2021-04-16,5.25,5.36,5.23,5.33,0.013308,47721100.0,252780000.0,82964000000.0,93041000000.0,0.003066,5.8636116871582695,2021-04-27,2021-03-31,7.5378555541134995,1.679534058968565,2.969964453948186,0.7825849736819278,5.072525820217487
sh601985,2021-04-19,5.28,5.34,5.28,5.32,-0.001876,40026000.0,212650000.0,82808000000.0,92866000000.0,0.002571,5.852611551633161,2021-04-27,2021-03-31,7.523677667784141,1.6763750381033602,2.9643782738830433,0.7811130164760257,5.06300976177876
sh601985,2021-04-20,5.33,5.34,5.29,5.31,-0.00188,28728900.0,152540000.0,82653000000.0,92691000000.0,0.001846,5.841608641916091,2021-04-27,2021-03-31,7.509499781454783,1.6732160172381556,2.958792093817901,0.7796410592701236,5.0534913034266165
sh601985,2021-04-21,5.29,5.3,5.24,5.24,-0.013183,32613900.0,171370000.0,81563000000.0,91470000000.0,0.002095,5.764598715189711,2021-04-27,2021-03-31,7.4105786431225145,1.6511750773729286,2.9198165174776776,0.7693710035649439,4.986871127573544
sh601985,2021-04-22,5.26,5.28,5.23,5.24,0.0,22237500.0,116830000.0,81563000000.0,91470000000.0,0.001429,5.764598715189711,2021-04-27,2021-03-31,7.4105786431225145,1.6511750773729286,2.9198165174776776,0.7693710035649439,4.986871127573544
sh601985,2021-04-23,5.25,5.27,5.1,5.1,-0.026718,58253300.0,300650000.0,79384000000.0,89026000000.0,0.003742,5.6105801667172726,2021-04-27,2021-03-31,7.212574333471357,1.6070570945468714,2.8418015227393427,0.7488140697865169,4.853631904787034
sh601985,2021-04-26,5.1,5.19,5.08,5.11,0.001961,42750400.0,219540000.0,79540000000.0,89200000000.0,0.002746,5.621582514424206,2021-04-27,2021-03-31,7.226671203307405,1.610198063864275,2.8473557817755424,0.7502776158083853,4.863149876952322
sh601985,2021-04-27,5.15,5.16,5.04,5.07,-0.007828,37842900.0,192440000.0,78917000000.0,88502000000.0,0.002431,5.577576766501294,2021-04-27,2021-03-31,7.1701216909765915,1.5975980834990589,2.8250749035728586,0.7444066093528442,4.8250811397155395
sh601985,2021-04-28,5.1,5.25,5.08,5.24,0.033531,53977100.0,280490000.0,81563000000.0,91470000000.0,0.003468,5.764598493058848,2021-08-27,2021-06-30,6.7211087173000355,1.5551833994013213,2.557907484949809,0.7788947867458675,4.986870935411341
sh601985,2021-04-29,5.23,5.26,5.19,5.23,-0.0019079999999999,32021900.0,167260000.0,81407000000.0,91295000000.0,0.002057,5.753599639134093,2021-08-27,2021-06-30,6.708249921787544,1.5522080293904408,2.5530137076472372,0.7774046086800477,4.977355985666577
sh601985,2021-04-30,5.23,5.24,5.15,5.22,-0.001912,30800600.0,159970000.0,81252000000.0,91120000000.0,0.001979,5.742598756624068,2021-08-27,2021-06-30,6.695391126275054,1.5492326593795605,2.5481199303446656,0.775914430614228,4.967839281021982
sh601985,2021-05-06,5.17,5.27,5.17,5.23,0.001916,33022200.0,172860000.0,81407000000.0,91295000000.0,0.0021219999999999,5.753601575841761,2021-08-27,2021-06-30,6.708249921787544,1.5522080293904408,2.5530137076472372,0.7774046086800477,4.977357661084421
sh601985,2021-05-07,5.23,5.39,5.23,5.36,0.024857,67016400.0,357610000.0,83431000000.0,93564000000.0,0.004305,5.896618850212459,2021-08-27,2021-06-30,6.874973390460922,1.5907858268457988,2.6164650259302933,0.7967258317163042,5.101079840465996
sh601985,2021-05-10,5.35,5.38,5.32,5.37,0.001866,41376500.0,221320000.0,83587000000.0,93739000000.0,0.0026579999999999,5.907621940986954,2021-08-27,2021-06-30,6.887832185973411,1.5937611968566792,2.621358803232865,0.7982160097821238,5.110598455448304
sh601985,2021-05-11,5.36,5.41,5.33,5.34,-0.005587,33106200.0,177350000.0,83120000000.0,93215000000.0,0.002127,5.87461605720266,2021-08-27,2021-06-30,6.849329278267441,1.584852088938386,2.6067054357668793,0.793753990887898,5.082045541877715
sh601985,2021-05-12,5.34,5.35,5.28,5.33,-0.001873,34201200.0,181900000.0,82964000000.0,93041000000.0,0.0021969999999999,5.86361290132752,2021-08-27,2021-06-30,6.836543961586449,1.5818937210418533,2.6018396229060365,0.7922723281253116,5.072526870577778
sh601985,2021-05-13,5.32,5.38,5.29,5.3,-0.005629,33161300.0,176760000.0,82497000000.0,92517000000.0,0.00213,5.830606624305947,2021-08-27,2021-06-30,6.798041053880478,1.57298461312356,2.587186255440051,0.7878103092310857,5.043973616823296
sh601985,2021-05-14,5.33,5.38,5.31,5.35,0.009434,33669300.0,179890000.0,83275000000.0,93390000000.0,0.002163,5.885612567199649,2021-08-27,2021-06-30,6.862188073779931,1.5878274589492662,2.611599213069451,0.7952441689537176,5.0915584639244065
sh601985,2021-05-17,5.34,5.41,5.31,5.37,0.003738,39737500.0,213450000.0,83587000000.0,93739000000.0,0.002553,5.907612986975841,2021-08-27,2021-06-30,6.887832185973411,1.5937611968566792,2.621358803232865,0.7982160097821238,5.110590709462556
sh601985,2021-05-18,5.39,5.41,5.35,5.37,0.0,33053600.0,177830000.0,83587000000.0,93739000000.0,0.002124,5.907612986975841,2021-08-27,2021-06-30,6.887832185973411,1.5937611968566792,2.621358803232865,0.7982160097821238,5.110590709462556
sh601985,2021-05-19,5.39,5.43,5.35,5.39,0.003724,41158300.0,221820000.0,83898000000.0,94088000000.0,0.002644,5.929612937739339,2021-08-27,2021-06-30,6.913476298166892,1.599694934764092,2.6311183933962785,0.8011878506105299,5.129622549264594
sh601985,2021-05-20,5.48,5.64,5.36,5.36,-0.005566,102013000.0,558350000.0,83431000000.0,93564000000.0,0.006554,5.8966087121278825,2021-08-27,2021-06-30,6.874973390460922,1.5907858268457988,2.6164650259302933,0.7967258317163042,5.101071070155388
sh601985,2021-05-21,5.3,5.35,5.21,5.25,-0.020522,67160900.0,353310000.0,81719000000.0,91644000000.0,0.004315,5.775598508137594,2021-08-27,2021-06-30,6.733894033981025,1.558141767297854,2.562773297810651,0.7803764495084539,4.9963868896536585
sh601985,2021-05-24,5.26,5.31,5.18,5.19,-0.011429,58483200.0,305400000.0,80785000000.0,90597000000.0,0.003757,5.70958919278809,2021-08-27,2021-06-30,6.656961697400583,1.5403405535756152,2.5334945273204093,0.7714609270232357,4.939283183891807
sh601985,2021-05-25,5.19,5.27,5.14,5.27,0.0154139999999999,44192500.0,230220000.0,82030000000.0,91993000000.0,0.002839,5.7975968006057235,2021-08-27,2021-06-30,6.759538146174507,1.5640755052052668,2.5725328879740657,0.78334829033686,5.015417294888314
sh601985,2021-05-26,5.26,5.32,5.23,5.26,-0.001898,36864900.0,194040000.0,81874000000.0,91819000000.0,0.002368,5.786592961878174,2021-08-27,2021-06-30,6.7467528294935155,1.561117137308734,2.567667075113223,0.7818666275742735,5.005898032862617
sh601985,2021-05-27,5.24,5.27,5.23,5.24,-0.003802,28349200.0,148660000.0,81563000000.0,91470000000.0,0.001821,5.764592335437113,2021-08-27,2021-06-30,6.7211087173000355,1.5551833994013213,2.557907484949809,0.7788947867458675,4.986865608541673
sh601985,2021-05-28,5.24,5.27,5.2,5.24,0.0,29402500.0,153930000.0,81563000000.0,91470000000.0,0.001889,5.764592335437113,2021-08-27,2021-06-30,6.7211087173000355,1.5551833994013213,2.557907484949809,0.7788947867458675,4.986865608541673
sh601985,2021-05-31,5.25,5.26,5.16,5.21,-0.005725,36978600.0,191960000.0,81096000000.0,90946000000.0,0.002376,5.731590044316736,2021-08-27,2021-06-30,6.682605809594064,1.5462742914830279,2.5432541174838232,0.7744327678516416,4.958315802932772
sh601985,2021-06-01,5.19,5.2,5.14,5.17,-0.007678,37473100.0,193500000.0,80473000000.0,90248000000.0,0.002407,5.6875828959564725,2021-08-27,2021-06-30,6.631317585207102,1.534406815668202,2.5237349371569953,0.7684890861948294,4.920245854197854
sh601985,2021-06-02,5.16,5.18,5.14,5.16,-0.001934,30050400.0,154920000.0,80318000000.0,90073000000.0,0.0019309999999999,5.6765831106356925,2021-08-27,2021-06-30,6.618458789694611,1.5314314456573217,2.5188411598544236,0.7669989081290097,4.9107300987158355
sh601985,2021-06-03,5.17,5.22,5.15,5.19,0.005814,34245500.0,177370000.0,80785000000.0,90597000000.0,0.0022,5.709586764840928,2021-08-27,2021-06-30,6.656961697400583,1.5403405535756152,2.5334945273204093,0.7714609270232357,4.939281083509769
sh601985,2021-06-04,5.21,5.21,5.14,5.16,-0.0057799999999999,24383300.0,125800000.0,80318000000.0,90073000000.0,0.001566,5.6765853533401485,2021-08-27,2021-06-30,6.618458789694611,1.5314314456573217,2.5188411598544236,0.7669989081290097,4.910732038847083
sh601985,2021-06-07,5.16,5.17,5.1,5.11,-0.00969,31294400.0,160240000.0,79540000000.0,89200000000.0,0.00201,5.621579241266283,2021-08-27,2021-06-30,6.554311769795159,1.5165885998316155,2.494428202225024,0.7595650484063778,4.863147045390655
sh601985,2021-06-08,5.11,5.13,5.09,5.11,0.0,23996500.0,122480000.0,79540000000.0,89200000000.0,0.001542,5.621579241266283,2021-08-27,2021-06-30,6.554311769795159,1.5165885998316155,2.494428202225024,0.7595650484063778,4.863147045390655
sh601985,2021-06-09,5.1,5.12,5.08,5.09,-0.003914,29568900.0,150630000.0,79228000000.0,88851000000.0,0.0019,5.599576380115967,2021-08-27,2021-06-30,6.5286676576016776,1.5106548619242024,2.4846686120616104,0.7565932075779717,4.844112687854997
sh601985,2021-06-10,5.09,5.11,5.07,5.08,-0.0019649999999999,23637100.0,120330000.0,79073000000.0,88677000000.0,0.001519,5.58857321252904,2021-08-27,2021-06-30,6.515882340920687,1.5076964940276698,2.4798027992007676,0.7551115448153852,4.834594006423362
sh601985,2021-06-11,5.08,5.12,5.07,5.1,0.0039369999999999,31809100.0,162180000.0,79384000000.0,89026000000.0,0.002044,5.610575425266766,2021-08-27,2021-06-30,6.541526453114169,1.513630231935083,2.4895623893641816,0.7580833856437914,4.853627803026651
sh601985,2021-06-15,5.1,5.11,5.0,5.01,-0.017647,38799200.0,195820000.0,77983000000.0,87455000000.0,0.002493,5.511565600737084,2021-08-27,2021-06-30,6.426091208827754,1.4869199102945507,2.445630251407954,0.7447058442643473,4.7679758331866395
sh601985,2021-06-16,5.0,5.09,4.94,5.02,0.001996,48284100.0,242000000.0,78139000000.0,87629000000.0,0.003102,5.522566685676155,2021-08-27,2021-06-30,6.438876525508744,1.4898782781910833,2.4504960642687967,0.7461875070269336,4.777492712949681
sh601985,2021-06-17,5.01,5.04,4.97,4.98,-0.007968,25731800.0,128630000.0,77516000000.0,86931000000.0,0.001653,5.4785628743246875,2021-08-27,2021-06-30,6.387588301121782,1.4780108023762575,2.4309768839419683,0.7402438253701213,4.739425651012898
sh601985,2021-06-18,4.99,5.0,4.94,4.97,-0.002008,28134700.0,139340000.0,77360000000.0,86756000000.0,0.001808,5.467561920073043,2021-08-27,2021-06-30,6.374729505609292,1.4750354323653772,2.426083106639397,0.7387536473043017,4.729908884305663
sh601985,2021-06-21,4.96,4.97,4.9,4.92,-0.01006,31402500.0,154460000.0,76582000000.0,85884000000.0,0.002017,5.41255824715711,2021-08-27,2021-06-30,6.310655964541338,1.4602095886540185,2.401698113451726,0.731328302884903,4.682326000929549
sh601985,2021-06-22,4.91,4.98,4.91,4.95,0.0060979999999999,23697500.0,117340000.0,77049000000.0,86407000000.0,0.001522,5.445564027348272,2021-08-27,2021-06-30,6.34908539341581,1.469101694457964,2.4163235164759826,0.7357818064758955,4.710878824883217
sh601985,2021-06-23,4.96,5.14,4.96,5.12,0.034343,61138000.0,309810000.0,79695000000.0,89375000000.0,0.003928,5.632581032739494,2021-08-27,2021-06-30,6.5671705653076495,1.5195639698424959,2.4993219795275956,0.7610552264721975,4.872664536366181
sh601985,2021-06-24,5.13,5.18,5.07,5.14,0.003906,46943900.0,241490000.0,80007000000.0,89724000000.0,0.003016,5.654581894253375,2021-08-27,2021-06-30,6.5928146775011305,1.5254977077499088,2.50908156969101,0.7640270673006037,4.891697164045227
sh601985,2021-06-25,5.13,5.13,5.08,5.11,-0.005837,30422500.0,155400000.0,79540000000.0,89200000000.0,0.001954,5.621576099736617,2021-08-27,2021-06-30,6.554311769795159,1.5165885998316155,2.494428202225024,0.7595650484063778,4.863144327698695
sh601985,2021-06-28,5.14,5.19,5.09,5.11,0.0,33253900.0,170770000.0,79540000000.0,89200000000.0,0.002136,5.621576099736617,2021-08-27,2021-06-30,6.554311769795159,1.5165885998316155,2.494428202225024,0.7595650484063778,4.863144327698695
sh601985,2021-06-29,5.1,5.11,5.04,5.07,-0.007828,25991000.0,131730000.0,78917000000.0,88502000000.0,0.0016699999999999,5.57757040202788,2021-08-27,2021-06-30,6.503023545408196,1.5047211240167895,2.474909021898196,0.7536213667495656,4.82507563390147
sh601985,2021-06-30,5.06,5.08,5.03,5.06,-0.001972,17165300.0,86750000.0,78761000000.0,88327000000.0,0.001103,5.566571433195081,2021-08-27,2021-06-30,6.4901647498957065,1.5017457540059092,2.4700152445956247,0.752131188683746,4.815560584751417
sh601985,2021-07-01,5.12,5.15,5.06,5.09,0.005929,36936000.0,188630000.0,79228000000.0,88851000000.0,0.002373,5.599575635222495,2021-08-27,2021-06-30,6.5286676576016776,1.5106548619242024,2.4846686120616104,0.7565932075779717,4.844112043458408
sh601985,2021-07-02,5.1,5.15,5.03,5.04,-0.009823,42448400.0,216100000.0,78450000000.0,87978000000.0,0.002727,5.544571003757705,2021-08-27,2021-06-30,6.464520637702225,1.4958120160984962,2.4602556544322107,0.7491593478553398,4.796528330855517
sh601985,2021-07-05,5.04,5.08,5.0,5.08,0.007937,25077200.0,126460000.0,79073000000.0,88677000000.0,0.001611,5.58857826381453,2021-08-27,2021-06-30,6.515882340920687,1.5076964940276698,2.4798027992007676,0.7551115448153852,4.834598376217517
sh601985,2021-07-06,5.08,5.18,5.04,5.17,0.017717,50741700.0,260810000.0,80473000000.0,90248000000.0,0.00326,5.6875911049145325,2021-08-27,2021-06-30,6.631317585207102,1.534406815668202,2.5237349371569953,0.7684890861948294,4.920252955648963
sh601985,2021-07-07,5.17,5.21,5.12,5.17,0.0,40678900.0,210020000.0,80473000000.0,90248000000.0,0.002613,5.6875911049145325,2021-08-27,2021-06-30,6.631317585207102,1.534406815668202,2.5237349371569953,0.7684890861948294,4.920252955648963
sh601985,2021-07-08,5.15,5.18,4.96,4.99,-0.034816,112670700.0,566250000.0,84871000000.0,87106000000.0,0.006624,5.489571933005828,2021-08-27,2021-06-30,6.400447096634273,1.480986172387138,2.43587066124454,0.7417340034359411,4.748949428745089
sh601985,2021-07-09,4.98,4.98,4.92,4.95,-0.0080159999999999,56498100.0,279410000.0,84191000000.0,86407000000.0,0.003322,5.445567524390854,2021-08-27,2021-06-30,6.34908539341581,1.469101694457964,2.4163235164759826,0.7357818064758955,4.710881850124268
sh601985,2021-07-12,4.99,5.03,4.92,4.96,0.00202,63906700.0,317590000.0,84361000000.0,86582000000.0,0.003757,5.4565675707901224,2021-08-27,2021-06-30,6.361944188928301,1.4720770644688443,2.4212172937785543,0.7372719845417153,4.720397831461519
sh601985,2021-07-13,4.97,4.98,4.92,4.98,0.004032,58907000.0,291990000.0,84701000000.0,86931000000.0,0.003463,5.478568451235549,2021-08-27,2021-06-30,6.387588301121782,1.4780108023762575,2.4309768839419683,0.7402438253701213,4.739430475517972
sh601985,2021-07-14,4.99,5.01,4.92,4.95,-0.006024,57914300.0,287340000.0,84191000000.0,86407000000.0,0.0034049999999999,5.445565554885306,2021-08-27,2021-06-30,6.34908539341581,1.469101694457964,2.4163235164759826,0.7357818064758955,4.7108801463334515
sh601985,2021-07-15,4.95,4.95,4.84,4.91,-0.008081,60094700.0,293020000.0,83511000000.0,85709000000.0,0.0035329999999999,5.401559939636277,2021-08-27,2021-06-30,6.297797169028849,1.4572342186431382,2.3968043361491547,0.7298381248190834,4.672811523870931
sh601985,2021-07-16,4.81,4.83,4.75,4.75,-0.0062759999999999,42972300.0,205530000.0,80789000000.0,82916000000.0,0.002527,5.36765974945512,2021-08-27,2021-06-30,6.092570792649499,1.4097473132694869,2.3186996504001134,0.7060548828886011,4.643484958747117
sh601985,2021-07-19,4.75,4.82,4.7,4.8,0.010526,44009000.0,208970000.0,81640000000.0,83789000000.0,0.002587,5.424159735977885,2021-08-27,2021-06-30,6.156717812548952,1.424590159095193,2.343112608029513,0.7134887426112331,4.69236228142289
sh601985,2021-07-20,4.78,4.89,4.76,4.83,0.00625,62363400.0,301470000.0,82150000000.0,84313000000.0,0.003667,5.458060734327748,2021-08-27,2021-06-30,6.195220720254923,1.4334992670134863,2.3577659754954983,0.7179507615054588,4.721689545681783
sh601985,2021-07-21,4.84,4.85,4.77,4.81,-0.004141,43412200.0,208520000.0,81810000000.0,83963000000.0,0.002552,5.435458904826897,2021-08-27,2021-06-30,6.169503129229942,1.4275485269917254,2.3479784208903554,0.7149704053738194,4.702137029273115
sh601985,2021-07-22,4.81,4.88,4.8,4.86,0.010395,44253900.0,214830000.0,82660000000.0,84836000000.0,0.002602,5.4919605001425715,2021-08-27,2021-06-30,6.233650149129396,1.442391372817432,2.372391378519755,0.7224042650964515,4.751015743692409
sh601985,2021-07-23,4.83,4.86,4.81,4.83,-0.006173,36068400.0,174330000.0,82150000000.0,84313000000.0,0.002121,5.458058627975191,2021-08-27,2021-06-30,6.195220720254923,1.4334992670134863,2.3577659754954983,0.7179507615054588,4.721687723506595
sh601985,2021-07-26,4.83,4.88,4.8,4.84,0.00207,48171700.0,233060000.0,82320000000.0,84487000000.0,0.002832,5.469356809335101,2021-08-27,2021-06-30,6.208006036935914,1.4364576349100189,2.362631788356341,0.7194324242680452,4.731461617094254
sh601985,2021-07-27,4.85,4.85,4.74,4.75,-0.018595,56946400.0,272790000.0,80789000000.0,82916000000.0,0.003348,5.367654119465514,2021-08-27,2021-06-30,6.092570792649499,1.4097473132694869,2.3186996504001134,0.7060548828886011,4.643480088324386
sh601985,2021-07-28,4.73,4.76,4.62,4.64,-0.023158,42257500.0,197190000.0,78918000000.0,80996000000.0,0.002485,5.243349985366931,2021-08-27,2021-06-30,5.951491436169604,1.3771032537215417,2.2650079222804713,0.6897055006807509,4.535946376438971
sh601985,2021-07-29,4.67,4.71,4.63,4.69,0.010776,35896500.0,167630000.0,79769000000.0,81869000000.0,0.002111,5.299852324809245,2021-08-27,2021-06-30,6.015638456069057,1.3919460995472481,2.2894208799098714,0.6971393604033828,4.584825734591476
sh601985,2021-07-30,4.68,4.82,4.66,4.8,0.023454,40976500.0,194940000.0,81640000000.0,83789000000.0,0.002409,5.4241550612353215,2021-08-27,2021-06-30,6.156717812548952,1.424590159095193,2.343112608029513,0.7134887426112331,4.692358237370585
sh601985,2021-08-02,4.79,4.94,4.73,4.91,0.022917,94205600.0,459770000.0,83511000000.0,85709000000.0,0.005539,5.548460422773652,2021-08-27,2021-06-30,6.297797169028849,1.4572342186431382,2.3968043361491547,0.7298381248190834,4.799893011096406
sh601985,2021-08-03,4.9,4.95,4.88,4.93,0.0040729999999999,80930900.0,397650000.0,83851000000.0,86058000000.0,0.004758,5.571059302075609,2021-08-27,2021-06-30,6.32344128122233,1.463167956550551,2.4065639263125687,0.7328099656474895,4.8194429753306025
sh601985,2021-08-04,4.92,4.94,4.89,4.91,-0.004057,47635900.0,234290000.0,83511000000.0,85709000000.0,0.002801,5.5484575144870885,2021-08-27,2021-06-30,6.297797169028849,1.4572342186431382,2.3968043361491547,0.7298381248190834,4.799890495179686
sh601985,2021-08-05,4.9,5.04,4.9,4.98,0.0142569999999999,73366800.0,366160000.0,84701000000.0,86931000000.0,0.004314,5.627561873271131,2021-08-27,2021-06-30,6.387588301121782,1.4780108023762575,2.4309768839419683,0.7402438253701213,4.868322533969463
sh601985,2021-08-06,5.0,5.05,4.95,5.02,0.008032,62775000.0,314270000.0,85381000000.0,87629000000.0,0.003691,5.672762450237245,2021-08-27,2021-06-30,6.438876525508744,1.4898782781910833,2.4504960642687967,0.7461875070269336,4.907424900562306
sh601985,2021-08-09,5.02,5.13,4.96,5.09,0.013944,94727100.0,480500000.0,86572000000.0,88851000000.0,0.005569,5.751863449843353,2021-08-27,2021-06-30,6.5286676576016776,1.5106548619242024,2.4846686120616104,0.7565932075779717,4.9758540333757475
sh601985,2021-08-10,5.09,5.15,5.06,5.14,0.009823,77145600.0,394660000.0,87422000000.0,89724000000.0,0.004536,5.808364004511164,2021-08-27,2021-06-30,6.5928146775011305,1.5254977077499088,2.50908156969101,0.7640270673006037,5.024731847545596
sh601985,2021-08-11,5.14,5.18,5.07,5.11,-0.005837,75301500.0,384830000.0,86912000000.0,89200000000.0,0.004427,5.774460583816833,2021-08-27,2021-06-30,6.554311769795159,1.5165885998316155,2.494428202225024,0.7595650484063778,4.995402487751473
sh601985,2021-08-12,5.14,5.15,5.09,5.11,0.0,54112900.0,276750000.0,86912000000.0,89200000000.0,0.003182,5.774460583816833,2021-08-27,2021-06-30,6.554311769795159,1.5165885998316155,2.494428202225024,0.7595650484063778,4.995402487751473
sh601985,2021-08-13,5.08,5.14,5.04,5.09,-0.003914,62622100.0,318460000.0,86572000000.0,88851000000.0,0.003682,5.751859345091773,2021-08-27,2021-06-30,6.5286676576016776,1.5106548619242024,2.4846686120616104,0.7565932075779717,4.9758504824144145
sh601985,2021-08-16,5.09,5.14,5.05,5.07,-0.003929,44654700.0,226930000.0,86232000000.0,88502000000.0,0.002625,5.729260289724909,2021-08-27,2021-06-30,6.503023545408196,1.5047211240167895,2.474909021898196,0.7536213667495656,4.956300365869009
sh601985,2021-08-17,5.05,5.13,4.97,4.99,-0.0157789999999999,74077700.0,373820000.0,84871000000.0,87106000000.0,0.0043549999999999,5.63885829161334,2021-08-27,2021-06-30,6.400447096634273,1.480986172387138,2.43587066124454,0.7417340034359411,4.878094902395962
sh601985,2021-08-18,5.0,5.15,4.99,5.14,0.03006,98282700.0,500130000.0,87422000000.0,89724000000.0,0.005779,5.8083623718592365,2021-08-27,2021-06-30,6.5928146775011305,1.5254977077499088,2.50908156969101,0.7640270673006037,5.024730435161985
sh601985,2021-08-19,5.13,5.13,5.06,5.1,-0.0077819999999999,68162600.0,347180000.0,86742000000.0,89026000000.0,0.0040079999999999,5.763161695881428,2021-08-27,2021-06-30,6.541526453114169,1.513630231935083,2.4895623893641816,0.7580833856437914,4.985627982915553
sh601985,2021-08-20,5.1,5.15,5.06,5.15,0.009804,90344600.0,462390000.0,87593000000.0,89898000000.0,0.005312,5.819663733147849,2021-08-27,2021-06-30,6.605599994182121,1.5284560756464414,2.5139473825518523,0.7655087300631901,5.034507079660058
sh601985,2021-08-23,5.17,5.22,5.11,5.12,-0.005825,88170400.0,453430000.0,87082000000.0,89375000000.0,0.005184,5.785764191902263,2021-08-27,2021-06-30,6.5671705653076495,1.5195639698424959,2.4993219795275956,0.7610552264721975,5.005181075921038
sh601985,2021-08-24,5.11,5.33,5.08,5.25,0.025391,158715100.0,831190000.0,89293000000.0,91644000000.0,0.009332,5.932670530498853,2021-08-27,2021-06-30,6.733894033981025,1.558141767297854,2.562773297810651,0.7803764495084539,5.132267628619749
sh601985,2021-08-25,5.23,5.32,5.16,5.31,0.011429,117109200.0,614550000.0,90314000000.0,92691000000.0,0.006885,6.000475021991924,2021-08-27,2021-06-30,6.810826370561469,1.5759429810200927,2.5920520683008936,0.7892919719936722,5.190924315347243
sh601985,2021-08-26,5.26,5.37,5.26,5.28,-0.00565,85456300.0,455220000.0,89804000000.0,92168000000.0,0.005024,5.966572338117669,2021-08-27,2021-06-30,6.772396941686997,1.5670508752161472,2.577426665276637,0.7848384684026797,5.161595592965531
sh601985,2021-08-27,5.33,5.41,5.28,5.29,0.001894,95630800.0,510190000.0,89974000000.0,92342000000.0,0.0056229999999999,5.977873026126064,2021-08-27,2021-06-30,6.785182258367988,1.5700092431126798,2.5822924781374796,0.7863201311652661,5.171371655018608
sh601985,2021-08-30,5.31,5.35,5.19,5.23,-0.011342,113914600.0,596550000.0,88953000000.0,91295000000.0,0.006698,5.910071990263742,2021-10-29,2021-09-30,6.646953814007846,1.4855363621834312,2.4790777862454907,0.747286916701427,5.112717957707387
sh601985,2021-08-31,5.27,5.54,5.25,5.48,0.0478009999999999,200990000.0,1096630000.0,93205000000.0,95659000000.0,0.011817,6.192579341470339,2021-10-29,2021-09-30,6.9646854142524415,1.5565466112065816,2.597580392731885,0.7830080416752485,5.357110988803758
sh601985,2021-09-01,5.5,5.68,5.5,5.57,0.016423,188933500.0,1058190000.0,94736000000.0,97230000000.0,0.011108,6.294280071995307,2021-10-29,2021-09-30,7.079065878043516,1.5821096499818719,2.6402402448836084,0.7958673192494632,5.445090822572882
sh601985,2021-09-02,5.6,5.75,5.54,5.71,0.025135,195906300.0,1107030000.0,97117000000.0,99674000000.0,0.011518,6.452486801604909,2021-10-29,2021-09-30,7.2570072233684,1.6218779929270093,2.7066060492494994,0.815872458900247,5.581953180398251
sh601985,2021-09-03,5.73,5.92,5.65,5.68,-0.005254,236240800.0,1365970000.0,96607000000.0,99150000000.0,0.01389,6.418585435949277,2021-10-29,2021-09-30,7.218856132963229,1.6133515560598848,2.692377047004112,0.8115833045725012,5.552625598388438
sh601985,2021-09-06,5.68,5.95,5.65,5.9,0.038732,223685300.0,1305420000.0,100349000000.0,102991000000.0,0.013152,6.667190087054465,2021-10-29,2021-09-30,7.498509450227089,1.675851640041993,2.7966778058295567,0.8430234606275993,5.76768989306522
sh601985,2021-09-07,5.85,5.91,5.8,5.89,-0.001695,137884000.0,808160000.0,100179000000.0,102816000000.0,0.008107,6.655889199856907,2021-10-29,2021-09-30,7.485768150950554,1.6730040704775908,2.7919257535529485,0.8415910140486765,5.7579136586964745
sh601985,2021-09-08,5.9,6.48,5.9,6.48,0.10017,324467400.0,2061630000.0,110214000000.0,113115000000.0,0.019077,7.322609621006573,2021-10-29,2021-09-30,8.235611815230818,1.8405876072991818,3.0715908186774596,0.9258925415705341,6.3346838698881
sh601985,2021-09-09,6.49,7.13,6.36,7.03,0.084877,722575900.0,4895600000.0,119568000000.0,122716000000.0,0.042484,7.944130757808749,2021-10-29,2021-09-30,8.934635897253814,1.9968134095153287,3.3323019838644146,1.004480653594746,6.872352832712593
sh601985,2021-09-10,6.95,7.33,6.86,6.91,-0.01707,407331500.0,2863800000.0,117527000000.0,120621000000.0,0.023949,7.808524445772954,2021-10-29,2021-09-30,8.782104343057565,1.9627239338729134,3.275413129467302,0.9873322216927851,6.755041769858189
sh601985,2021-09-13,6.95,7.42,6.95,7.22,0.044863,401961600.0,2897340000.0,122800000000.0,126032000000.0,0.023633,8.158838277983666,2021-10-29,2021-09-30,9.176065316688065,2.05077078480423,3.4223465858600326,1.031623469913076,7.058093208779337
sh601985,2021-09-14,7.18,7.18,6.69,6.78,-0.0609419999999999,356789700.0,2464910000.0,115316000000.0,118352000000.0,0.020977,7.661622355646785,2021-10-29,2021-09-30,8.616904297009219,1.9258031604921786,3.2137993773780202,0.9687595286209244,6.627958892449907
sh601985,2021-09-15,6.78,6.92,6.64,6.7,-0.0117989999999999,232860600.0,1570510000.0,113955000000.0,116955000000.0,0.013691,7.571222873472509,2021-10-29,2021-09-30,8.515192325070242,1.9030714194552076,3.1758644229184663,0.9573245122166099,6.54975560547789
sh601985,2021-09-16,6.86,7.0,6.54,6.62,-0.01194,227601900.0,1535810000.0,112595000000.0,115558999999.99995,0.013382,7.480822472363248,2021-10-29,2021-09-30,8.413553160555699,1.8803559502443186,3.1379566230433498,0.9458976812213175,6.471551523548485
sh601985,2021-09-17,6.57,7.05,6.55,6.9,0.042296,351247400.0,2406340000.0,117357000000.0,120447000000.0,0.020652,7.797231339654323,2021-10-29,2021-09-30,8.769435851205468,1.9598926361345939,3.2706882317751322,0.9859079605228851,6.745272266788491
sh601985,2021-09-22,6.88,7.59,6.87,7.59,0.1,499444600.0,3707010000.0,129093000000.0,132491000000.0,0.029365,8.576954473619756,2021-10-29,2021-09-30,9.646328471128905,2.1558705094697954,3.597738046743538,1.0844930267888577,7.41979949346734
sh601985,2021-09-23,7.79,8.31,7.77,7.87,0.036891,629779200.0,5039800000.0,133855000000.0,137379000000.0,0.037028,8.893366901106063,2021-10-29,2021-09-30,10.002211161778673,2.2354071953600703,3.73046965547532,1.124503306090425,7.693523316580844
sh601985,2021-09-24,7.72,7.96,7.49,7.61,-0.033037,347811700.0,2672480000.0,129433000000.0,132840000000.0,0.02045,8.599556738794222,2021-10-29,2021-09-30,9.671738262257543,2.1615493767725176,3.6072149967123175,1.0873497345376808,7.439352386770963
sh601985,2021-09-27,7.87,8.0,7.16,7.39,-0.0289089999999999,412510600.0,3104460000.0,125691000000.0,129000000000.0,0.0242539999999999,8.350952153032422,2021-10-29,2021-09-30,9.392157752418118,2.0990655646164917,3.5029413924713104,1.055917763891605,7.2242881486218025
sh601985,2021-09-28,7.23,7.8,7.2,7.7,0.041949,425023100.0,3242980000.0,130964000000.0,134410999999.99995,0.0249889999999999,8.70126624489998,2021-10-29,2021-09-30,9.786118726048615,2.187112415547807,3.64987484886404,1.100209012111895,7.527339812168339
sh601985,2021-09-29,7.5,7.55,7.09,7.28,-0.054545,366050500.0,2674110000.0,123820000000.0,127080000000.0,0.021522,8.22665567757191,2021-10-29,2021-09-30,9.252367497498408,2.067823658538479,3.450804590350808,1.0402017785685673,7.116761062113619
sh601985,2021-09-30,7.2,7.37,6.8,7.21,-0.009615,369209500.0,2622040000.0,122630000000.0,125858000000.0,0.021708,8.147556383232057,2021-10-29,2021-09-30,9.163396824835967,2.0479394870659107,3.4176216881678627,1.0301992087431755,7.048333404501396
sh601985,2021-10-08,7.3,7.35,6.84,7.12,-0.012483,321349800.0,2266010000.0,121099000000.0,124286999999.99995,0.018894,8.04585043690017,2021-10-29,2021-09-30,9.049016361044886,2.022376448290619,3.3749618360161366,1.0173399311689604,6.960349058613005
sh601985,2021-10-11,7.15,7.23,6.72,6.91,-0.029494,224471600.0,1548780000.0,117527000000.0,120621000000.0,0.013198,7.808546124114237,2021-10-29,2021-09-30,8.782104343057565,1.9627239338729134,3.275413129467302,0.9873322216927851,6.755060523478273
sh601985,2021-10-12,6.82,6.95,6.43,6.59,-0.04631,300388500.0,1987320000.0,112484999999.99995,115435999999.99995,0.017598,7.446932353106507,2021-10-29,2021-09-30,8.404597847349903,1.8783545156361956,3.1346166091575043,0.9448908759115603,6.442233670635995
sh601985,2021-10-13,6.58,6.59,6.12,6.27,-0.048558,251564500.0,1582170000.0,107023000000.0,109830000000.0,0.014738,7.085324211904361,2021-10-29,2021-09-30,7.996439425954123,1.7871346586188315,2.9823880087994112,0.8990034729318991,6.129411688057251
sh601985,2021-10-14,6.25,6.44,6.16,6.29,0.0031899999999999,197695000.0,1249900000.0,107364000000.0,110180000000.0,0.0115819999999999,7.107926396140335,2021-10-29,2021-09-30,8.021922024507196,1.7928297977476362,2.991892113352628,0.9018683660897446,6.148964511342153
sh601985,2021-10-15,6.34,6.49,6.26,6.34,0.007949,255420500.0,1626140000.0,108218000000.0,111056000000.0,0.0149639999999999,7.164427303063254,2021-10-29,2021-09-30,8.085701328314316,1.8070839173957296,3.0156795293201077,0.9090387843933807,6.197842630242811
sh601985,2021-10-18,6.41,6.62,6.29,6.58,0.037855,236939100.0,1536820000.0,112314000000.0,115259999999.99995,0.013881,7.435636698620714,2021-10-29,2021-09-30,8.391783740648929,1.8754906742457111,3.129837402296458,0.9434502439236151,6.432461963010653
sh601985,2021-10-19,6.48,6.57,6.35,6.51,-0.010638,189079600.0,1222000000.0,111119000000.0,114033999999.99995,0.011077,7.356536395420786,2021-10-29,2021-09-30,8.30252183828874,1.8555414154688135,3.0965458817757625,0.9334149324621338,6.364033432648145
sh601985,2021-10-20,6.43,6.72,6.41,6.63,0.018433,211956600.0,1405100000.0,113168000000.0,116135999999.99995,0.012418,7.492139430797577,2021-10-29,2021-09-30,8.455563044456047,1.8897447938938043,3.1536248182639377,0.9506206622272512,6.481341660912149
sh601985,2021-10-21,6.63,6.8,6.55,6.66,0.004525,173003200.0,1154130000.0,113680000000.0,116661999999.99995,0.010135,7.526041361721935,2021-10-29,2021-09-30,8.493859749710094,1.8983037744130937,3.1679081296782012,0.9549261873730418,6.510669731927775
sh601985,2021-10-22,6.66,6.67,6.43,6.47,-0.028529,164724500.0,1072640000.0,110436999999.99995,113333999999.99995,0.00965,7.31133092771337,2021-10-29,2021-09-30,8.251556641182594,1.8441511372112045,3.0775376726693286,0.9276851461464428,6.324926835145607
sh601985,2021-10-25,6.51,6.88,6.46,6.8,0.051005,228325200.0,1542780000.0,116069000000.0,119114000000.0,0.013377,7.6842453616813895,2021-10-29,2021-09-30,8.67238355443048,1.93820229196689,3.234491170719595,0.9749968102960052,6.647529728372209
sh601985,2021-10-26,6.82,7.15,6.77,6.93,0.019118,210047500.0,1463200000.0,118288000000.0,121391000000.0,0.012306,7.831152764506014,2021-10-29,2021-09-30,8.838166059874325,1.9752532399562834,3.2963221594843795,0.9936349866400453,6.774617201719228
sh601985,2021-10-27,6.92,7.23,6.86,7.1,0.024531,208926300.0,1487760000.0,121190000000.0,124369000000.0,0.01224,8.023258772972113,2021-10-29,2021-09-30,9.054986569848753,2.0237107380293677,3.3771885119400347,1.0180111347087988,6.940805336294604
sh601985,2021-10-28,7.1,7.28,6.83,7.01,-0.012676,223422200.0,1580090000.0,119654000000.0,122793000000.0,0.0130889999999999,7.9215559447659185,2021-10-29,2021-09-30,8.94024206893549,1.9980663401236658,3.3343928868661212,1.0051109300894718,6.852823687851734
sh601985,2021-10-29,6.91,7.06,6.53,6.85,-0.022825,239076900.0,1606690000.0,116923000000.0,119990000000.0,0.014006,7.740746430326637,2021-10-29,2021-09-30,8.736162858237599,1.9524564116149834,3.2582785866870747,0.9821672285996411,6.696407987176518
sh601985,2021-11-01,6.74,6.99,6.68,6.76,-0.0131389999999999,172905700.0,1179870000.0,115386999999.99995,118413000000.0,0.01013,7.639040762978576,2022-04-28,2022-12-31,7.254495767009992,1.661106851855407,2.535735302321674,0.8007942573118358,6.608423882633007
sh601985,2021-11-02,6.74,7.25,6.73,6.95,0.028107,302347500.0,2123420000.0,118630000000.0,121742000000.0,0.017713,7.853751281703615,2022-04-28,2022-12-31,7.458444796325829,1.7078063249692264,2.6070236137522507,0.8233073604558412,6.7941668527021735
sh601985,2021-11-03,7.0,7.44,6.88,7.19,0.034532,289697400.0,2089620000.0,122726000000.0,125946000000.0,0.016972,8.124957020963404,2022-04-28,2022-12-31,7.71600013403799,1.7667803667146438,2.697049465736073,0.8517378457719716,7.028783022459685
sh601985,2021-11-04,7.36,7.4,7.05,7.17,-0.002782,225914800.0,1616710000.0,122384999999.99995,125595000000.0,0.013235,8.102353390531084,2022-04-28,2022-12-31,7.694496346327009,1.7618565111835685,2.6895330351827136,0.8493641301806393,7.009228948091201
sh601985,2021-11-05,7.09,7.11,6.61,6.66,-0.07113,270433800.0,1850250000.0,113680000000.0,116661999999.99995,0.015844,7.526032993862608,2022-04-28,2022-12-31,7.147221885864893,1.6365436865137732,2.4982388068831214,0.7889527302451029,6.510662493013474
sh601985,2021-11-08,6.66,6.66,6.33,6.55,-0.016517,192801000.0,1254440000.0,111802000000.0,114734999999.99995,0.011295,7.401725506902979,2022-04-28,2022-12-31,7.029165478688076,1.6095115793673844,2.4569733890018597,0.7759209640214626,6.40312588061637
sh601985,2021-11-09,6.64,6.79,6.49,6.63,0.012214,158762100.0,1052640000.0,113168000000.0,116135999999.99995,0.009301,7.492130182244292,2022-04-28,2022-12-31,7.114996836474645,1.6291649172563782,2.486974868219113,0.7853955382193454,6.4813336601222185
sh601985,2021-11-10,6.54,6.58,6.35,6.44,-0.028658,149976400.0,963280000.0,109924000000.0,112808000000.0,0.008787,7.277420715481536,2022-04-28,2022-12-31,6.911109071511264,1.582479472220996,2.4157079711205984,0.7628891977978228,6.295591600090437
sh601985,2021-11-11,6.45,6.57,6.41,6.51,0.01087,112509300.0,732160000.0,111119000000.0,114033999999.99995,0.006591,7.356526278658819,2022-04-28,2022-12-31,6.986219167618566,1.5996778963836695,2.4419619422272025,0.7711802955612801,6.364024680783419
sh601985,2021-11-12,6.49,6.54,6.39,6.48,-0.004608,111188500.0,718350000.0,110607000000.0,113508999999.99995,0.006514,7.3226274055667595,2022-04-28,2022-12-31,6.954055382580771,1.59231315520471,2.430719417895255,0.767629866258005,6.334699255054369
sh601985,2021-11-15,6.5,6.51,6.27,6.32,-0.024691,131675500.0,835200000.0,107876000000.0,110706000000.0,0.007714,7.14182441229591,2022-04-28,2022-12-31,6.782331402655184,1.5529924513482871,2.370695045128688,0.7486739551397577,6.178289195747821
sh601985,2021-11-16,6.29,6.31,6.14,6.16,-0.0253159999999999,152991000.0,949610000.0,105145000000.0,107903000000.0,0.0089629999999999,6.961021985474227,2022-04-28,2022-12-31,6.610607422729593,1.513671747491863,2.3106706723621193,0.7297180440215096,6.02187962646827
sh601985,2021-11-17,6.19,6.25,6.12,6.18,0.003247,92550100.0,572000000.0,105485999999.99995,108254000000.0,0.005422,6.9836244238610625,2022-04-28,2022-12-31,6.6321112104405735,1.5185956030229386,2.3181871029154784,0.7320917596128422,6.041432669615412
sh601985,2021-11-18,6.2,6.27,6.14,6.23,0.008091,90857400.0,564730000.0,106340000000.0,109129000000.0,0.005323,7.040128929074522,2022-04-28,2022-12-31,6.685717518836897,1.5308701716545374,2.336924643468724,0.7380091417849673,6.0903139013452705
sh601985,2021-11-19,6.22,6.53,6.16,6.51,0.0449438202247189,168452665.0,1075461214.0,111119266166.99995,114034191533.43,0.0098689173082001,7.356539218021691,2022-04-28,2022-12-31,6.9862309017901305,1.5996805832296488,2.441966043787674,0.7711815908487136,6.36403587443944
sh601985,2021-11-22,6.6,6.75,6.51,6.62,0.0168970814132105,161016337.0,1067792860.0,112996857454.0,115961036551.66,0.009433254826347,7.48084326010808,2022-04-28,2022-12-31,7.104277814109165,1.6267105162796123,2.4832281428378495,0.7842123089736535,6.471569506726436
sh601985,2021-11-23,6.66,6.96,6.66,6.84,0.0332326283987916,182894487.0,1250980125.0,116752040028.00005,119814726588.12,0.0107150015604008,7.729451344280857,2022-04-28,2022-12-31,7.340371638747234,1.680770382379539,2.565752340938201,0.8102737452235331,6.686636771300427
sh601985,2021-11-24,6.82,6.83,6.62,6.77,-0.010233918128655,142240847.0,956519886.0,115557209209.0,118588552485.61,0.008333279600482,7.650348772044064,2022-04-28,2022-12-31,7.265250876362393,1.6635695158931987,2.5394946415426345,0.8019814700531168,6.618206278026884
sh601985,2021-11-25,6.78,7.03,6.75,6.88,0.0162481536189069,162969387.0,1124598627.0,117434800496.0,120515397503.84,0.0095476756278748,7.774652814130453,2022-04-28,2022-12-31,7.3832977886814275,1.690599448943162,2.5807567405928102,0.8150121881780568,6.72573991031388
sh601985,2021-11-26,6.84,6.84,6.64,6.69,-0.0276162790697673,115663266.0,776747852.0,114191688272.99995,117187210654.17,0.0067762134113482,7.559945832344876,2022-04-28,2022-12-31,7.179398576494005,1.6439113827659526,2.509485842233416,0.7925045841440698,6.539999999999981
sh601985,2021-11-29,6.56,6.94,6.46,6.85,0.0239162929745888,164052134.0,1108877509.0,116922730145.0,119989894317.05,0.0096111091188718,7.740751711743258,2022-04-28,2022-12-31,7.351103176230782,1.6832276490204447,2.5695034408518533,0.8114583559621641,6.696412556053792
sh601985,2021-11-30,6.86,7.0,6.8,6.83,-0.002919708029197,142846754.0,983648812.0,116581349911.0,119639558859.19,0.0083687770862562,7.7181509768184595,2022-04-28,2022-12-31,7.329640101263685,1.6783131157386333,2.5620012410245487,0.8090891344849023,6.676860986547065
sh601985,2021-12-01,6.8,7.14,6.73,7.1,0.0395314787701317,196008047.0,1372665538.0,121189983070.0,124369087540.3,0.011483268653451,8.02326089830323,2022-04-28,2022-12-31,7.619391613319497,1.7446593150430887,2.6632809386931617,0.8410736244279364,6.940807174887872
sh601985,2021-12-02,7.07,7.11,6.97,7.03,-0.0098591549295773,106343043.0,748390352.0,119995152251.0,123142913437.79,0.0062301816220559,7.944158326066439,2022-04-28,2022-12-31,7.544270850934657,1.7274584485567486,2.6370232392975956,0.8327813492575202,6.8723766816143295
sh601985,2021-12-03,7.04,7.26,6.95,7.2,0.0241820768136558,169566170.0,1213460727.0,122896884240.0,126120764829.6,0.0099341527781599,8.136264572927221,2022-04-28,2022-12-31,7.726706988154983,1.7692319814521464,2.700791937829685,0.8529197318142455,7.038565022421505
sh601985,2021-12-06,7.21,7.42,7.03,7.07,-0.0180555555555554,163214996.0,1173631186.0,120677912719.0,123843584353.51,0.009562064803084,7.9893597959160365,2022-04-28,2022-12-31,7.587197000868851,1.7372875151203715,2.652027638952205,0.8375197922120439,6.911479820627784
sh601985,2021-12-07,7.1,7.16,6.95,7.13,0.0084865629420083,129326305.0,915013197.0,121702053421.0,124894590727.09,0.0075766721162889,8.057162000690429,2022-04-28,2022-12-31,7.651586225770143,1.7520311149658059,2.674534238434119,0.8446274566438292,6.970134529147963
sh601985,2021-12-08,7.1,7.16,7.0,7.08,-0.0070126227208976,112128761.0,790999367.0,120848602836.0,124018752082.44,0.0065691419615114,8.000660163378434,2022-04-28,2022-12-31,7.5979285383524,1.7397447817612772,2.655778738865857,0.8387044029506747,6.9212556053811465
sh601985,2021-12-09,7.05,7.14,6.93,7.08,0.0,125692415.0,886076455.0,120848602836.0,124018752082.44,0.0073637781266504,8.000660163378434,2022-04-28,2022-12-31,7.5979285383524,1.7397447817612772,2.655778738865857,0.8387044029506747,6.9212556053811465
sh601985,2021-12-10,7.01,7.15,6.88,6.9,-0.0254237288135592,136400121.0,951575589.0,117776180730.00005,120865732961.7,0.007991096578837,7.797253549055254,2022-04-28,2022-12-31,7.404760863648526,1.6955139822249736,2.5882589404201153,0.8173814096553186,6.745291479820609
sh601985,2021-12-13,6.89,7.27,6.88,7.21,0.0449275362318839,203008391.0,1456885057.0,123067574357.0,126295932558.53,0.0118933887074434,8.14756494038962,2022-04-28,2022-12-31,7.737438525638531,1.771689248093052,2.7045430377433375,0.8541043425528764,7.048340807174868
sh601985,2021-12-14,7.21,7.22,7.08,7.2,-0.001386962552011,110126370.0,787181083.0,122896884240.0,126120764829.6,0.0064518304829564,8.136264572927223,2022-04-28,2022-12-31,7.726706988154983,1.7692319814521464,2.700791937829685,0.8529197318142455,7.038565022421507
sh601985,2021-12-15,7.16,7.41,7.1,7.27,0.0097222222222221,147046725.0,1067674072.0,124091715059.0,127346938932.11,0.0086148353275778,8.215367145164015,2022-04-28,2022-12-31,7.801827750539823,1.7864328479384866,2.7270496372252517,0.8612120069846617,7.106995515695049
sh601985,2021-12-16,7.3,7.57,7.25,7.49,0.030261348005502,167558463.0,1251362372.0,127846897633.0,131200628968.57,0.0098165298580233,8.463975229336791,2022-04-28,2022-12-31,8.037921575177892,1.8404927140384133,2.8095738353256032,0.8872734432345415,7.322062780269039
sh601985,2021-12-17,7.58,7.9,7.46,7.58,0.0120160213618156,234111316.0,1792328911.0,129383108686.0,132777138528.94,0.0137155753428887,8.56567853649838,2022-04-28,2022-12-31,8.13450541252983,1.862608113806565,2.8433337345484744,0.8979349398822195,7.410044843049307
sh601985,2021-12-20,7.53,7.62,7.23,7.33,-0.0329815303430078,160674381.0,1188768387.0,125115855761.0,128397945305.69,0.0094132210946929,8.28316934993841,2022-04-28,2022-12-31,7.866216975441114,1.8011764477839212,2.749556236707166,0.8683196714164472,7.165650224215228
sh601985,2021-12-21,7.35,7.89,7.26,7.74,0.0559345156889494,221790448.0,1680517419.0,132114150558.0,135579822191.82,0.0129937486656008,8.746484415896765,2022-04-28,2022-12-31,8.306210012266607,1.9019243800610572,2.9033513331669116,0.9168887117003139,7.56645739910312
sh601985,2021-12-22,7.74,7.86,7.62,7.77,0.0038759689922479,161807185.0,1254763780.0,132626220909.0,136105325378.61,0.0094795872100784,8.78038551828396,2022-04-28,2022-12-31,8.338404624717253,1.9092961799837744,2.9146046329078685,0.9204425439162065,7.595784753363208
sh601985,2021-12-23,7.73,8.18,7.66,8.05,0.0360360360360361,232329926.0,1862670249.0,137405544185.0,141010021788.65,0.0136112113626356,9.096795807231132,2022-04-28,2022-12-31,8.638887674256612,1.9780996459291356,3.019635430490134,0.9536116445978715,7.869506726457379
sh601985,2021-12-24,8.25,8.6,8.14,8.25,0.0248447204968942,294563453.0,2457100198.0,140819346525.0,144513376367.25,0.0172572061099471,9.322803156479107,2022-04-28,2022-12-31,8.853518423927584,2.027244978747251,3.094657428763181,0.9773038593704896,8.065022421524642
sh601985,2021-12-27,8.25,8.92,8.25,8.45,0.0242424242424241,298099093.0,2559439218.0,144233148865.0,148016730945.85,0.0174643440545535,9.548810505727086,2022-04-28,2022-12-31,9.068149173598556,2.0763903115653664,3.1696794270362285,1.0009960741431077,8.260538116591905
sh601985,2021-12-28,8.46,8.46,8.02,8.39,-0.0071005917159762,195780683.0,1617847614.0,143209008163.0,146965724572.27,0.0114699483743396,9.481008300952693,2022-04-28,2022-12-31,9.003759948697263,2.061646711719931,3.1471728275543134,0.993888409711322,8.201883408071726
sh601985,2021-12-29,8.39,8.39,7.9,8.03,-0.0429082240762814,193830271.0,1567381073.0,137064163951.0,140659686330.79,0.0113556821218887,9.074195072306333,2022-04-28,2022-12-31,8.617424599289516,1.9731851126473245,3.0121332306628306,0.95124242312061,7.849955156950651
sh601985,2021-12-30,8.02,8.55,7.98,8.43,0.0498132004981319,218137161.0,1819735696.0,143891768631.0,147666395487.99002,0.0127797182891379,9.52620977080229,2022-04-28,2022-12-31,9.04668609863146,2.071475778283555,3.1621772272089244,0.9986268526658459,8.24098654708518
sh601985,2021-12-31,8.39,8.71,8.25,8.3,-0.015421115065243,182580055.0,1540925356.0,141672797110.0,145389215011.9,0.0106965803415554,9.379304993791104,2022-04-28,2022-12-31,8.907176111345326,2.0395313119517793,3.1134129283314427,0.983226913063644,8.113901345291458
sh601985,2022-01-04,8.32,8.53,8.08,8.16,-0.0168674698795181,212400795.0,1755820890.0,139283135472.0,142936866806.88,0.0124436492711525,9.221099849317518,2022-04-28,2022-12-31,8.756934586575648,2.005129578979099,3.06089752954031,0.9666423627228116,7.9770403587443734
sh601985,2022-01-05,8.09,8.11,7.48,7.6,-0.0686274509803922,261880347.0,2015998714.0,129724488920.00005,133127473986.8,0.0153424434643746,8.588279271423179,2022-04-28,2022-12-31,8.155968487496926,1.8675226470883766,2.850835934375779,0.9003041613594813,7.429596412556033
sh601985,2022-01-06,7.5,7.84,7.39,7.71,0.0144736842105264,179088425.0,1365885031.0,131647861870.89,135100100668.92,0.0104883720641369,8.712583313509567,2022-04-28,2022-12-31,8.2768201838084,1.8951948089103245,2.8930784171787938,0.913644488172093,7.537130044843029
sh601985,2022-01-07,7.71,7.81,7.4,7.43,-0.0363164721141374,220447899.0,1664289763.0,126866875966.37,130193741630.36,0.0129106031585753,8.3961730245624,2022-04-28,2022-12-31,7.976235274409391,1.8263680194816747,2.788012015517307,0.8804641435951557,7.263408071748861
sh601985,2022-01-10,7.39,7.54,7.33,7.38,-0.0067294751009421,133002674.0,985877119.0,126013128483.42,129317606087.76,0.0077893450145486,8.339671187250405,2022-04-28,2022-12-31,7.922559397730997,1.8140775213694158,2.7692501580777558,0.8745390820635598,7.214529147982044
sh601985,2022-01-11,7.36,7.51,7.35,7.43,0.0067750677506774,110278492.0,820661157.0,126866875966.37,130193741630.36,0.0064584958786026,8.3961730245624,2022-04-28,2022-12-31,7.976235274409391,1.8263680194816747,2.788012015517307,0.8804641435951557,7.263408071748861
sh601985,2022-01-12,7.42,7.5,7.32,7.43,0.0,90832271.0,671671602.0,126866875966.37,130193741630.36,0.00531962159854,8.3961730245624,2022-04-28,2022-12-31,7.976235274409391,1.8263680194816747,2.788012015517307,0.8804641435951557,7.263408071748861
sh601985,2022-01-13,7.39,7.45,7.2,7.24,-0.02557200538358,142531781.0,1038393962.0,123622635531.16,126864426568.48,0.0083474202762801,8.18146604277682,2022-04-28,2022-12-31,7.772266943031493,1.779664126655091,2.7167169572470127,0.8579489097750912,7.077668161434961
sh601985,2022-01-14,7.24,7.4,7.11,7.37,0.0179558011049723,118753419.0,869502298.0,125842378986.83,129142378979.24,0.0069548327445525,8.328370819788006,2022-04-28,2022-12-31,7.911824222395318,1.811619421746964,2.7654977865898456,0.8733540697572406,7.204753363228681
sh601985,2022-01-17,7.34,7.51,7.24,7.46,0.0122116689280868,125981008.0,938237908.0,127379124456.14,130719422955.92,0.0073781188534044,8.430074126949595,2022-04-28,2022-12-31,8.008440800416428,1.83374231834903,2.7992691299810377,0.8840191805141133,7.29273542600895
sh601985,2022-01-18,7.3,7.68,7.03,7.37,-0.0120643431635388,287433407.0,2099444541.0,125842378986.83,129142378979.24,0.0168336312984968,8.328370819788006,2022-04-28,2022-12-31,7.911824222395318,1.811619421746964,2.7654977865898456,0.8733540697572406,7.204753363228683
sh601985,2022-01-19,7.24,7.37,7.18,7.22,-0.0203527815468114,167157953.0,1212893985.0,123281136537.98,126513972351.44,0.0097896600773808,8.158865307852022,2022-04-28,2022-12-31,7.750796592360135,1.7747479274101872,2.709212214271192,0.8555788851624528,7.0581165919282345
sh601985,2022-01-20,7.25,7.5,7.18,7.41,0.0263157894736842,222281114.0,1636046475.0,126525376973.19,129843287413.32,0.0130179659934069,8.373572289637602,2022-04-28,2022-12-31,7.954764923738034,1.821451820236771,2.7805072725414868,0.8780941189825174,7.243856502242136
sh601985,2022-01-21,7.39,7.53,7.32,7.33,-0.0107962213225371,146961730.0,1089355458.0,125159381000.47,128441470545.16,0.0086068616853894,8.283169349938412,2022-04-28,2022-12-31,7.868883521052603,1.801787023257157,2.750488300638205,0.8686140205319639,7.16565022421523
sh601985,2022-01-24,7.32,7.63,7.26,7.54,0.028649386084584,154346514.0,1153448983.0,128745120428.86,132121239824.08,0.0090393539707243,8.52047706664879,2022-04-28,2022-12-31,8.094322203101859,1.8534071153286444,2.8292881018843197,0.8934992789646669,7.370941704035857
sh601985,2022-01-25,7.51,7.54,7.17,7.18,-0.0477453580901857,145732761.0,1072961260.0,122598138551.62,125813063917.36,0.0085348867147719,8.113663838002427,2022-04-28,2022-12-31,7.70785589101742,1.7649155289203802,2.694202728319551,0.850838835937176,7.019013452914782
sh601985,2022-01-26,7.18,7.41,7.14,7.2,0.0027855153203342,133293247.0,967968240.0,122939637544.8,126163518134.4,0.0078063625171358,8.136264572927226,2022-04-28,2022-12-31,7.729326241688778,1.7698317281652838,2.7017074712953715,0.8532088605498145,7.038565022421509
sh601985,2022-01-27,7.19,7.29,7.0,7.16,-0.0055555555555555,116215946.0,833306649.0,122256639558.44,125462609700.32,0.0068062248100827,8.09106310307763,2022-04-28,2022-12-31,7.686385540346063,1.7599993296754766,2.6866979853437307,0.8484688113245377,6.999461883408056
sh601985,2022-01-28,7.15,7.2,6.82,7.05,-0.0153631284916201,141545731.0,991270686.0,120378395095.95,123535111506.6,0.0082896719361859,7.966759060991241,2022-04-28,2022-12-31,7.568298611653595,1.7329602338285068,2.6454218989767178,0.8354336759550266,6.89192825112106
sh601985,2022-02-07,7.2,7.3,7.14,7.28,0.0326241134751774,125930662.0,910523145.0,124305633517.52,127565335002.56,0.0073751703234816,8.226667512626417,2022-04-28,2022-12-31,7.815207644374209,1.789496525144898,2.7317264431986534,0.862688959000368,7.1167713004484146
sh601985,2022-02-08,7.27,7.6,7.22,7.57,0.0398351648351649,175833276.0,1304506965.0,129257368918.63,132646921149.64,0.0102977332004794,8.554378169035987,2022-04-28,2022-12-31,8.126527729108895,1.8607814141959997,2.8405452163480507,0.8970543158836244,7.400269058295949
sh601985,2022-02-09,7.56,7.82,7.52,7.73,0.0211360634081902,160760172.0,1238095148.0,131989360864.07,135450554885.96,0.0094149719448962,8.735184048434371,2022-04-28,2022-12-31,8.298290534479758,1.9001110081552284,2.9005831601546146,0.9160145127847314,7.556681614349761
sh601985,2022-02-10,7.71,7.78,7.65,7.75,0.0025873221216041,127415194.0,983036715.0,132330859857.25,135801009103.0,0.0074621124246091,8.757784783359169,2022-04-28,2022-12-31,8.319760885151116,1.9050272074001318,2.9080879031304345,0.9183845373973697,7.576233183856487
sh601985,2022-02-11,7.73,7.88,7.65,7.69,-0.0077419354838709,107844070.0,836454148.0,131306362877.71,134749646451.88,0.0063159231595834,8.689982578584775,2022-04-28,2022-12-31,8.255349833137043,1.8902786096654212,2.8855736742029734,0.9112744635594546,7.5175784753363075
sh601985,2022-02-14,7.62,7.72,7.36,7.42,-0.035110533159948,146072545.0,1100001344.0,126696126469.78,130018514521.84,0.0085547862756366,8.384872657100004,2022-04-28,2022-12-31,7.965500099073712,1.823909919859223,2.784259644029397,0.8792791312888365,7.253632286995502
sh601985,2022-02-15,7.4,7.47,7.11,7.16,-0.0350404312668463,198250608.0,1434351190.0,125505842102.52,128711812244.4,0.0113100261270745,8.091063103077634,2022-04-28,2022-12-31,7.885445830197569,1.8055793978186478,2.7562774875556246,0.8704422664193523,6.999461883408059
sh601985,2022-02-16,7.2,7.29,7.15,7.18,0.0027932960893854,93291299.0,672521549.0,125856417080.46,129071342446.2,0.0053221881121228,8.11366383800243,2022-04-28,2022-12-31,7.90747221519812,1.8106229156896496,2.763976586682875,0.8728736693981772,7.019013452914785
sh601985,2022-02-17,7.15,7.17,7.06,7.09,-0.0125348189415042,102313371.0,726476497.0,124278829679.73,127453456538.1,0.0058368895350831,8.01196053084084,2022-04-28,2022-12-31,7.808353482695637,1.7879270852701414,2.7293306406102484,0.8619323559934647,6.931031390134516
sh601985,2022-02-18,7.05,7.21,7.02,7.17,0.0112834978843441,79949944.0,571850891.0,125681129591.49,128891577345.3,0.0045610753208794,8.102363470540032,2022-04-28,2022-12-31,7.896459022697845,1.8081011567541487,2.7601270371192497,0.8716579679087648,7.009237668161422
sh601985,2022-02-21,7.19,7.24,7.14,7.2,0.0041841004184099,88039058.0,632261407.0,126206992058.4,129430872647.99995,0.0050225522949369,8.136264572927228,2022-04-28,2022-12-31,7.92949860019867,1.8156664335606507,2.7716756858101244,0.875305072377002,7.038565022421511
sh601985,2022-02-22,7.15,7.2,6.95,7.06,-0.0194444444444444,119429573.0,842755026.0,123752967212.82,126914161235.4,0.0068133540905728,7.978059428453645,2022-04-28,2022-12-31,7.775313905194809,1.7803618084636388,2.717781991919373,0.8582852515252272,6.9017040358744275
sh601985,2022-02-23,7.07,7.12,6.97,7.02,-0.0056657223796033,112057596.0,785878379.0,123051817256.94,126195100831.8,0.0063927891635881,7.932857958604051,2022-04-28,2022-12-31,7.731261135193705,1.770274772721635,2.7023837936648722,0.8534224455675772,6.862600896860976
sh601985,2022-02-24,6.99,7.08,6.86,6.96,-0.0085470085470085,172638468.0,1204772841.0,122000092323.12,125116510226.4,0.009848875639353,7.865055753829656,2022-04-28,2022-12-31,7.66518198019205,1.7551442191086297,2.679286496283121,0.8461282366311021,6.803946188340796
sh601985,2022-02-25,6.99,7.26,6.91,7.24,0.0402298850574713,184819959.0,1312992491.0,126908142014.28,130149933051.6,0.0105438191901779,8.181466042776828,2022-04-28,2022-12-31,7.973551370199776,1.8257534693026551,2.7870738840646263,0.8801678783346524,7.077668161434967
sh601985,2022-02-28,7.2,7.52,7.18,7.4,0.0220994475138119,191638745.0,1415776594.0,129712741837.8,133026174666.00005,0.0109328250479301,8.362271922175209,2022-04-28,2022-12-31,8.149762450204193,1.8661016122706702,2.84866667708263,0.8996191021652525,7.2340807174887765
sh601985,2022-03-01,7.47,7.52,7.37,7.48,0.0108108108108109,160129522.0,1192719952.0,131115041749.56,134464295473.2,0.0091352510633206,8.4526748618744,2022-04-28,2022-12-31,8.237867990206398,1.886275683754677,2.8794630735916305,0.9093447140805524,7.312286995515683
sh601985,2022-03-02,7.43,7.52,7.38,7.46,-0.0026737967914438,131650929.0,980848661.0,130764466771.62,134104765271.4,0.0075105719052505,8.430074126949604,2022-04-28,2022-12-31,8.215841605205847,1.881232165883675,2.87176397446438,0.9069133111017273,7.292735426008957
sh601985,2022-03-03,7.51,7.88,7.5,7.76,0.0402144772117962,244999499.0,1899183706.0,136023091440.72,139497718298.4,0.0139770100216297,8.769085150821573,2022-04-28,2022-12-31,8.546237380214125,1.956884933948702,2.987250461373135,0.9433843557841024,7.586008968609854
sh601985,2022-03-04,7.68,7.88,7.63,7.77,0.0012886597938144,230941507.0,1794269115.0,136198378929.69,139677483399.3,0.0131750137078822,8.780385518283971,2022-04-28,2022-12-31,8.5572505727144,1.9594066928842029,2.9911000109367603,0.9446000572735149,7.595784753363217
sh601985,2022-03-07,7.78,8.06,7.7,7.73,-0.005148005148005,242411193.0,1906987287.0,135497228973.81,138958422995.7,0.0138293493976337,8.735184048434377,2022-04-28,2022-12-31,8.513197802713297,1.9493196571421996,2.9757018126822596,0.939737251315865,7.556681614349766
sh601985,2022-03-08,7.78,7.8,7.42,7.46,-0.0349288486416559,236774065.0,1803022695.0,130764466771.62,134104765271.4,0.0135077561091951,8.430074126949604,2022-04-28,2022-12-31,8.215841605205847,1.881232165883675,2.87176397446438,0.9069133111017273,7.292735426008958
sh601985,2022-03-09,7.65,8.05,7.47,7.8,0.0455764075067024,365602994.0,2841683169.0,136724241396.6,140216778702.0,0.0208573353493911,8.814286620671169,2022-04-28,2022-12-31,8.590290150215228,1.9669719696907058,3.002648659627636,0.9482471617417525,7.625112107623308
sh601985,2022-03-10,7.88,8.32,7.76,8.24,0.0564102564102564,330947351.0,2682196556.0,151616493147.52,155306045377.84,0.0179862105739819,9.311502789016723,2022-04-28,2022-12-31,9.514724302100294,2.17864538616281,3.3257752267788234,1.0502916847338186,8.05524663677129
sh601985,2022-03-11,8.1,8.22,7.91,8.19,-0.0060679611650485,261671755.0,2116119540.0,150696490155.12,154363654325.79,0.0142212447764642,9.255000951704728,2022-04-28,2022-12-31,9.456989324539007,2.165425450567162,3.3055945518590493,1.0439185555788806,8.006367713004474
sh601985,2022-03-14,8.06,8.14,7.88,7.88,-0.0378510378510378,180736517.0,1447745675.0,144993059198.08002,148521417398.92,0.0098225650375053,8.904689560370361,2022-04-28,2022-12-31,9.099068462337662,2.083470092714676,3.1804869503288833,1.0044091285658614,7.703318385650214
sh601985,2022-03-15,7.8,7.82,7.35,7.37,-0.0647208121827409,241220287.0,1839031918.0,135608990645.92,138908990638.33,0.0131097024372955,8.328370819788017,2022-04-28,2022-12-31,8.510169361348801,1.9486262161557306,2.9746432517669876,0.9394029540013193,7.204753363228692
sh601985,2022-03-16,7.5,8.06,7.3,7.96,0.0800542740841248,227837892.0,1755543793.0,146465069951.36002,150029249047.64,0.0123824036742841,8.995092500069555,2022-04-28,2022-12-31,9.191444791904543,2.1046220733513734,3.2127761579464353,1.0146061755563778,7.781524663677121
sh601985,2022-03-17,8.08,8.3,7.8,7.84,-0.0150753768844221,272922731.0,2178320472.0,144257053821.44,147767501574.56,0.0148326487638415,8.859488090520767,2022-04-28,2022-12-31,9.05288029755422,2.072894102396327,3.164342346520107,0.999310605070603,7.664215246636763
sh601985,2022-03-18,7.81,8.15,7.77,8.03,0.024234693877551,169603528.0,1361415918.0,147753079360.47998,151348601740.27,0.0092175157075222,9.074195072306347,2022-04-28,2022-12-31,9.27227408027556,2.123130056408483,3.2410292146117925,1.0235285916730792,7.8499551569506645
sh601985,2022-03-21,8.05,8.09,7.86,7.99,-0.0049813200498131,132743294.0,1059275504.0,147017073983.84,150594685915.91,0.0072142567548078,9.028993602456753,2022-04-28,2022-12-31,9.22608591549212,2.1125540660901345,3.224884610803017,1.0184300681778211,7.810852017937212
sh601985,2022-03-22,7.9,7.97,7.77,7.94,-0.0062578222778473,131512019.0,1036481543.0,146097067263.04,149652291135.46002,0.0071473401240831,8.972491765144758,2022-04-28,2022-12-31,9.16835070951282,2.0993340781921987,3.204703856042047,1.0120569138087485,7.761973094170396
sh601985,2022-03-23,8.04,8.05,7.8,7.87,-0.008816120906801,102032914.0,807212315.0,144809057853.91998,148332938442.83,0.0055452265561319,8.893389192907966,2022-04-28,2022-12-31,9.0875214211418,2.0808260951350883,3.1764507993766884,1.0031344976920464,7.693542600896854
sh601985,2022-03-24,7.79,7.81,7.62,7.68,-0.0241423125794155,133950190.0,1032646169.0,141313032314.88,144751838277.12,0.0072798484495592,8.678682211122387,2022-04-28,2022-12-31,8.86812763842046,2.0305901411229326,3.0997639312850023,0.9789165110895702,7.507802690582953
sh601985,2022-03-25,7.67,7.71,7.37,7.43,-0.0325520833333333,139234912.0,1042801901.0,136712998710.88,140039864374.87,0.007567059503594,8.396173024562414,2022-04-28,2022-12-31,8.57945160852396,1.9644902016332537,2.998860157480152,0.9470507392442066,7.263408071748874
sh601985,2022-03-28,7.41,7.65,7.26,7.63,0.0269179004037685,136835797.0,1025670548.0,140393025594.08,143809443496.66998,0.0074366737713075,8.622180373810393,2022-04-28,2022-12-31,8.81039243244116,2.017370153224997,3.079583176524032,0.9725433567204974,7.458923766816139
sh601985,2022-03-29,7.82,8.13,7.82,7.99,0.0471821756225425,220455029.0,1764484161.0,147017073983.84,150594685915.91,0.0119811640510789,9.028993602456755,2022-04-28,2022-12-31,9.22608591549212,2.1125540660901345,3.224884610803017,1.0184300681778211,7.810852017937214
sh601985,2022-03-30,8.02,8.07,7.91,8.0,0.0012515644555695,139138096.0,1112672415.0,147201075328.0,150783164872.0,0.0075617978029014,9.040293969919153,2022-04-28,2022-12-31,9.23763295668798,2.1151980636697214,3.228920761755211,1.0197046990516356,7.820627802690577
sh601985,2022-03-31,7.93,8.24,7.92,8.11,0.0137499999999999,157522223.0,1272619240.0,149225090113.75998,152856433388.99,0.0085609278409958,9.164598012005541,2022-04-28,2022-12-31,9.364650409842438,2.14428203704518,3.273318422229345,1.0337256386635956,7.9281614349775715
sh601985,2022-04-01,7.98,8.05,7.93,7.99,-0.0147965474722563,101219299.0,808405589.0,147017073983.84,150594685915.91,0.0055010086726314,9.028993602456755,2022-04-28,2022-12-31,9.22608591549212,2.1125540660901345,3.224884610803017,1.0184300681778211,7.810852017937214
sh601985,2022-04-06,7.95,8.12,7.93,8.1,0.0137672090112639,112363826.0,900260375.0,149041088769.6,152667954432.9,0.0061066850632511,9.15329764454314,2022-04-28,2022-12-31,9.353103368646579,2.141638039465593,3.269282271277151,1.032451007789781,7.9183856502242085
sh601985,2022-04-07,8.05,8.4,8.03,8.12,0.0024691358024691,157108938.0,1292769608.0,149409091457.92,153044912345.08002,0.0085384668637738,9.17589837946794,2022-04-28,2022-12-31,9.376197451038301,2.1469260346247676,3.2773545731815394,1.0350002695374103,7.937937219730935
sh601985,2022-04-08,8.13,8.21,7.97,8.09,-0.0036945812807881,126799657.0,1024378686.0,148865457396.07,152487845447.44,0.0068908479043646,9.141997277080742,2022-04-28,2022-12-31,9.342069108281416,2.1391114564905114,3.265425357655367,1.0312329807045235,7.908609865470845
sh601985,2022-04-11,8.15,8.23,7.92,7.97,-0.0148331273176761,144158687.0,1163726140.0,146657317113.31,150225973821.52002,0.0078342135121857,9.006392867531957,2022-04-28,2022-12-31,9.203497007787751,2.1073817439096887,3.216988887578898,1.0159365706075467,7.791300448430487
sh601985,2022-04-12,7.92,8.02,7.75,7.99,0.0025094102885823,96828119.0,766024480.0,147025340493.77,150602952425.84,0.0052620634525432,9.028993602456756,2022-04-28,2022-12-31,9.226592357870027,2.1126700293398253,3.225061632591642,1.018485972290376,7.810852017937215
sh601985,2022-04-13,7.93,8.03,7.81,7.86,-0.0162703379224029,84637284.0,670296238.0,144633188520.78,148152591497.76,0.0045995601634988,8.88208882544557,2022-04-28,2022-12-31,9.07647258233522,2.0782961740439334,3.1725887900087995,1.0019148613519846,7.683766816143493
sh601985,2022-04-14,7.9,7.94,7.63,7.68,-0.0229007633587786,176062203.0,1363637257.0,141320978096.63998,144759784058.88,0.0095679900977995,8.67868221112239,2022-04-28,2022-12-31,8.86861443159472,2.0307016051726983,3.0999340848940937,0.9789702462065192,7.507802690582956
sh601985,2022-04-15,7.66,7.74,7.57,7.62,-0.0078125,98600079.0,753026708.0,140216907955.26,143628848245.92,0.0053583595083963,8.610880006347996,2022-04-28,2022-12-31,8.799328381347886,2.0148367488822867,3.0757158498558588,0.9713220411580308,7.449147982062777
sh601985,2022-04-18,7.55,7.64,7.28,7.64,0.0026246719160103,138621984.0,1034437036.0,140584931335.72,144005826850.24002,0.0075333248570638,8.633480741272793,2022-04-28,2022-12-31,8.822423731430165,2.020125034312424,3.083788594868605,0.9738714428408604,7.468699551569502
sh601985,2022-04-19,7.67,8.09,7.58,7.99,0.0458115183246075,181503177.0,1436735421.0,147025340493.77,150602952425.84,0.0098636764204021,9.028993602456758,2022-04-28,2022-12-31,9.226592357870027,2.1126700293398253,3.225061632591642,1.018485972290376,7.810852017937217
sh601985,2022-04-20,7.97,8.07,7.78,7.88,-0.0137672090112641,116381176.0,918756087.0,145001211901.24,148529570102.08,0.0063246620828564,8.904689560370368,2022-04-28,2022-12-31,9.099567932417498,2.0835844594740704,3.180661535021544,1.004464263034814,7.7033183856502205
sh601985,2022-04-21,7.98,7.98,7.34,7.39,-0.0621827411167512,282439477.0,2132013054.0,135984639079.97,139293594296.24002,0.0153489963951188,8.350971554712821,2022-04-28,2022-12-31,8.533731855401692,1.9540214664357087,2.982879282209292,0.942003921805492,7.224304932735423
sh601985,2022-04-22,7.3,7.59,7.21,7.57,0.0243572395128552,133799786.0,998312744.0,139296849504.11,142686401735.12,0.0072712655284433,8.554378169036003,2022-04-28,2022-12-31,8.741590006142191,2.0016160353069434,3.0555339873239964,0.9649485369509571,7.400269058295962
sh601985,2022-04-25,7.43,7.56,7.23,7.3,-0.035667107001321,144538781.0,1070264001.0,134328533867.9,137597190576.8,0.0078548694824409,8.24926824755123,2022-04-28,2022-12-31,8.429802780031439,1.9302241820000907,2.946551929651938,0.9305316142327591,7.136322869955154
sh601985,2022-04-26,7.29,7.31,6.85,6.93,-0.0506849315068493,197372479.0,1387659506.0,127520101329.39,130623086396.88,0.0107260836935577,7.83115465144247,2022-04-28,2022-12-31,8.002538803509298,1.8323909015425517,2.797206146916155,0.8833676831004138,6.774618834080716
sh601985,2022-04-27,6.86,7.15,6.82,7.15,0.0317460317460318,117723052.0,823046363.0,131568358514.45,134769851044.4,0.006397585493229,8.079762735615247,2022-04-28,2022-12-31,8.256587654414355,1.8905620412740616,2.8860063420563504,0.911411101611538,6.989686098654707
sh601985,2022-04-28,7.15,7.29,6.98,7.17,0.0027972027972027,170038136.0,1211052155.0,131936381894.91,135146829648.72,0.0092406159514901,8.102363470540045,2022-04-28,2022-12-31,8.279683004496633,1.8958503267041986,2.8940790870690956,0.9139605032943675,7.0092376681614335
sh601985,2022-04-29,7.17,7.19,6.97,7.13,-0.00557880055788,194743481.0,1378370449.0,131200335133.99,134392872440.08,0.0105832124446325,8.05716200069045,2022-08-26,2022-06-30,8.3799942030876,2.00089989349854,3.301136532313783,0.9429814251655855,6.970134529147982
sh601985,2022-05-05,7.05,7.27,7.01,7.2,0.0098176718092566,157935564.0,1126611443.0,132488416965.6,135712297555.2,0.0085829092598732,8.136264572927244,2022-08-26,2022-06-30,8.462266235936987,2.020544071976085,3.3335460073855874,0.9522393073200863,7.038565022421524
sh601985,2022-05-06,7.05,7.08,6.95,7.02,-0.0250000000000001,108443033.0,762062747.0,129176206541.46,132319490116.32,0.0058932686757267,7.932857958604061,2022-08-26,2022-06-30,8.250709580038563,1.9700304701766835,3.250207357200948,0.9284333246370843,6.862600896860985
sh601985,2022-05-09,6.92,7.04,6.92,6.97,-0.0071225071225069,66238626.0,462000840.0,128256148090.31,131377043605.52,0.0035996966234703,7.876356121292067,2022-08-26,2022-06-30,8.191943842289,1.9559989141212937,3.2270577321496585,0.9218205516695835,6.81372197309417
sh601985,2022-05-10,6.9,7.05,6.83,7.03,0.0086083213773315,118248281.0,821366110.0,129360218231.69,132507979418.48,0.0064261287341146,7.944158326066463,2022-08-26,2022-06-30,8.262462727588476,1.9728367813877612,3.2548372822112057,0.9297558792305842,6.872376681614351
sh601985,2022-05-11,7.01,7.07,6.95,7.02,-0.0014224751066856,153380085.0,1075297204.0,129176206541.46,132319490116.32,0.008335344608176,7.932857958604064,2022-08-26,2022-06-30,8.250709580038563,1.9700304701766835,3.250207357200948,0.9284333246370843,6.862600896860988
sh601985,2022-05-12,7.0,7.18,6.97,7.05,0.0042735042735042,131187663.0,928106133.0,129728241612.15,132884958022.8,0.0071293113408189,7.966759060991261,2022-08-26,2022-06-30,8.285969022688299,1.9784494038099167,3.2640971322317207,0.9324009884175845,6.891928251121077
sh601985,2022-05-13,7.11,7.22,7.05,7.17,0.0170212765957447,129408673.0,926010151.0,131936381894.91,135146829648.72,0.0070326332440209,8.102363470540048,2022-08-26,2022-06-30,8.42700679328725,2.0121251383428516,3.3196562323548138,0.9482716435395859,7.009237668161436
sh601985,2022-05-16,7.18,7.19,6.97,7.0,-0.0237099023709902,113902901.0,801496453.0,128808183161.0,131942511512.0,0.0061899817809199,7.910257223679266,2022-08-26,2022-06-30,8.227203284938737,1.9644178477545273,3.240947507180432,0.9257882154500838,6.843049327354261
sh601985,2022-05-17,6.98,7.02,6.88,6.99,-0.0014285714285714,86389418.0,600842951.0,128624171470.77,131754022209.84,0.0046947787878052,7.898956856216867,2022-08-26,2022-06-30,8.215450137388824,1.9616115365434497,3.2363175821701744,0.9244656608565838,6.833273542600898
sh601985,2022-05-18,7.0,7.07,6.91,7.02,0.004291845493562,111635059.0,779844126.0,129176206541.46,132319490116.32,0.0060667373285069,7.932857958604062,2022-08-26,2022-06-30,8.250709580038563,1.9700304701766835,3.250207357200948,0.9284333246370843,6.862600896860986
sh601985,2022-05-19,6.91,6.94,6.82,6.94,-0.0113960113960113,141583279.0,973923140.0,127704113019.62,130811575699.04,0.0076942545782299,7.842455018904871,2022-08-26,2022-06-30,8.156684399639262,1.9475799804880598,3.213167957118885,0.917852887889083,6.784394618834081
sh601985,2022-05-20,6.92,7.2,6.91,7.19,0.0360230547550433,183213736.0,1303181546.0,132304405275.37,135523808253.04,0.0099566356773853,8.124964205464845,2022-08-26,2022-06-30,8.450513088387074,2.0177377607650073,3.328916082375329,0.9509167527265859,7.028789237668161
sh601985,2022-05-23,7.18,7.25,7.12,7.18,-0.0013908205841447,78537028.0,562555621.0,132120393585.14,135335318950.88,0.004268045573726,8.113663838002445,2022-08-26,2022-06-30,8.438759940837162,2.0149314495539294,3.3242861573650715,0.949594198133086,7.0190134529147965
sh601985,2022-05-24,7.18,7.29,7.0,7.01,-0.0236768802228412,103003800.0,736046280.0,128992194851.23,132131000814.16,0.0055976769666782,7.921557591141662,2022-08-26,2022-06-30,8.23895643248865,1.9672241589656052,3.24557743219069,0.927110770043584,6.852825112107622
sh601985,2022-05-25,7.0,7.15,6.97,7.15,0.0199714693295294,105852490.0,747471583.0,131568358514.45,134769851044.4,0.0057524872396798,8.07976273561525,2022-08-26,2022-06-30,8.403500498187425,2.006512515920696,3.310396382334299,0.9456265343525857,6.989686098654708
sh601985,2022-05-26,7.16,7.44,7.13,7.36,0.0293706293706292,162770208.0,1188332084.0,135432604009.28,138728126389.76,0.0088456449585648,8.317070452325625,2022-08-26,2022-06-30,8.650316596735587,2.065445051353332,3.4076248075497118,0.9734001808160883,7.194977578475335
sh601985,2022-05-27,7.35,7.41,7.22,7.28,-0.0108695652173913,77590941.0,567129317.0,133960510487.44,137220211972.48,0.0042166310685488,8.226667512626435,2022-08-26,2022-06-30,8.556291416336288,2.0429945616647087,3.3705854074676496,0.9628197440680872,7.116771300448429
sh601985,2022-05-30,7.26,7.31,7.18,7.25,-0.0041208791208791,89207231.0,644897909.0,133408475416.75,136654744066.0,0.00484791106959,8.192766410239237,2022-08-26,2022-06-30,8.521031973686549,2.0345756280314746,3.356695632436876,0.9588520802875868,7.08744394618834
sh601985,2022-05-31,7.26,7.29,7.18,7.26,0.0013793103448276,120668755.0,873577147.0,133592487106.98,136843233368.16,0.0065576678769252,8.204066777701636,2022-08-26,2022-06-30,8.532785121236461,2.0373819392425525,3.3613255574471337,0.960174634881087,7.097219730941703
sh601985,2022-06-01,7.25,7.25,7.06,7.15,-0.015151515151515,133450832.0,953638907.0,131568358514.45,134769851044.4,0.0072523018419752,8.07976273561525,2022-08-26,2022-06-30,8.403500498187425,2.006512515920696,3.310396382334299,0.9456265343525857,6.989686098654708
sh601985,2022-06-02,7.1,7.12,7.02,7.05,-0.013986013986014,103318799.0,729580853.0,129728241612.15,132884958022.8,0.0056147953899483,7.96675906099126,2022-08-26,2022-06-30,8.285969022688299,1.9784494038099167,3.2640971322317207,0.9324009884175845,6.891928251121076
sh601985,2022-06-06,7.05,7.05,6.92,6.97,-0.0113475177304964,210153758.0,1462537174.0,128256148090.31,131377043605.52,0.0114206742917976,7.876356121292069,2022-08-26,2022-06-30,8.191943842289,1.9559989141212937,3.2270577321496585,0.9218205516695835,6.813721973094172
sh601985,2022-06-07,6.97,7.06,6.92,6.99,0.0028694404591105,158654997.0,1105849445.0,128624171470.77,131754022209.84,0.0086220063954466,7.898956856216867,2022-08-26,2022-06-30,8.215450137388824,1.9616115365434497,3.2363175821701744,0.9244656608565838,6.833273542600898
sh601985,2022-06-08,6.99,6.99,6.72,6.92,-0.0100143061516452,259044168.0,1778295348.0,127336089639.16,130434597094.72,0.0140775929875007,7.819854283980074,2022-08-26,2022-06-30,8.133178104539438,1.9419673580659043,3.20390810709837,0.9152077787020829,6.7648430493273555
sh601985,2022-06-09,6.85,7.03,6.82,6.99,0.0101156069364163,203747286.0,1420238666.0,128624171470.77,131754022209.84,0.0110725185853861,7.898956856216869,2022-08-26,2022-06-30,8.215450137388824,1.9616115365434497,3.2363175821701744,0.9244656608565838,6.8332735426008995
sh601985,2022-06-10,6.96,7.02,6.9,6.98,-0.0014306151645206,169123392.0,1178237239.0,128440159780.54,131565532907.68,0.0091909047620077,7.887656488754471,2022-08-26,2022-06-30,8.203696989838912,1.9588052253323716,3.2316876571599162,0.9231431062630835,6.823497757847537
sh601985,2022-06-13,6.93,6.98,6.73,6.77,-0.0300859598853869,218569508.0,1488245486.0,124575914285.71,127607257562.32,0.0118780229520638,7.650348772044093,2022-08-26,2022-06-30,7.956880891290752,1.8998726898997362,3.134459231944504,0.8953694597995813,6.618206278026909
sh601985,2022-06-14,6.72,6.85,6.64,6.83,0.0088626292466766,150479273.0,1014971095.0,125679984427.09,128738193375.28,0.0081777017977451,7.718150976818488,2022-08-26,2022-06-30,8.027399776590226,1.916710557166203,3.16223878200605,0.9033047873605818,6.67686098654709
sh601985,2022-06-15,6.82,7.0,6.74,6.92,0.0131771595900438,227553849.0,1566408836.0,127336089639.16,130434597094.72,0.0123662713339339,7.819854283980079,2022-08-26,2022-06-30,8.133178104539438,1.9419673580659043,3.20390810709837,0.9152077787020829,6.764843049327359
sh601985,2022-06-16,6.92,6.99,6.83,6.85,-0.0101156069364162,113589259.0,784279626.0,126048007807.55,129115171979.6,0.0061729371029646,7.740751711743286,2022-08-26,2022-06-30,8.050906071690049,1.9223231795883589,3.1714986320265655,0.9059498965475821,6.696412556053816
sh601985,2022-06-17,6.81,6.82,6.71,6.81,-0.0058394160583942,132443868.0,896168705.0,125311961046.63,128361214770.96,0.0071975790143797,7.695550241893691,2022-08-26,2022-06-30,8.003893481490401,1.9110979347440478,3.152978931985535,0.9006596781735817,6.657309417040364
sh601985,2022-06-20,6.8,6.83,6.74,6.78,-0.004405286343612258,123046069.0,834167770.0,124759925975.94,127795746864.48,0.00668686151658094,7.661649139506493,2022-08-26,2022-06-30,7.968634038840663,1.9026790011108137,3.1390891569547614,0.8966920143930813,6.627982062780274
sh601985,2022-06-21,6.8,6.95,6.79,6.89,0.016224188790560312,154244623.0,1063038788.0,126784054568.47,129869129188.24,0.008382327384048614,7.78595318159288,2022-08-26,2022-06-30,8.0979186618897,1.9335484244326704,3.1900183320675968,0.9112401149215825,6.735515695067268
sh601985,2022-06-22,6.89,6.91,6.74,6.74,-0.021770682148040565,114050287.0,775591339.0,124023879215.02,127041789655.84,0.0061979913807348975,7.616447669656896,2022-08-26,2022-06-30,7.921621448641013,1.8914537562665021,3.1205694569137306,0.8914017960190808,6.58887892376682
sh601985,2022-06-23,6.72,6.77,6.64,6.73,-0.0014836795252225476,143037708.0,955896193.0,123839867524.79,126853300353.68,0.0077732946108594655,7.6051473021944975,2022-08-26,2022-06-30,7.9098683010911,1.888647445055424,3.115939531903472,0.8900792414255805,6.579103139013456
sh601985,2022-06-24,6.73,6.74,6.64,6.7,-0.004457652303120341,117792194.0,787804954.0,123287832454.1,126287832447.2,0.006401342971893205,7.5712461998073,2022-08-26,2022-06-30,7.874608858441363,1.8802285114221906,3.1020497568726992,0.8861115776450803,6.549775784753367
sh601985,2022-06-27,6.7,6.74,6.66,6.71,0.0014925373134329067,102871135.0,689592692.0,123471844144.33,126476321749.36,0.005590467370383874,7.5825465672696994,2022-08-26,2022-06-30,7.886362005991275,1.8830348226332685,3.106679681882957,0.8874341322385804,6.55955156950673
sh601985,2022-06-28,6.71,6.89,6.68,6.88,0.0253353204172877,201020189.0,1373177848.0,126610167080.32,129690764088.16,0.01092344266035625,7.774652814130482,2022-08-26,2022-06-30,8.086796803434224,1.9308928467723816,3.1856370911783047,0.9099885978342591,6.725739910313905
sh601985,2022-06-29,6.86,6.9,6.79,6.81,-0.01017441860465118,101536253.0,695065274.0,125321982240.84,128371235965.17,0.005517482811604188,7.695550241893689,2022-08-26,2022-06-30,8.004518347585329,1.9112471346685929,3.153225085890153,0.9007299929144337,6.657309417040362
sh601985,2022-06-30,6.82,6.93,6.75,6.86,0.007342143906020615,135916701.0,930260799.0,126242114269.04,129313756053.02,0.007385717311997378,7.752052079205684,2022-08-26,2022-06-30,8.063288673191682,1.9252797861712994,3.176376518238833,0.9073432821428805,6.706188340807178
sh601985,2022-07-01,6.88,7.01,6.85,6.97,0.0160349854227404,140255428.0,976366980.0,131387300246.29,131387300246.29,0.007440447678942273,7.876356121292071,2022-08-26,2022-06-30,8.192583389525659,1.9561516194772528,3.227309669405928,0.921892518445463,6.8137219730941725
sh601985,2022-07-04,6.99,7.15,6.96,7.13,0.022955523672883782,148820304.0,1056562815.0,134403364527.41,134403364527.41,0.007894808074567236,8.057162000690454,2022-08-26,2022-06-30,8.380648431465989,2.001056104285913,3.3013942529217024,0.9430550439764923,6.970134529147985
sh601985,2022-07-05,7.14,7.2,7.06,7.15,0.0028050490883591017,181131140.0,1293302729.0,134780372562.55,134780372562.55,0.009608874247613204,8.079762735615253,2022-08-26,2022-06-30,8.404156561708533,2.0066691648869956,3.3106548258611745,0.945700359667871,6.989686098654711
sh601985,2022-07-06,7.16,7.29,6.89,6.92,-0.032167832167832255,233901084.0,1643827937.0,130444780158.44,130444780158.44,0.012408281108021585,7.819854283980076,2022-08-26,2022-06-30,8.133813063919305,1.9421189679745468,3.2041582370572486,0.9152792292170164,6.764843049327356
sh601985,2022-07-07,6.92,7.05,6.87,6.93,0.0014450867052022698,147184323.0,1021716981.0,130633284176.01,130633284176.01,0.007808020481332386,7.831154651442475,2022-08-26,2022-06-30,8.145567129040575,1.9449254982750879,3.208788523526984,0.9166018870627057,6.774618834080719
sh601985,2022-07-08,6.94,6.95,6.83,6.83,-0.014430014430014348,124980188.0,859551187.0,128748244000.31,128748244000.31,0.006630107390341919,7.718150976818485,2022-08-26,2022-06-30,8.02802647782787,1.9168601952696753,3.1624856588296253,0.9033753086058124,6.676860986547087
sh601985,2022-07-11,6.84,6.99,6.82,6.9,0.01024890190336758,138832441.0,957921267.0,130067772123.3,130067772123.3,0.007364959261329552,7.797253549055278,2022-08-26,2022-06-30,8.110304933676765,1.9365059073734643,3.194897664117777,0.9126339135256378,6.74529147982063
sh601985,2022-07-12,6.91,7.03,6.85,6.96,0.008695652173912993,137082065.0,953298493.0,131198796228.72,131198796228.72,0.00727210309717114,7.8650557538296715,2022-08-26,2022-06-30,8.180829324404389,1.9533450891767117,3.222679382936192,0.9205698605997737,6.803946188340809
sh601985,2022-07-13,6.93,6.97,6.88,6.94,-0.002873563218390718,122178291.0,844977254.0,130821788193.58,130821788193.58,0.006481468807667705,7.842455018904874,2022-08-26,2022-06-30,8.157321194161847,1.9477320285756292,3.2134188099967202,0.9179245449083951,6.7843946188340825
sh601985,2022-07-14,6.94,6.95,6.66,6.69,-0.03602305475504319,256854891.0,1729407717.0,126109187754.33,126109187754.33,0.013625963749266948,7.5599458323449,2022-08-26,2022-06-30,7.863469566130081,1.877568771062098,3.0976616482533226,0.8848580987661618,6.540000000000002
sh601985,2022-07-15,6.56,6.58,6.38,6.4,-0.021406727828746086,147096425.0,955785176.0,120642571244.8,120642571244.8,0.0078033575568423365,7.398112129511828,2022-08-26,2022-06-30,7.522601677613231,1.7961793923464016,2.9633833406309815,0.8465010212411713,6.400000000000002
sh601985,2022-07-18,6.37,6.53,6.37,6.48,0.012499999999999956,105295294.0,680598943.0,122150603385.36,122150603385.36,0.005585838188350502,7.490588531130726,2022-08-26,2022-06-30,7.616634198583396,1.8186316347507316,3.0004256323888687,0.857082284006686,6.480000000000001
sh601985,2022-07-19,6.47,6.48,6.39,6.45,-0.00462962962962965,89863113.0,578366109.0,121585091332.65,121585091332.65,0.004767172294703469,7.45590988052364,2022-08-26,2022-06-30,7.581372003219585,1.8102120438491078,2.986534772979661,0.8531143104696179,6.450000000000002
sh601985,2022-07-20,6.46,6.47,6.42,6.45,0.0,81635009.0,526056875.0,121585091332.65,121585091332.65,0.004330677406898516,7.45590988052364,2022-08-26,2022-06-30,7.581372003219585,1.8102120438491078,2.986534772979661,0.8531143104696179,6.450000000000002
sh601985,2022-07-21,6.42,6.44,6.3,6.3,-0.023255813953488413,120313944.0,764534319.0,118757531069.1,118757531069.1,0.006382566565475032,7.282516627488206,2022-08-26,2022-06-30,7.405061026400524,1.768114089340989,2.917080475933622,0.8332744427842779,6.300000000000001
sh601985,2022-07-22,6.3,6.33,6.2,6.23,-0.01111111111111096,93131290.0,582118255.0,117438002946.11,117438002946.11,0.004940546689696742,7.201599776071671,2022-08-26,2022-06-30,7.32278257055163,1.7484683772372003,2.884668470645471,0.8240158378644526,6.230000000000002
sh601985,2022-07-25,6.23,6.27,6.19,6.21,-0.0032102728731943087,70506752.0,438921206.0,117060994910.97,117060994910.97,0.0037403315276194407,7.178480675666947,2022-08-26,2022-06-30,7.299274440309088,1.7428553166361178,2.875407897705999,0.8213705221730739,6.210000000000002
sh601985,2022-07-26,6.21,6.23,6.15,6.18,-0.004830917874396157,94501514.0,582844799.0,116495482858.26,116495482858.26,0.005013236068823167,7.14380202505986,2022-08-26,2022-06-30,7.264012244945276,1.734435725734494,2.861517038296791,0.8174025486360059,6.180000000000002
sh601985,2022-07-27,6.16,6.24,6.14,6.22,0.006472491909385036,87158751.0,540556400.0,117249498928.54,117249498928.54,0.004623707872307498,7.190040225869308,2022-08-26,2022-06-30,7.311028505430358,1.745661846936659,2.8800381841757345,0.8226931800187632,6.2200000000000015
sh601985,2022-07-28,6.24,6.27,6.18,6.2,-0.003215434083601254,74843309.0,465654822.0,116872490893.4,116872490893.4,0.003970382698724568,7.166921125464583,2022-08-26,2022-06-30,7.2875203751878175,1.7400487863355765,2.8707776112362633,0.8200478643273846,6.200000000000001
sh601985,2022-07-29,6.19,6.26,6.16,6.17,-0.004838709677419395,75756142.0,470267750.0,116306978840.69,116306978840.69,0.004018807820468248,7.132242474857497,2022-08-26,2022-06-30,7.252258179824005,1.7316291954339527,2.856886751827055,0.8160798907903166,6.170000000000002
sh601985,2022-08-01,6.14,6.14,6.01,6.04,-0.021069692058346856,118859983.0,719511263.0,113856426612.28,113856426612.28,0.006305434999859457,6.981968322226788,2022-08-26,2022-06-30,7.099455333247486,1.6951443015269165,2.7966930277204884,0.7988853387963554,6.040000000000001
sh601985,2022-08-02,6.0,6.01,5.78,5.87,-0.028145695364238388,127906026.0,753029778.0,110651858313.59,110651858313.59,0.006785320952244572,6.78545596878663,2022-08-26,2022-06-30,6.899636226185885,1.6474332864177152,2.717978157734978,0.7764001554196368,5.870000000000001
sh601985,2022-08-03,5.85,5.94,5.82,5.83,-0.006814310051107331,75218853.0,442945877.0,109897842243.31,109897842243.31,0.003990305032733208,6.739217767977181,2022-08-26,2022-06-30,6.852619965700803,1.63620716521555,2.6994570118560346,0.7711095240368794,5.830000000000002
sh601985,2022-08-04,5.86,6.05,5.86,6.04,0.036020583190394584,102594625.0,613531322.0,113856426612.28,113856426612.28,0.005442569676898372,6.9819683222267885,2022-08-26,2022-06-30,7.099455333247486,1.6951443015269165,2.7966930277204884,0.7988853387963554,6.040000000000003
sh601985,2022-08-05,6.06,6.09,5.98,6.09,0.008278145695364225,63030579.0,380414368.0,114798946700.13,114798946700.13,0.003343726028364033,7.0397660732386,2022-08-26,2022-06-30,7.15822565885384,1.7091769530296226,2.819844460069168,0.805498628024802,6.0900000000000025
sh601985,2022-08-08,6.08,6.14,6.04,6.11,0.003284072249589487,69316157.0,422693439.0,115175954735.27,115175954735.27,0.003677171335314368,7.062885173643324,2022-08-26,2022-06-30,7.1817337890963815,1.7147900136307053,2.82910503300864,0.8081439437161807,6.110000000000002
sh601985,2022-08-09,6.12,6.17,6.07,6.15,0.00654664484451728,74909927.0,458563620.0,115929970805.55,115929970805.55,0.003973916734808189,7.109123374452774,2022-08-26,2022-06-30,7.228750049581464,1.7260161348328704,2.847626178887584,0.813434575098938,6.150000000000003
sh601985,2022-08-10,6.15,6.2,6.06,6.11,-0.006504065040650375,78193009.0,478224214.0,115175954735.27,115175954735.27,0.004148081829129367,7.062885173643324,2022-08-26,2022-06-30,7.1817337890963815,1.7147900136307053,2.82910503300864,0.8081439437161807,6.110000000000002
sh601985,2022-08-11,6.12,6.29,6.11,6.25,0.022913256955810146,99238496.0,618688475.0,117815010981.25,117815010981.25,0.00526452949275462,7.224718876476396,2022-08-26,2022-06-30,7.346290700794171,1.7540814378382827,2.8939290435849427,0.8266611535558313,6.250000000000003
sh601985,2022-08-12,6.26,6.34,6.24,6.3,0.008000000000000007,71510336.0,450596095.0,118757531069.1,118757531069.1,0.003793570923412548,7.2825166274882065,2022-08-26,2022-06-30,7.405061026400524,1.768114089340989,2.917080475933622,0.8332744427842779,6.3000000000000025
sh601985,2022-08-15,6.3,6.45,6.28,6.41,0.01746031746031762,104670701.0,668486235.0,120831075262.37,120831075262.37,0.00555270398739014,7.409671679714193,2022-08-26,2022-06-30,7.534355742734502,1.798985922646943,2.968013627100717,0.8478236790868606,6.410000000000004
sh601985,2022-08-16,6.42,6.48,6.38,6.41,0.0,85718944.0,551311881.0,120831075262.37,120831075262.37,0.004547327166020147,7.409671679714193,2022-08-26,2022-06-30,7.534355742734502,1.798985922646943,2.968013627100717,0.8478236790868606,6.410000000000004
sh601985,2022-08-17,6.42,6.51,6.4,6.49,0.012480499219968744,103148084.0,667119746.0,122339107402.93,122339107402.93,0.00547193027128435,7.5021480813330905,2022-08-26,2022-06-30,7.628388263704667,1.821438165051273,3.0050559188586043,0.8584049418523753,6.490000000000004
sh601985,2022-08-18,6.47,6.53,6.4,6.42,-0.01078582434514641,78440196.0,505428291.0,121019579279.94,121019579279.94,0.004161194918345527,7.421231229916555,2022-08-26,2022-06-30,7.546109807855772,1.801792452947484,2.9726439135704528,0.8491463369325499,6.4200000000000035
sh601985,2022-08-19,6.41,6.7,6.36,6.63,0.032710280373831724,184933962.0,1211362603.0,124978163648.91,124978163648.91,0.009810611168078989,7.663981784166162,2022-08-26,2022-06-30,7.792945175402457,1.8607295892588502,3.069879929434907,0.8769221516920258,6.6300000000000034
sh601985,2022-08-22,6.64,6.75,6.62,6.69,0.009049773755656076,134151164.0,896898058.0,126109187754.33,126109187754.33,0.007116620946828555,7.733339085380334,2022-08-26,2022-06-30,7.863469566130081,1.877568771062098,3.0976616482533226,0.8848580987661618,6.690000000000003
sh601985,2022-08-23,6.63,6.76,6.61,6.69,0.0,94572363.0,633134556.0,126109187754.33,126109187754.33,0.0050169945563563936,7.733339085380334,2022-08-26,2022-06-30,7.863469566130081,1.877568771062098,3.0976616482533226,0.8848580987661618,6.690000000000003
sh601985,2022-08-24,6.69,6.77,6.59,6.61,-0.01195814648729443,112458173.0,747693083.0,124601155613.77,124601155613.77,0.005965823670481677,7.640862683761437,2022-08-26,2022-06-30,7.769437045159916,1.855116528657768,3.0606193564954354,0.8742768360006472,6.610000000000003
sh601985,2022-08-25,6.65,6.72,6.63,6.68,0.010590015128592922,82866464.0,552836167.0,125920683736.76,125920683736.76,0.004396005192262174,7.721779535177971,2022-08-26,2022-06-30,7.851715501008809,1.8747622407615565,3.0930313617835865,0.8835354409204724,6.6800000000000015
sh601985,2022-08-26,6.68,6.68,6.47,6.56,-0.017964071856287456,148546308.0,973915132.0,123658635525.92,123658635525.92,0.00788027278754619,7.5830649327496245,2022-08-26,2022-06-30,7.710666719553561,1.8410838771550615,3.0374679241467555,0.8676635467722005,6.560000000000002
sh601985,2022-08-29,6.52,6.65,6.48,6.63,0.010670731707317138,103535894.0,681768327.0,124978163648.91,124978163648.91,0.005492503307604703,7.66398178416616,2022-10-28,2022-09-30,7.324900859518357,1.8126151004823705,3.009237036214198,0.8422475510365803,6.630000000000002
sh601985,2022-08-30,6.63,6.68,6.42,6.48,-0.02262443438914019,84139433.0,548014093.0,122150603385.36,122150603385.36,0.004463535264905176,7.490588531130728,2022-10-28,2022-09-30,7.159179120615228,1.7716057090687425,2.9411547503269992,0.8231921765787392,6.480000000000002
sh601985,2022-08-31,6.47,6.5,6.33,6.37,-0.016975308641975384,88276524.0,564782330.0,120077059192.09,120077059192.09,0.00468300491087512,7.363433478904742,2022-10-28,2022-09-30,7.037649845419598,1.7415321553654148,2.891227740676386,0.8092182353096556,6.370000000000002
sh601985,2022-09-01,6.37,6.4,6.27,6.29,-0.012558869701726816,67629358.0,428306607.0,118569027051.53,118569027051.53,0.0035876878844179638,7.270957077285845,2022-10-28,2022-09-30,6.949264918004595,1.7196604799448132,2.8549171882032134,0.7990553689321404,6.290000000000003
sh601985,2022-09-02,6.29,6.43,6.29,6.31,0.0031796502384737746,70558485.0,446586271.0,118946035086.67,118946035086.67,0.0037430759253605016,7.294076177690569,2022-10-28,2022-09-30,6.971361149858346,1.7251283987999635,2.8639948263215067,0.8015960855265192,6.310000000000003
sh601985,2022-09-05,6.29,6.5,6.27,6.5,0.030110935023771823,98614985.0,634149527.0,122527611420.5,122527611420.5,0.005231452691101389,7.513707631535452,2022-10-28,2022-09-30,7.181275352468978,1.7770736279238928,2.950232388445292,0.825732893173118,6.500000000000003
sh601985,2022-09-06,6.53,6.63,6.45,6.6,0.01538461538461533,105369674.0,689709497.0,124412651596.2,124412651596.2,0.00558978399284628,7.629303133559074,2022-10-28,2022-09-30,7.291756511737731,1.8044132221996447,2.995620579036758,0.8384364761450122,6.600000000000002
sh601985,2022-09-07,6.58,6.68,6.53,6.66,0.00909090909090926,88255417.0,582710834.0,125543675701.62,125543675701.62,0.004681885199991921,7.698660434773248,2022-10-28,2022-09-30,7.358045207298984,1.8208169787650963,3.022853493391638,0.8460586259281486,6.660000000000003
sh601985,2022-09-08,6.63,6.79,6.61,6.66,0.0,115277116.0,771857387.0,125543675701.62,125543675701.62,0.006115366530964913,7.698660434773248,2022-10-28,2022-09-30,7.358045207298984,1.8208169787650963,3.022853493391638,0.8460586259281486,6.660000000000003
sh601985,2022-09-09,6.66,6.75,6.62,6.66,0.0,83073397.0,554850360.0,125543675701.62,125543675701.62,0.004406982836275684,7.698660434773248,2022-10-28,2022-09-30,7.358045207298984,1.8208169787650963,3.022853493391638,0.8460586259281486,6.660000000000003
sh601985,2022-09-13,6.67,6.68,6.51,6.55,-0.016516516516516533,85731182.0,562807438.0,123470131508.35,123470131508.35,0.004547976382952378,7.5715053825472625,2022-10-28,2022-09-30,7.236515932103354,1.7907434250617689,2.972926483741025,0.832084684659065,6.5500000000000025
sh601985,2022-09-14,6.48,6.51,6.38,6.44,-0.016793893129770865,85420249.0,550060664.0,121396587315.08,121396587315.08,0.00453148161514805,7.44435033032128,2022-10-28,2022-09-30,7.1149866569077265,1.7606698713584414,2.9229994740904126,0.8181107433899816,6.440000000000004
sh601985,2022-09-15,6.65,6.7,6.43,6.48,0.006211180124223503,245449203.0,1615263692.0,122150603385.36,122150603385.36,0.01302090035873393,7.490588531130728,2022-10-28,2022-09-30,7.159179120615228,1.7716057090687425,2.9411547503269992,0.8231921765787392,6.480000000000002
sh601985,2022-09-16,6.43,6.48,6.16,6.16,-0.04938271604938271,170286640.0,1071233276.0,116118474823.12,116118474823.12,0.009033581469252502,7.120682924655135,2022-10-28,2022-09-30,6.805639410955216,1.6841190073863352,2.7959125404343075,0.7825407110686781,6.160000000000002
sh601985,2022-09-19,6.15,6.15,6.0,6.08,-0.012987012987012991,104589600.0,634803490.0,114610442682.56,114610442682.56,0.00554840163876938,7.028206523036238,2022-10-28,2022-09-30,6.717254483540214,1.6622473319657336,2.7596019879611347,0.7723778446911627,6.080000000000003
sh601985,2022-09-20,6.11,6.15,6.04,6.06,-0.00328947368421062,81620942.0,495628408.0,114233434647.42,114233434647.42,0.004329931162856541,7.005087422631513,2022-10-28,2022-09-30,6.695158251686462,1.6567794131105829,2.7505243498428413,0.7698371280967838,6.060000000000002
sh601985,2022-09-21,6.04,6.23,5.98,6.16,0.01650165016501659,92010898.0,563461239.0,116118474823.12,116118474823.12,0.004881110715098272,7.120682924655137,2022-10-28,2022-09-30,6.805639410955216,1.6841190073863352,2.7959125404343075,0.7825407110686781,6.160000000000004
sh601985,2022-09-22,6.13,6.17,6.1,6.13,-0.004870129870129913,53002514.0,324770526.0,115552962770.41,115552962770.41,0.0028117445284855953,7.086004274048049,2022-10-28,2022-09-30,6.77249506317459,1.6759171291036095,2.7822960832568677,0.7787296361771098,6.130000000000003
sh601985,2022-09-23,6.13,6.16,5.96,6.05,-0.013050570962479635,84839693.0,513426468.0,114044930629.85,114044930629.85,0.004500683544768228,6.9935278724291505,2022-10-28,2022-09-30,6.684110135759587,1.6540454536830078,2.745985530783695,0.7685667697995945,6.050000000000002
sh601985,2022-09-26,6.0,6.12,5.97,5.97,-0.013223140495867813,64723949.0,391485457.0,112536898489.29,112536898489.29,0.0034335580659953357,6.901051470810252,2022-10-28,2022-09-30,6.595725208344584,1.632173778262406,2.709674978310522,0.7584039034220791,5.970000000000001
sh601985,2022-09-27,6.0,6.05,5.93,6.04,0.011725293132328396,50233281.0,301693511.0,113856426612.28,113856426612.28,0.002664838747075835,6.981968322226788,2022-10-28,2022-09-30,6.673062019832712,1.6513114942554326,2.7414467117245485,0.767296411502405,6.040000000000001
sh601985,2022-09-28,6.04,6.06,5.86,5.86,-0.02980132450331119,69086252.0,409898607.0,110463354296.02,110463354296.02,0.003664975043534294,6.773896418584267,2022-10-28,2022-09-30,6.474195933148956,1.6021002245590787,2.6597479686599095,0.7444299621529957,5.860000000000001
sh601985,2022-09-29,5.92,5.94,5.81,5.88,0.0034129692832762792,57676370.0,338404950.0,110840362331.16,110840362331.16,0.0030596891643745565,6.797015518988991,2022-10-28,2022-09-30,6.496292165002706,1.607568143414229,2.668825606778203,0.7469706787473744,5.880000000000001
sh601985,2022-09-30,5.84,5.9,5.83,5.85,-0.005102040816326592,44891164.0,262927044.0,110274850278.45,110274850278.45,0.002381443354825575,6.7623368683819045,2022-10-28,2022-09-30,6.4631478172220795,1.5993662651315033,2.6552091496007626,0.7431596038558062,5.8500000000000005
sh601985,2022-10-10,5.85,5.96,5.83,5.86,0.0017094017094019254,76678703.0,451392221.0,110463354296.02,110463354296.02,0.004067749005483438,6.773896418584268,2022-10-28,2022-09-30,6.474195933148956,1.6021002245590787,2.6597479686599095,0.7444299621529957,5.860000000000002
sh601985,2022-10-11,5.87,6.35,5.84,6.29,0.07337883959044356,181855960.0,1122089327.0,118569027051.53,118569027051.53,0.009647325417479164,7.270957077285844,2022-10-28,2022-09-30,6.949264918004595,1.7196604799448132,2.8549171882032134,0.7990553689321404,6.290000000000002
sh601985,2022-10-12,6.28,6.28,6.12,6.28,-0.0015898251192368873,99307360.0,615793710.0,118380523033.96,118380523033.96,0.005268182677492416,7.259397527083482,2022-10-28,2022-09-30,6.93821680207772,1.716926520517238,2.850378369144067,0.797785010634951,6.280000000000002
sh601985,2022-10-13,6.25,6.32,6.21,6.28,0.0,61755330.0,387948886.0,118380523033.96,118380523033.96,0.0032760750033917698,7.259397527083482,2022-10-28,2022-09-30,6.93821680207772,1.716926520517238,2.850378369144067,0.797785010634951,6.280000000000002
sh601985,2022-10-14,6.29,6.36,6.25,6.32,0.006369426751592355,79614766.0,502649064.0,119134539104.24,119134539104.24,0.004223504996143409,7.305635727892931,2022-10-28,2022-09-30,6.982409265785222,1.7278623582275388,2.8685336453806536,0.8028664438237086,6.320000000000002
sh601985,2022-10-17,6.3,6.36,6.17,6.31,-0.0015822784810127777,63816095.0,399809556.0,118946035086.67,118946035086.67,0.0033853970765531415,7.2940761776905685,2022-10-28,2022-09-30,6.971361149858346,1.7251283987999635,2.8639948263215067,0.8015960855265192,6.310000000000001
sh601985,2022-10-18,6.33,6.42,6.28,6.3,-0.0015847860538826808,65788531.0,416952262.0,118757531069.1,118757531069.1,0.003490033360990291,7.2825166274882065,2022-10-28,2022-09-30,6.96031303393147,1.7223944393723882,2.85945600726236,0.8003257272293297,6.3000000000000025
sh601985,2022-10-19,6.29,6.31,6.17,6.18,-0.01904761904761909,61149188.0,380492846.0,116495482858.26,116495482858.26,0.003243919614460873,7.14380202505986,2022-10-28,2022-09-30,6.827735642808967,1.6895869262414855,2.804990178552601,0.7850814276630568,6.180000000000002
sh601985,2022-10-20,6.17,6.28,6.13,6.19,0.0016181229773464256,66999994.0,415450866.0,116683986875.83,116683986875.83,0.003554300585403698,7.155361575262223,2022-10-28,2022-09-30,6.838783758735842,1.692320885669061,2.8095289976117477,0.7863517859602462,6.190000000000003
sh601985,2022-10-21,6.18,6.36,6.17,6.26,0.011308562197092087,73682733.0,463957253.0,118003514998.82,118003514998.82,0.003908814992372154,7.2362784266787585,2022-10-28,2022-09-30,6.91612057022397,1.7114586016620874,2.8413007310257736,0.7952442940405721,6.260000000000003
sh601985,2022-10-24,6.29,6.3,6.14,6.22,-0.006389776357827448,90806778.0,563958066.0,117249498928.54,117249498928.54,0.004817233031454057,7.19004022586931,2022-10-28,2022-09-30,6.871928106516468,1.7005227639517866,2.823145454789187,0.7901628608518144,6.220000000000002
sh601985,2022-10-25,6.21,6.22,6.06,6.07,-0.024115755627009516,81318087.0,497647528.0,114421938664.99,114421938664.99,0.004313864927032812,7.016646972833876,2022-10-28,2022-09-30,6.706206367613338,1.6595133725381583,2.755063168901988,0.7711074863939733,6.070000000000003
sh601985,2022-10-26,6.08,6.19,6.07,6.12,0.008237232289950658,59012070.0,361776513.0,115364458752.84,115364458752.84,0.003130547070599499,7.074444723845689,2022-10-28,2022-09-30,6.761446947247714,1.6731831696760344,2.7777572641977213,0.7774592778799204,6.1200000000000045
sh601985,2022-10-27,6.11,6.15,6.04,6.05,-0.011437908496732097,56149984.0,341422309.0,114044930629.85,114044930629.85,0.0029787155055806167,6.993527872429153,2022-10-28,2022-09-30,6.684110135759587,1.6540454536830078,2.745985530783695,0.7685667697995945,6.050000000000004
sh601985,2022-10-28,6.08,6.14,5.91,5.94,-0.018181818181818077,80170993.0,483305292.0,111971386436.58,111971386436.58,0.0042530124309010505,6.86637282020317,2022-10-28,2022-09-30,6.562580860563958,1.6239718999796806,2.6960585211330823,0.754592828530511,5.940000000000006
sh601985,2022-10-31,5.91,6.09,5.87,6.03,0.015151515151515138,70270548.0,421127686.0,113667922594.71,113667922594.71,0.0037278010785051514,6.97040877202443,2023-04-27,2023-03-31,6.945285425587133,1.576976947975882,2.4690575466896183,0.7405226575231166,6.030000000000006
sh601985,2022-11-01,6.0,6.05,5.94,6.05,0.0033167495854062867,81037278.0,485681942.0,114044930629.85,114044930629.85,0.004298968215354202,6.993527872429155,2023-04-27,2023-03-31,6.968321198142977,1.582207385614276,2.4772467922839456,0.7429787857404403,6.050000000000006
sh601985,2022-11-02,6.02,6.03,5.95,5.99,-0.009917355371900749,91561812.0,547780718.0,112913906524.43,112913906524.43,0.0048572870318797845,6.924170571214982,2023-04-27,2023-03-31,6.899213880475443,1.5665160726990932,2.452679055500964,0.7356104010884691,5.990000000000006
sh601985,2022-11-03,5.96,5.97,5.87,5.94,-0.008347245409014992,85808409.0,507193395.0,111971386436.58,111971386436.58,0.00455207321871193,6.866372820203171,2023-04-27,2023-03-31,6.841624449085832,1.5534399786031075,2.4322059415151465,0.7294700805451597,5.940000000000007
sh601985,2022-11-04,5.92,6.05,5.9,6.03,0.015151515151515138,89758191.0,539175811.0,113667922594.71,113667922594.71,0.004761606259488276,6.970408772024432,2023-04-27,2023-03-31,6.945285425587133,1.576976947975882,2.4690575466896183,0.7405226575231166,6.0300000000000065
sh601985,2022-11-07,6.03,6.06,5.99,6.06,0.004975124378109319,71340619.0,430015677.0,114233434647.42,114233434647.42,0.003784567560927874,7.005087422631518,2023-04-27,2023-03-31,6.979839084420899,1.5848226044334732,2.481341415081109,0.7442068498491022,6.060000000000007
sh601985,2022-11-08,6.05,6.06,5.97,6.03,-0.004950495049504844,61158286.0,367537227.0,113667922594.71,113667922594.71,0.003244402256694035,6.970408772024432,2023-04-27,2023-03-31,6.945285425587133,1.576976947975882,2.4690575466896183,0.7405226575231166,6.0300000000000065
sh601985,2022-11-09,6.02,6.05,5.98,5.98,-0.008291873963515717,46852788.0,281370182.0,112725402506.86,112725402506.86,0.002485506070585549,6.912611021012621,2023-04-27,2023-03-31,6.8876959941975215,1.5639008538798962,2.4485844327038007,0.7343823369798073,5.980000000000007
sh601985,2022-11-10,5.95,5.98,5.93,5.95,-0.0050167224080267525,51112597.0,304133899.0,112159890454.15,112159890454.15,0.0027114858165301226,6.877932370405535,2023-04-27,2023-03-31,6.853142335363755,1.5560551974223047,2.43630056431231,0.7306981446538215,5.950000000000007
sh601985,2022-11-11,6.04,6.16,5.98,6.15,0.03361344537815136,139398346.0,847819691.0,115929970805.55,115929970805.55,0.007394980106895342,7.10912337445278,2023-04-27,2023-03-31,7.0835000609222005,1.6083595738062477,2.518193020255581,0.7552594268270593,6.150000000000008
sh601985,2022-11-14,6.16,6.19,6.07,6.08,-0.011382113821138296,73093824.0,447739112.0,114610442682.56,114610442682.56,0.003877573801463249,7.0282065230362445,2023-04-27,2023-03-31,7.002874856976744,1.5900530420718675,2.489530660675436,0.746662978066426,6.080000000000008
sh601985,2022-11-15,6.09,6.19,6.07,6.18,0.016447368421052655,66332118.0,407795259.0,116495482858.26,116495482858.26,0.0035188702530102793,7.143802025059866,2023-04-27,2023-03-31,7.118053719755967,1.616205230263839,2.5304768886470717,0.7589436191530449,6.180000000000008
sh601985,2022-11-16,6.17,6.32,6.16,6.21,0.004854368932038833,90070232.0,561780537.0,117060994910.97,117060994910.97,0.004778159805880683,7.178480675666952,2023-04-27,2023-03-31,7.1526073785897335,1.6240508867214305,2.5427607570385624,0.7626278114790305,6.210000000000007
sh601985,2022-11-17,6.18,6.22,6.13,6.21,0.0,54318695.0,335592613.0,117060994910.97,117060994910.97,0.0028815669660636825,7.178480675666952,2023-04-27,2023-03-31,7.1526073785897335,1.6240508867214305,2.5427607570385624,0.7626278114790305,6.210000000000007
sh601985,2022-11-18,6.21,6.21,6.13,6.13,-0.012882447665056418,77487801.0,477621761.0,115552962770.41,115552962770.41,0.004110671061492114,7.0860042740480536,2023-04-27,2023-03-31,7.060464288366355,1.6031291361678532,2.510003774661254,0.7528032986097354,6.130000000000006
sh601985,2022-11-21,6.11,6.17,6.09,6.14,0.0016313213703098572,55182227.0,337774267.0,115741466787.98,115741466787.98,0.002927376705884179,7.0975638242504155,2023-04-27,2023-03-31,7.071982174644277,1.6057443549870505,2.5140983974584175,0.7540313627183973,6.140000000000006
sh601985,2022-11-22,6.13,6.41,6.11,6.27,0.021172638436482094,145480179.0,912505313.0,118192019016.39,118192019016.39,0.007717616890896062,7.247837976881125,2023-04-27,2023-03-31,7.2217146962572665,1.6397421996366133,2.5673284938215435,0.7699961961310018,6.270000000000007
sh601985,2022-11-23,6.23,6.39,6.2,6.32,0.00797448165869219,125211570.0,790340918.0,119134539104.24,119134539104.24,0.006642382035889677,7.305635727892936,2023-04-27,2023-03-31,7.279304127646879,1.6528182937325993,2.587801607807361,0.7761365166743113,6.3200000000000065
sh601985,2022-11-24,6.3,6.33,6.25,6.26,-0.009493670886076,65894895.0,413226699.0,118003514998.82,118003514998.82,0.0034956758932488145,7.236278426678762,2023-04-27,2023-03-31,7.210196809979345,1.6371269808174163,2.56323387102438,0.76876813202234,6.260000000000006
sh601985,2022-11-25,6.25,6.36,6.21,6.34,0.012779552715654896,91630835.0,577914658.0,119511547139.38,119511547139.38,0.004860948651451069,7.328754828297659,2023-04-27,2023-03-31,7.302339900202723,1.6580487313709935,2.5959908534016884,0.778592644891635,6.340000000000005
sh601985,2022-11-28,6.28,6.33,6.15,6.28,-0.009463722397476282,98929678.0,618051293.0,118380523033.96,118380523033.96,0.005248146924150461,7.259397527083487,2023-04-27,2023-03-31,7.23323258253519,1.6423574184558107,2.571423116618707,0.7712242602396637,6.280000000000006
sh601985,2022-11-29,6.26,6.31,6.21,6.28,0.0,88827540.0,556078085.0,118380523033.96,118380523033.96,0.0047122359059012815,7.259397527083487,2023-04-27,2023-03-31,7.23323258253519,1.6423574184558107,2.571423116618707,0.7712242602396637,6.280000000000006
sh601985,2022-11-30,6.27,6.34,6.23,6.24,-0.006369426751592355,82316512.0,517151758.0,117626506963.68,117626506963.68,0.004366830641656334,7.213159326274037,2023-04-27,2023-03-31,7.1871610374235,1.631896543179022,2.5550446254300527,0.7663120038050162,6.2400000000000055
sh601985,2022-12-01,6.3,6.31,6.24,6.24,0.0,66021703.0,413626167.0,117626506963.68,117626506963.68,0.0035024029647263712,7.213159326274037,2023-04-27,2023-03-31,7.1871610374235,1.631896543179022,2.5550446254300527,0.7663120038050162,6.2400000000000055
sh601985,2022-12-02,6.23,6.26,6.21,6.24,0.0,49251198.0,307021458.0,117626506963.68,117626506963.68,0.002612739963577212,7.213159326274037,2023-04-27,2023-03-31,7.1871610374235,1.631896543179022,2.5550446254300527,0.7663120038050162,6.2400000000000055
sh601985,2022-12-05,6.27,6.51,6.27,6.47,0.03685897435897423,177031093.0,1134964844.0,121962099367.79,121962099367.79,0.009391369758698136,7.479028980928367,2023-04-27,2023-03-31,7.452072421815712,1.6920465760205563,2.6492209497648145,0.7945574783042395,6.470000000000004
sh601985,2022-12-06,6.46,6.46,6.34,6.42,-0.007727975270479082,105047572.0,672379297.0,121019579279.94,121019579279.94,0.005572696717776379,7.421231229916557,2023-04-27,2023-03-31,7.394482990426101,1.6789704819245705,2.628747835778997,0.7884171577609301,6.420000000000004
sh601985,2022-12-07,6.4,6.41,6.28,6.31,-0.017133956386292892,107891712.0,682264037.0,118946035086.67,118946035086.67,0.005723576260645743,7.294076177690571,2023-04-27,2023-03-31,7.267786241368956,1.650203074913402,2.5837069850101977,0.7749084525656493,6.310000000000004
sh601985,2022-12-08,6.3,6.32,6.26,6.31,0.0,52208980.0,328359851.0,118946035086.67,118946035086.67,0.0027696481312719217,7.294076177690571,2023-04-27,2023-03-31,7.267786241368956,1.650203074913402,2.5837069850101977,0.7749084525656493,6.310000000000004
sh601985,2022-12-09,6.28,6.31,6.22,6.26,-0.007923930269413626,73662194.0,460347312.0,118003514998.82,118003514998.82,0.003907725413472735,7.23627842667876,2023-04-27,2023-03-31,7.210196809979345,1.6371269808174163,2.56323387102438,0.76876813202234,6.260000000000004
sh601985,2022-12-12,6.25,6.25,6.16,6.18,-0.012779552715655007,60554149.0,374818285.0,116495482858.26,116495482858.26,0.0032123532315439128,7.143802025059862,2023-04-27,2023-03-31,7.118053719755967,1.616205230263839,2.5304768886470717,0.7589436191530449,6.180000000000003
sh601985,2022-12-13,6.18,6.23,6.18,6.21,0.004854368932038833,45462515.0,282094276.0,117060994910.97,117060994910.97,0.0024117531067006427,7.178480675666948,2023-04-27,2023-03-31,7.1526073785897335,1.6240508867214305,2.5427607570385624,0.7626278114790305,6.2100000000000035
sh601985,2022-12-14,6.24,6.26,6.17,6.19,-0.0032206119162639935,40955052.0,253963806.0,116683986875.83,116683986875.83,0.0021726354975321175,7.155361575262225,2023-04-27,2023-03-31,7.129571606033889,1.6188204490830362,2.534571511444235,0.7601716832617068,6.190000000000005
sh601985,2022-12-15,6.17,6.2,6.14,6.15,-0.00646203554119551,36400063.0,224007120.0,115929970805.55,115929970805.55,0.001930996668889724,7.109123374452776,2023-04-27,2023-03-31,7.0835000609222005,1.6083595738062477,2.518193020255581,0.7552594268270593,6.150000000000004
sh601985,2022-12-16,6.15,6.21,6.13,6.19,0.006504065040650486,41010015.0,253497371.0,116683986875.83,116683986875.83,0.0021755512444062972,7.155361575262225,2023-04-27,2023-03-31,7.129571606033889,1.6188204490830362,2.534571511444235,0.7601716832617068,6.190000000000005
sh601985,2022-12-19,6.17,6.22,6.04,6.06,-0.021001615508885463,60799389.0,371159184.0,114233434647.42,114233434647.42,0.0032253630338367964,7.005087422631515,2023-04-27,2023-03-31,6.979839084420899,1.5848226044334732,2.481341415081109,0.7442068498491022,6.060000000000004
sh601985,2022-12-20,6.04,6.08,6.01,6.05,-0.0016501650165016146,31087143.0,188038538.0,114044930629.85,114044930629.85,0.0016491501560944688,6.993527872429153,2023-04-27,2023-03-31,6.968321198142977,1.582207385614276,2.4772467922839456,0.7429787857404403,6.050000000000004
sh601985,2022-12-21,6.06,6.07,6.01,6.03,-0.0033057851239668423,23677841.0,143080295.0,113667922594.71,113667922594.71,0.001256092114387289,6.97040877202443,2023-04-27,2023-03-31,6.945285425587133,1.576976947975882,2.4690575466896183,0.7405226575231166,6.030000000000006
sh601985,2022-12-22,6.05,6.06,5.94,5.96,-0.011608623548922115,39059287.0,234367478.0,112348394471.72,112348394471.72,0.002072066553461946,6.889491920607894,2023-04-27,2023-03-31,6.864660221641676,1.5586704162415017,2.4403951871094733,0.7319262087624834,5.960000000000005
sh601985,2022-12-23,5.93,5.99,5.92,5.96,0.0,22661559.0,134951318.0,112348394471.72,112348394471.72,0.0012021790989990304,6.889491920607894,2023-04-27,2023-03-31,6.864660221641676,1.5586704162415017,2.4403951871094733,0.7319262087624834,5.960000000000005
sh601985,2022-12-26,5.96,5.99,5.94,5.97,0.001677852348993314,41593035.0,247899227.0,112536898489.29,112536898489.29,0.0022064800281805476,6.901051470810258,2023-04-27,2023-03-31,6.876178107919599,1.5612856350606987,2.4444898099066372,0.7331542728711452,5.970000000000006
sh601985,2022-12-27,5.99,6.01,5.98,6.0,0.005025125628140836,35386264.0,212204853.0,113102410541.99998,113102410541.99998,0.0018772153748319715,6.935730121417346,2023-04-27,2023-03-31,6.910731766753365,1.56913129151829,2.456773678298127,0.7368384651971308,6.000000000000007
sh601985,2022-12-28,5.99,6.09,5.97,6.05,0.008333333333333304,51972999.0,314572267.0,114044930629.85,114044930629.85,0.002757129512144222,6.993527872429157,2023-04-27,2023-03-31,6.968321198142977,1.582207385614276,2.4772467922839456,0.7429787857404403,6.050000000000007
sh601985,2022-12-29,6.03,6.04,5.97,5.99,-0.009917355371900749,33623771.0,201719421.0,112913906524.43,112913906524.43,0.0017837164127026623,6.924170571214984,2023-04-27,2023-03-31,6.899213880475443,1.5665160726990932,2.452679055500964,0.7356104010884691,5.990000000000008
sh601985,2022-12-30,6.0,6.03,5.98,6.0,0.0016694490818029983,30739469.0,184547762.0,113102410541.99998,113102410541.99998,0.001630706305163234,6.935730121417346,2023-04-27,2023-03-31,6.910731766753365,1.56913129151829,2.456773678298127,0.7368384651971308,6.000000000000007
sh601985,2023-01-03,6.01,6.1,5.99,6.09,0.014999999999999902,49604302.0,300517694.0,114798946700.13,114798946700.13,0.002631471872029449,7.039766073238605,2023-04-27,2023-03-31,7.014392743254666,1.5926682608910647,2.4936252834726,0.7478910421750878,6.090000000000006
sh601985,2023-01-04,6.08,6.1,6.06,6.07,-0.003284072249589376,41824722.0,254270093.0,114421938664.99,114421938664.99,0.002218770853754807,7.016646972833882,2023-04-27,2023-03-31,6.9913569706988214,1.5874378232526705,2.4854360378782725,0.7454349139577642,6.070000000000007
sh601985,2023-01-05,6.07,6.11,6.03,6.04,-0.0049423393739703725,68786781.0,416759994.0,113856426612.28,113856426612.28,0.003649088326430835,6.981968322226795,2023-04-27,2023-03-31,6.9568033118650545,1.579592166795079,2.4731521694867817,0.7417507216317785,6.040000000000008
sh601985,2023-01-06,6.05,6.07,6.04,6.06,0.0033112582781456013,58812207.0,356148957.0,114233434647.42,114233434647.42,0.0031199444849052296,7.005087422631518,2023-04-27,2023-03-31,6.979839084420899,1.5848226044334732,2.481341415081109,0.7442068498491022,6.060000000000007
sh601985,2023-01-09,6.07,6.1,6.05,6.06,0.0,63999435.0,388488512.0,114233434647.42,114233434647.42,0.0033951231292051447,7.005087422631518,2023-04-27,2023-03-31,6.979839084420899,1.5848226044334732,2.481341415081109,0.7442068498491022,6.060000000000007
sh601985,2023-01-10,6.05,6.08,5.96,5.98,-0.013201320132013028,88694414.0,532275164.0,112725402506.86,112725402506.86,0.004705173669153432,6.912611021012621,2023-04-27,2023-03-31,6.8876959941975215,1.5639008538798962,2.4485844327038007,0.7343823369798073,5.980000000000007
sh601985,2023-01-11,6.0,6.02,5.95,5.97,-0.0016722408026756952,61944219.0,370526464.0,112536898489.29,112536898489.29,0.0032860954264275735,6.901051470810258,2023-04-27,2023-03-31,6.876178107919599,1.5612856350606987,2.4444898099066372,0.7331542728711452,5.970000000000006
sh601985,2023-01-12,5.96,6.0,5.96,5.98,0.0016750418760469454,31155364.0,186180552.0,112725402506.86,112725402506.86,0.001652769230153443,6.912611021012621,2023-04-27,2023-03-31,6.8876959941975215,1.5639008538798962,2.4485844327038007,0.7343823369798073,5.980000000000007
sh601985,2023-01-13,5.98,5.99,5.93,5.99,0.0016722408026754731,64245534.0,382828194.0,112913906524.43,112913906524.43,0.00340817850081857,6.924170571214982,2023-04-27,2023-03-31,6.899213880475443,1.5665160726990932,2.452679055500964,0.7356104010884691,5.990000000000006
sh601985,2023-01-16,5.98,6.03,5.97,6.0,0.0016694490818029983,81399379.0,488089997.0,113102410541.99998,113102410541.99998,0.004318177408063612,6.935730121417344,2023-04-27,2023-03-31,6.910731766753365,1.56913129151829,2.456773678298127,0.7368384651971308,6.000000000000006
sh601985,2023-01-17,6.0,6.02,5.95,5.97,-0.0050000000000000044,68895628.0,411216613.0,112536898489.29,112536898489.29,0.003654862580019864,6.901051470810258,2023-04-27,2023-03-31,6.876178107919599,1.5612856350606987,2.4444898099066372,0.7331542728711452,5.970000000000006
sh601985,2023-01-18,5.96,5.99,5.96,5.98,0.0016750418760469454,37020251.0,221309895.0,112725402506.86,112725402506.86,0.0019638971878279845,6.912611021012621,2023-04-27,2023-03-31,6.8876959941975215,1.5639008538798962,2.4485844327038007,0.7343823369798073,5.980000000000007
sh601985,2023-01-19,5.97,6.0,5.95,6.0,0.0033444816053511683,37436004.0,223527817.0,113102410541.99998,113102410541.99998,0.0019859525798222493,6.935730121417346,2023-04-27,2023-03-31,6.910731766753365,1.56913129151829,2.456773678298127,0.7368384651971308,6.000000000000007
sh601985,2023-01-20,5.98,6.02,5.96,6.02,0.0033333333333331883,135376937.0,811463050.0,113479418577.14,113479418577.14,0.0071816473062558716,6.958849221822069,2023-04-27,2023-03-31,6.933767539309209,1.5743617291566845,2.464962923892455,0.7392945934144547,6.020000000000006
sh601985,2023-01-30,6.05,6.07,6.0,6.03,0.0016611295681063787,107709693.0,649251446.0,113667922594.71,113667922594.71,0.005713920286075736,6.970408772024432,2023-04-27,2023-03-31,6.945285425587133,1.576976947975882,2.4690575466896183,0.7405226575231166,6.0300000000000065
sh601985,2023-01-31,6.02,6.06,6.01,6.04,0.0016583747927030323,75326186.0,454763500.0,113856426612.28,113856426612.28,0.003995998969731667,6.981968322226794,2023-04-27,2023-03-31,6.9568033118650545,1.579592166795079,2.4731521694867817,0.7417507216317785,6.040000000000006
sh601985,2023-02-01,6.05,6.09,6.03,6.09,0.008278145695364225,86334915.0,522947533.0,114798946700.13,114798946700.13,0.004580003976198543,7.039766073238605,2023-04-27,2023-03-31,7.014392743254666,1.5926682608910647,2.4936252834726,0.7478910421750878,6.090000000000006
sh601985,2023-02-02,6.09,6.1,6.04,6.05,-0.006568144499178974,102226619.0,619053012.0,114044930629.85,114044930629.85,0.005423047228266032,6.993527872429155,2023-04-27,2023-03-31,6.968321198142977,1.582207385614276,2.4772467922839456,0.7429787857404403,6.050000000000006
sh601985,2023-02-03,6.05,6.05,5.99,6.01,-0.006611570247933907,91821938.0,551824805.0,113290914559.57,113290914559.57,0.004871086525564496,6.947289671619706,2023-04-27,2023-03-31,6.922249653031288,1.5717465103374875,2.4608683010952914,0.7380665293057928,6.010000000000005
sh601985,2023-02-06,5.99,6.04,5.98,6.0,-0.0016638935108153063,74724295.0,448263333.0,113102410541.99998,113102410541.99998,0.00396406909323572,6.935730121417344,2023-04-27,2023-03-31,6.910731766753365,1.56913129151829,2.456773678298127,0.7368384651971308,6.000000000000006
sh601985,2023-02-07,6.0,6.02,5.98,6.01,0.0016666666666667052,45806885.0,274903408.0,113290914559.57,113290914559.57,0.0024300216828529848,6.947289671619707,2023-04-27,2023-03-31,6.922249653031288,1.5717465103374875,2.4608683010952914,0.7380665293057928,6.010000000000007
sh601985,2023-02-08,6.01,6.02,5.98,5.98,-0.004991680532445808,37353248.0,224001255.0,112725402506.86,112725402506.86,0.001981562434664241,6.912611021012621,2023-04-27,2023-03-31,6.8876959941975215,1.5639008538798962,2.4485844327038007,0.7343823369798073,5.980000000000007
sh601985,2023-02-09,5.98,6.01,5.98,6.01,0.0050167224080266415,46447927.0,278546750.0,113290914559.57,113290914559.57,0.0024640284912098385,6.947289671619707,2023-04-27,2023-03-31,6.922249653031288,1.5717465103374875,2.4608683010952914,0.7380665293057928,6.010000000000007
sh601985,2023-02-10,6.0,6.03,5.98,6.02,0.0016638935108153063,67319828.0,404301493.0,113479418577.14,113479418577.14,0.0035712675447355452,6.958849221822069,2023-04-27,2023-03-31,6.933767539309209,1.5743617291566845,2.464962923892455,0.7392945934144547,6.020000000000006
sh601985,2023-02-13,6.02,6.04,6.0,6.01,-0.0016611295681062677,62873156.0,378092272.0,113290914559.57,113290914559.57,0.0033353748535705544,6.947289671619707,2023-04-27,2023-03-31,6.922249653031288,1.5717465103374875,2.4608683010952914,0.7380665293057928,6.010000000000007
sh601985,2023-02-14,6.02,6.03,6.01,6.03,0.0033277870216306127,46864883.0,282077218.0,113667922594.71,113667922594.71,0.0024861477014725677,6.970408772024432,2023-04-27,2023-03-31,6.945285425587133,1.576976947975882,2.4690575466896183,0.7405226575231166,6.0300000000000065
sh601985,2023-02-15,6.02,6.03,5.99,5.99,-0.0066334991708125735,58861828.0,353207005.0,112913906524.43,112913906524.43,0.003122576842593923,6.924170571214982,2023-04-27,2023-03-31,6.899213880475443,1.5665160726990932,2.452679055500964,0.7356104010884691,5.990000000000006
sh601985,2023-02-16,5.99,6.02,5.93,5.95,-0.006677796327211993,97443661.0,583330712.0,112159890454.15,112159890454.15,0.005169314811224901,6.877932370405533,2023-04-27,2023-03-31,6.853142335363755,1.5560551974223047,2.43630056431231,0.7306981446538215,5.950000000000006
sh601985,2023-02-17,5.95,5.97,5.93,5.94,-0.001680672268907557,55821966.0,332224190.0,111971386436.58,111971386436.58,0.002961314391045846,6.866372820203171,2023-04-27,2023-03-31,6.841624449085832,1.5534399786031075,2.4322059415151465,0.7294700805451597,5.940000000000007
sh601985,2023-02-20,5.94,6.0,5.93,6.0,0.010101010101009944,71744081.0,428150779.0,113102410541.99998,113102410541.99998,0.003805970924378745,6.935730121417344,2023-04-27,2023-03-31,6.910731766753365,1.56913129151829,2.456773678298127,0.7368384651971308,6.000000000000006
sh601985,2023-02-21,6.0,6.05,5.99,6.05,0.008333333333333304,88830967.0,535013200.0,114044930629.85,114044930629.85,0.004712417705740042,6.993527872429155,2023-04-27,2023-03-31,6.968321198142977,1.582207385614276,2.4772467922839456,0.7429787857404403,6.050000000000006
sh601985,2023-02-22,6.03,6.08,6.01,6.03,-0.0033057851239668423,79826860.0,482379278.0,113667922594.71,113667922594.71,0.004234756427425039,6.970408772024432,2023-04-27,2023-03-31,6.945285425587133,1.576976947975882,2.4690575466896183,0.7405226575231166,6.0300000000000065
sh601985,2023-02-23,6.04,6.06,5.99,6.01,-0.0033167495854063977,68111383.0,409652198.0,113290914559.57,113290914559.57,0.0036132589574493917,6.947289671619707,2023-04-27,2023-03-31,6.922249653031288,1.5717465103374875,2.4608683010952914,0.7380665293057928,6.010000000000007
sh601985,2023-02-24,6.02,6.03,5.98,5.99,-0.0033277870216305017,33546549.0,201115672.0,112913906524.43,112913906524.43,0.0017796198421894463,6.924170571214984,2023-04-27,2023-03-31,6.899213880475443,1.5665160726990932,2.452679055500964,0.7356104010884691,5.990000000000008
sh601985,2023-02-27,5.99,6.06,5.98,6.02,0.005008347245408995,98597936.0,594898028.0,113479418577.14,113479418577.14,0.005230548254144565,6.95884922182207,2023-04-27,2023-03-31,6.933767539309209,1.5743617291566845,2.464962923892455,0.7392945934144547,6.020000000000008
sh601985,2023-02-28,6.05,6.08,6.02,6.06,0.006644518272425293,76893521.0,464750137.0,114233434647.42,114233434647.42,0.0040791449429689736,7.00508742263152,2023-04-27,2023-03-31,6.979839084420899,1.5848226044334732,2.481341415081109,0.7442068498491022,6.060000000000008
sh601985,2023-03-01,6.06,6.23,6.05,6.22,0.0264026402640265,224263016.0,1383534586.0,117249498928.54,117249498928.54,0.011896988663210909,7.190040225869316,2023-04-27,2023-03-31,7.164125264867655,1.6266661055406275,2.546855379835726,0.7638558755876924,6.220000000000008
sh601985,2023-03-02,6.24,6.55,6.21,6.42,0.032154340836012985,349903104.0,2254237035.0,121019579279.94,121019579279.94,0.018562103264990904,7.421231229916561,2023-04-27,2023-03-31,7.394482990426101,1.6789704819245705,2.628747835778997,0.7884171577609301,6.420000000000009
sh601985,2023-03-03,6.42,6.56,6.37,6.52,0.015576323987538832,221212014.0,1431900635.0,122904619455.64,122904619455.64,0.011735135242826008,7.536826731940183,2023-04-27,2023-03-31,7.509661853205324,1.705122670116542,2.669694063750632,0.8006977988475489,6.5200000000000085
sh601985,2023-03-06,6.55,6.64,6.5,6.52,0.0,233179825.0,1529930395.0,122904619455.64,122904619455.64,0.012370018846596194,7.536826731940183,2023-04-27,2023-03-31,7.509661853205324,1.705122670116542,2.669694063750632,0.8006977988475489,6.5200000000000085
sh601985,2023-03-07,6.49,6.68,6.48,6.49,-0.004601226993864893,221754729.0,1462491906.0,122339107402.93,122339107402.93,0.01176392587588498,7.502148081333097,2023-04-27,2023-03-31,7.475108194371558,1.6972770136589508,2.657410195359142,0.7970136065215633,6.490000000000008
sh601985,2023-03-08,6.45,6.57,6.43,6.56,0.010785824345146189,125109341.0,814494382.0,123658635525.92,123658635525.92,0.0066369588623511055,7.583064932749631,2023-04-27,2023-03-31,7.555733398317012,1.7155835453933306,2.6860725549392863,0.8056100552821964,6.560000000000008
sh601985,2023-03-09,6.57,6.58,6.47,6.52,-0.0060975609756097615,77687724.0,506368041.0,122904619455.64,122904619455.64,0.004121276830142417,7.536826731940181,2023-04-27,2023-03-31,7.509661853205324,1.705122670116542,2.669694063750632,0.8006977988475489,6.520000000000007
sh601985,2023-03-10,6.48,6.54,6.44,6.49,-0.004601226993864893,86989746.0,564852870.0,122339107402.93,122339107402.93,0.004614742280901085,7.502148081333095,2023-04-27,2023-03-31,7.475108194371558,1.6972770136589508,2.657410195359142,0.7970136065215633,6.490000000000007
sh601985,2023-03-13,6.48,6.67,6.45,6.62,0.02003081664098616,139411439.0,918971678.0,124789659631.34,124789659631.34,0.007395674680951045,7.652422233963804,2023-04-27,2023-03-31,7.624840715984547,1.7312748583085138,2.710640291722268,0.8129784399341679,6.620000000000008
sh601985,2023-03-14,6.6,6.73,6.56,6.62,0.0,143258811.0,952768420.0,124789659631.34,124789659631.34,0.0075997749462714545,7.652422233963804,2023-04-27,2023-03-31,7.624840715984547,1.7312748583085138,2.710640291722268,0.8129784399341679,6.620000000000008
sh601985,2023-03-15,6.64,6.8,6.52,6.76,0.02114803625377637,180006192.0,1206713012.0,127428715877.32,127428715877.32,0.009549196580553284,7.814255936796876,2023-04-27,2023-03-31,7.786091123875458,1.7678879217772738,2.7679650108825573,0.8301713374554341,6.760000000000008
sh601985,2023-03-16,6.72,6.8,6.66,6.68,-0.01183431952662728,120212394.0,808223879.0,125920683736.76,125920683736.76,0.006377179412388903,7.721779535177977,2023-04-27,2023-03-31,7.69394803365208,1.7469661712236966,2.735208028505249,0.8203468245861391,6.680000000000007
sh601985,2023-03-17,6.7,6.85,6.69,6.77,0.013473053892215647,126581973.0,859089484.0,127617219894.89,127617219894.89,0.006715080910834934,7.825815486999237,2023-04-27,2023-03-31,7.797609010153381,1.7705031405964708,2.7720596336797207,0.831399401564096,6.770000000000008
sh601985,2023-03-20,6.8,7.02,6.68,6.72,-0.00738552437223039,209235211.0,1436543752.0,126674699807.04,126674699807.04,0.011099774620044986,7.768017735987426,2023-04-27,2023-03-31,7.74001957876377,1.757427046500485,2.751586519693903,0.8252590810207866,6.720000000000008
sh601985,2023-03-21,6.76,6.83,6.63,6.65,-0.01041666666666663,124001577.0,829839866.0,125355171684.05,125355171684.05,0.006578192793899082,7.68710088457089,2023-04-27,2023-03-31,7.659394374818314,1.7391205147661053,2.7229241601137586,0.8166626322601535,6.6500000000000075
sh601985,2023-03-22,6.69,6.81,6.62,6.75,0.015037593984962294,118788287.0,800231506.0,127240211859.75,127240211859.75,0.006301631579596895,7.802696386594513,2023-04-27,2023-03-31,7.7745732375975365,1.7652727029580766,2.763870388085394,0.8289432733467723,6.750000000000007
sh601985,2023-03-23,6.73,6.78,6.66,6.76,0.001481481481481417,84149101.0,565816970.0,127428715877.32,127428715877.32,0.004464048145220653,7.814255936796874,2023-04-27,2023-03-31,7.786091123875458,1.7678879217772738,2.7679650108825573,0.8301713374554341,6.760000000000007
sh601985,2023-03-24,6.77,6.77,6.53,6.56,-0.029585798816568087,164251313.0,1085246645.0,123658635525.92,123658635525.92,0.008713411794473087,7.583064932749629,2023-04-27,2023-03-31,7.555733398317012,1.7155835453933306,2.6860725549392863,0.8056100552821964,6.560000000000006
sh601985,2023-03-27,6.6,6.62,6.43,6.46,-0.015243902439024293,112327480.0,727214959.0,121773595350.22,121773595350.22,0.0059588905026009735,7.467469430726007,2023-04-27,2023-03-31,7.440554535537791,1.6894313572013593,2.645126326967651,0.7933294141955777,6.460000000000006
sh601985,2023-03-28,6.46,6.51,6.39,6.43,-0.004643962848297267,86524272.0,557853078.0,121208083297.51,121208083297.51,0.0045900492262914054,7.4327907801189195,2023-04-27,2023-03-31,7.406000876704023,1.6815857007437678,2.6328424585761603,0.789645221869592,6.430000000000005
sh601985,2023-03-29,6.45,6.45,6.32,6.35,-0.01244167962674958,81383732.0,518221135.0,119700051156.95,119700051156.95,0.004317347346179429,7.340314378500022,2023-04-27,2023-03-31,7.313857786480645,1.6606639501901905,2.600085476198852,0.7798207090002969,6.350000000000006
sh601985,2023-03-30,6.36,6.49,6.35,6.45,0.015748031496063186,78892055.0,507733686.0,121585091332.65,121585091332.65,0.004185165707182015,7.455909880523645,2023-04-27,2023-03-31,7.429036649259868,1.6868161383821623,2.6410317041704876,0.7921013500869157,6.450000000000007
sh601985,2023-03-31,6.48,6.49,6.37,6.39,-0.009302325581395432,55943088.0,358963720.0,120454067227.23,120454067227.23,0.0029677398243899934,7.3865525793094715,2023-04-27,2023-03-31,7.359929331592334,1.671124825466979,2.616463967387506,0.7847329654349444,6.390000000000007
sh601985,2023-04-03,6.37,6.42,6.33,6.4,0.0015649452269170805,64160876.0,409406893.0,120642571244.8,120642571244.8,0.0034036874559543106,7.398112129511834,2023-04-27,2023-03-31,7.371447217870257,1.6737400442861765,2.62055859018467,0.7859610295436064,6.4000000000000075
sh601985,2023-04-04,6.4,6.7,6.38,6.64,0.03749999999999987,159765635.0,1051740638.0,125166667666.48,125166667666.48,0.008475449863590936,7.6755413343685275,2023-04-27,2023-03-31,7.647876488540391,1.7365052959469078,2.7188295373165947,0.8154345681514915,6.640000000000007
sh601985,2023-04-06,6.63,6.65,6.56,6.61,-0.004518072289156572,67406275.0,444716520.0,124729890869.9,124729890869.9,0.0035721628123184875,7.6408626837614415,2023-04-27,2023-03-31,7.6211887524555335,1.7304456537550355,2.7093420141772833,0.812589058998473,6.610000000000007
sh601985,2023-04-07,6.62,6.62,6.53,6.56,-0.0075642965204236745,50895100.0,334016838.0,123786396990.4,123786396990.4,0.0026971611107308724,7.583064932749629,2023-04-27,2023-03-31,7.563539820893841,1.717356049717554,2.6888477478068045,0.8064423944069565,6.560000000000006
sh601985,2023-04-10,6.56,6.64,6.55,6.59,0.004573170731707377,65206726.0,430382379.0,124352493318.1,124352493318.1,0.0034555987811259563,7.617743583356717,2023-04-27,2023-03-31,7.598129179830857,1.7252098121400428,2.7011443076290917,0.8101303931618664,6.590000000000007
sh601985,2023-04-11,6.6,6.61,6.52,6.61,0.003034901365705611,57903002.0,380648827.0,124729890869.9,124729890869.9,0.0030685414743064055,7.6408626837614415,2023-04-27,2023-03-31,7.6211887524555335,1.7304456537550355,2.7093420141772833,0.812589058998473,6.610000000000007
sh601985,2023-04-12,6.61,6.8,6.57,6.72,0.016641452344931862,95603697.0,641795921.0,126805577404.8,126805577404.8,0.005066471499034245,7.768017735987425,2023-04-27,2023-03-31,7.7480164018912525,1.7592427826374943,2.754429400192336,0.8261117210998091,6.720000000000006
sh601985,2023-04-13,6.72,6.85,6.69,6.74,0.0029761904761904656,76304486.0,516005225.0,127182974956.6,127182974956.6,0.004043719183448079,7.791136836392149,2023-04-27,2023-03-31,7.77107597451593,1.764478624252487,2.7626271067405277,0.8285703869364157,6.740000000000006
sh601985,2023-04-14,6.75,6.82,6.71,6.78,0.005934718100890191,71772610.0,485978960.0,127937770060.2,127937770060.2,0.003803554615427688,7.837375037201599,2023-04-27,2023-03-31,7.817195119765282,1.774950307482472,2.7790225198369107,0.8334877186096289,6.7800000000000065
sh601985,2023-04-17,6.78,6.9,6.7,6.88,0.014749262536873031,108571139.0,741135965.0,129824757819.2,129824757819.2,0.005753674791061535,7.952970539225221,2023-04-27,2023-03-31,7.932492982888664,1.8011295155574347,2.820011052577868,0.8457810477926617,6.880000000000006
sh601985,2023-04-18,6.87,6.87,6.78,6.79,-0.013081395348837233,66350053.0,451621583.0,128126468836.1,128126468836.1,0.0035161888403113907,7.848934587403961,2023-04-27,2023-03-31,7.82872490607762,1.7775682282899683,2.7831213731110065,0.8347170515279322,6.790000000000006
sh601985,2023-04-19,6.77,6.93,6.76,6.81,0.002945508100147265,94537610.0,649674808.0,128503866387.9,128503866387.9,0.005009974736142419,7.872053687808685,2023-04-27,2023-03-31,7.851784478702296,1.7828040699049608,2.791319079659198,0.8371757173645387,6.810000000000007
sh601985,2023-04-20,6.8,6.86,6.72,6.81,0.0,87093110.0,590808715.0,128503866387.9,128503866387.9,0.004615457073561228,7.872053687808685,2023-04-27,2023-03-31,7.851784478702296,1.7828040699049608,2.791319079659198,0.8371757173645387,6.810000000000007
sh601985,2023-04-21,6.81,6.89,6.71,6.72,-0.013215859030836996,82256352.0,558409461.0,126805577404.8,126805577404.8,0.004359135431996197,7.768017735987425,2023-04-27,2023-03-31,7.7480164018912525,1.7592427826374943,2.754429400192336,0.8261117210998091,6.720000000000006
sh601985,2023-04-24,6.7,6.84,6.69,6.76,0.005952380952380931,86978075.0,589444480.0,127560372508.4,127560372508.4,0.004609360849595209,7.814255936796874,2023-04-27,2023-03-31,7.7941355471406055,1.7697144658674795,2.770824813288719,0.8310290527730223,6.760000000000007
sh601985,2023-04-25,6.79,6.87,6.69,6.79,0.004437869822485174,82075807.0,555919630.0,128126468836.1,128126468836.1,0.004349567537390686,7.848934587403961,2023-04-27,2023-03-31,7.82872490607762,1.7775682282899683,2.7831213731110065,0.8347170515279322,6.790000000000006
sh601985,2023-04-26,6.77,6.84,6.66,6.74,-0.007363770250368162,86190295.0,580675374.0,127182974956.6,127182974956.6,0.004567612831027379,7.791136836392149,2023-04-27,2023-03-31,7.77107597451593,1.764478624252487,2.7626271067405277,0.8285703869364157,6.740000000000006
sh601985,2023-04-27,6.65,6.81,6.5,6.77,0.004451038575667532,122964438.0,820700703.0,127749071284.3,127749071284.3,0.006516440682432641,7.825815486999236,2023-04-27,2023-03-31,7.805665333452944,1.7723323866749756,2.774923666562815,0.8322583856913255,6.770000000000006
sh601985,2023-04-28,6.79,6.9,6.73,6.9,0.019202363367799125,102362269.0,700897544.0,130202155371.0,130202155371.0,0.005424638740330058,7.976089639629945,2023-04-27,2023-03-31,7.95555255551334,1.8063653571724274,2.82820875912606,0.8482397136292684,6.900000000000007
sh601985,2023-05-04,6.87,7.17,6.86,7.16,0.03768115942028971,190610630.0,1348512783.0,135108323544.4,135108323544.4,0.010101317779666635,8.276637944891363,2023-04-27,2023-03-31,8.255326999634132,1.8744312981673303,2.9347789442525487,0.8802023695051538,7.160000000000006
sh601985,2023-05-05,7.15,7.18,7.03,7.09,-0.009776536312849249,103907363.0,736787624.0,133787432113.1,133787432113.1,0.0055065202465894745,8.195721093474827,2023-04-27,2023-03-31,8.174618495447765,1.8561058525148564,2.9060869713338784,0.8715970390770308,7.090000000000005
sh601985,2023-05-08,7.08,7.33,7.06,7.23,0.019746121297602448,168925325.0,1222389490.0,136429214975.7,136429214975.7,0.008952115571195924,8.357554796307898,2023-04-27,2023-03-31,8.3360355038205,1.8927567438198043,2.963470917171219,0.8888076999332769,7.230000000000007
sh601985,2023-05-09,7.26,7.32,7.09,7.09,-0.019363762102351356,130878009.0,942031968.0,133787432113.1,133787432113.1,0.00693581653488617,8.195721093474827,2023-04-27,2023-03-31,8.174618495447765,1.8561058525148564,2.9060869713338784,0.8715970390770308,7.090000000000006
sh601985,2023-05-10,7.06,7.22,7.05,7.12,0.004231311706629048,113045283.0,807286175.0,134353528440.8,134353528440.8,0.005990779879775574,8.230399744081915,2023-04-27,2023-03-31,8.20920785438478,1.8639596149373452,2.9183835311561657,0.8752850378319407,7.120000000000006
sh601985,2023-05-11,7.12,7.3,7.07,7.16,0.00561797752808979,90329479.0,648404174.0,135108323544.4,135108323544.4,0.004786966877192127,8.276637944891363,2023-04-27,2023-03-31,8.255326999634132,1.8744312981673303,2.9347789442525487,0.8802023695051538,7.1600000000000055
sh601985,2023-05-12,7.19,7.3,7.11,7.16,0.0,101287821.0,730747977.0,135108323544.4,135108323544.4,0.0053676988903031886,8.276637944891363,2023-04-27,2023-03-31,8.255326999634132,1.8744312981673303,2.9347789442525487,0.8802023695051538,7.1600000000000055
sh601985,2023-05-15,7.2,7.24,6.94,7.02,-0.019553072625698387,179529049.0,1259808003.0,132466540681.8,132466540681.8,0.009514054775593275,8.114804242058291,2023-04-27,2023-03-31,8.093909991261398,1.8377804068623824,2.877394998415208,0.8629917086489077,7.020000000000005
sh601985,2023-05-16,7.04,7.1,6.98,7.01,-0.0014245014245013454,75036156.0,527938906.0,132277841905.9,132277841905.9,0.003976504650976912,8.103244691855929,2023-04-27,2023-03-31,8.08238020494906,1.835162486054886,2.8732961451411128,0.8617623757306044,7.010000000000006
sh601985,2023-05-17,7.0,7.16,6.96,7.1,0.012838801711840153,70471254.0,498357341.0,133976130889.0,133976130889.0,0.0037345898861233682,8.207280643677187,2023-04-27,2023-03-31,8.186148281760103,1.8587237733223525,2.910185824607974,0.8728263719953341,7.100000000000005
sh601985,2023-05-18,7.1,7.18,7.02,7.07,-0.00422535211267594,78751454.0,557819384.0,133410034561.3,133410034561.3,0.004173395064403277,8.172601993070101,2023-04-27,2023-03-31,8.151558922823089,1.850870010899864,2.8978892647856873,0.8691383732404242,7.070000000000005
sh601985,2023-05-19,7.06,7.06,6.92,6.93,-0.01980198019801993,79885296.0,556974729.0,130768251698.7,130768251698.7,0.004233482470619461,8.010768290237028,2023-04-27,2023-03-31,7.990141914450354,1.814219119594916,2.8405053189483467,0.8519277123841782,6.930000000000003
sh601985,2023-05-22,6.92,7.06,6.92,7.01,0.011544011544011523,68368452.0,479546263.0,132277841905.9,132277841905.9,0.0036231529152171886,8.103244691855926,2023-04-27,2023-03-31,8.08238020494906,1.835162486054886,2.8732961451411128,0.8617623757306044,7.010000000000003
sh601985,2023-05-23,7.01,7.03,6.86,6.87,-0.0199714693295292,66310700.0,459131646.0,129636059043.3,129636059043.3,0.0035141033471855184,7.941410989022855,2023-04-27,2023-03-31,7.920963196576325,1.7985115947499384,2.8159121993037726,0.8445517148743584,6.870000000000003
sh601985,2023-05-24,6.85,6.89,6.77,6.78,-0.013100436681222738,60198214.0,410188892.0,127937770060.2,127937770060.2,0.003190175119731659,7.8373750372015945,2023-04-27,2023-03-31,7.817195119765282,1.774950307482472,2.7790225198369107,0.8334877186096289,6.780000000000003
sh601985,2023-05-25,6.78,6.92,6.75,6.86,0.01179941002949847,63293714.0,433944459.0,129447360267.4,129447360267.4,0.003354219639111077,7.929851438820491,2023-04-27,2023-03-31,7.909433410263988,1.7958936739424423,2.811813346029677,0.8433223819560552,6.860000000000002
sh601985,2023-05-26,6.87,6.99,6.84,6.98,0.017492711370262315,64368635.0,446425528.0,131711745578.2,131711745578.2,0.0034111845555432666,8.068566041248838,2023-04-27,2023-03-31,8.047790846012045,1.8273087236323975,2.8609995853188255,0.8580743769756947,6.980000000000002
sh601985,2023-05-29,6.95,7.13,6.95,7.09,0.015759312320916763,72082638.0,510101301.0,133787432113.1,133787432113.1,0.0038199843987435215,8.195721093474821,2023-04-27,2023-03-31,8.174618495447765,1.8561058525148564,2.9060869713338784,0.8715970390770308,7.090000000000002
sh601985,2023-05-30,7.09,7.17,7.02,7.13,0.005641748942172065,74812155.0,530641233.0,134542227216.7,134542227216.7,0.003964633826752874,8.241959294284271,2023-04-27,2023-03-31,8.220737640697118,1.8665775357448415,2.9224823844302614,0.876514370750244,7.130000000000002
sh601985,2023-05-31,7.11,7.12,7.03,7.04,-0.012622720897615736,52069599.0,368057779.0,132843938233.6,132843938233.6,0.0027594031149197297,8.137923342463012,2023-04-27,2023-03-31,8.116969563886075,1.843016248477375,2.8855927049634,0.8654503744855143,7.040000000000002
sh601985,2023-06-01,7.05,7.13,6.97,7.0,-0.005681818181818232,69438110.0,488763079.0,132089143129.99998,132089143129.99998,0.00367983892152,8.091685141653562,2023-04-27,2023-03-31,8.07085041863672,1.8325445652473897,2.8691972918670166,0.860533042812301,7.000000000000001
sh601985,2023-06-02,7.02,7.03,6.9,6.93,-0.010000000000000009,63218871.0,438786808.0,130768251698.7,130768251698.7,0.0033502533706685268,8.010768290237026,2023-04-27,2023-03-31,7.990141914450354,1.814219119594916,2.8405053189483467,0.8519277123841782,6.930000000000001
sh601985,2023-06-05,6.94,6.95,6.82,6.84,-0.012987012987012991,74594899.0,512442775.0,129069962715.6,129069962715.6,0.003953120450528582,7.9067323384157655,2023-04-27,2023-03-31,7.886373837639311,1.7906578323274496,2.8036156394814853,0.8408637161194485,6.840000000000001
sh601985,2023-06-06,6.85,6.86,6.69,6.7,-0.020467836257309857,82966822.0,561156097.0,126428179853.0,126428179853.0,0.0043967864446544085,7.744898635582694,2023-04-27,2023-03-31,7.724956829266577,1.7540069410225019,2.746231693644145,0.8236530552632026,6.700000000000001
sh601985,2023-06-07,6.69,6.75,6.66,6.71,0.0014925373134329067,49012666.0,328439516.0,126616878628.9,126616878628.9,0.002597402434977852,7.756458185785057,2023-04-27,2023-03-31,7.736486615578915,1.756624861829998,2.7503305469182404,0.8248823881815058,6.710000000000002
sh601985,2023-06-08,6.69,6.84,6.68,6.84,0.019374068554396384,66504844.0,450144498.0,129069962715.6,129069962715.6,0.0035243919141925923,7.9067323384157655,2023-04-27,2023-03-31,7.886373837639311,1.7906578323274496,2.8036156394814853,0.8408637161194485,6.840000000000001
sh601985,2023-06-09,6.82,6.91,6.79,6.88,0.005847953216374213,61825880.0,423622906.0,129824757819.2,129824757819.2,0.0032764324890355583,7.9529705392252135,2023-04-27,2023-03-31,7.932492982888664,1.8011295155574347,2.820011052577868,0.8457810477926617,6.88
